path,compound,kind,polytype,ground_state,dE_per_RE_meV,net_moment_uB,mu0Ms_T,volume_A3,tm_moment_total,re_moment_total,n_re,flags,validity,credible,predicted_RE,applies_to_parents
"binary/Dy/Laves-C15/Fe2Gd_sub","Fe2Gd_sub","Gd_surrogate","Laves-C15","ferromagnetic","2031.82","42.0","2.554","191.65","15.017","26.928","4","ferri:NOT_CONVERGED;TM_SUBLATTICE_CHANGED;EXCHANGE_ENERGY_IMPLAUSIBLE","TM_SUBLATTICE_CHANGED;EXCHANGE_ENERGY_IMPLAUSIBLE","False","Dy:3.349T Er:3.106T Ho:3.349T","Dy3Fe8Ho DyFe4Ho ErFe4Ho DyErFe4"
"binary/Dy/RT3-PuNi3/Fe3Gd_sub","Fe3Gd_sub","Gd_surrogate","RT3-PuNi3","","","","","365.92","36.93","40.402","6","ok","","","","Dy5Fe18Tb"
"binary/Dy/Th2Zn17/Co17Gd2_sub","Co17Gd2_sub","Gd_surrogate","Th2Zn17","ferrimagnetic","-228.28","11.0","0.534","240.08","26.577","-14.11","2","ok","ok","True","Dy:0.248T Er:0.345T Tb:0.345T Tm:0.539T","Co17DyTb Co17DyTm Co17ErTm"
"binary/Dy/new-C2_m/Co3Gd2_sub","Co3Gd2_sub","Gd_surrogate","new-C2_m","","","","","173.78","6.017","27.677","4","ok","","","","Co6Dy3Tb Co6HoTb3"
"binary/Dy/new-Cmce/Co3Gd2_sub","Co3Gd2_sub","Gd_surrogate","new-Cmce","","","","","174.71","6.039","27.669","4","ok","","","","Co6DyTb3 Co3DyTb Co3DyHo"
"binary/Er/Laves-C15/Co2Gd_sub","Co2Gd_sub","Gd_surrogate","Laves-C15","","","","","91.46","4.071","13.635","2","ok","","","","Co4ErGd Co4HoTm"
"binary/Er/RT3-PuNi3/Fe3Gd_sub","Fe3Gd_sub","Gd_surrogate","RT3-PuNi3","ferromagnetic","2779.92","36.0","2.324","180.54","15.935","20.215","3","ferri:NOT_CONVERGED;TM_SUBLATTICE_CHANGED;EXCHANGE_ENERGY_IMPLAUSIBLE","TM_SUBLATTICE_CHANGED;EXCHANGE_ENERGY_IMPLAUSIBLE","False","Dy:2.955T Er:2.762T Ho:2.955T Tb:2.762T Tm:2.375T","Er2Fe9Tb Fe9Ho2Tb DyErFe9Tb DyErFe9Ho DyErFe9Tm Dy2Fe9Tb Fe9HoTb2"
"binary/Er/new-Imm2/Co23Gd6_sub","Co23Gd6_sub","Gd_surrogate","new-Imm2","ferrimagnetic","-207.52","-14.3856","0.413","406.05","32.594","-42.598","6","ok","ok","True","Er:0.74T Tm:0.396T","Co23Er4Tm2"
"binary/Er/new-R-3m/Fe7Gd2_sub","Fe7Gd2_sub","Gd_surrogate","new-R-3m","","","","","263.36","","","","ok","","","","ErFe7Ho DyFe14Tb3"
"binary/Er/new-R3m/Co23Gd6_sub","Co23Gd6_sub","Gd_surrogate","new-R3m","","","","","403.5","30.804","40.779","6","ok","","","","Co23Er3Tm3 Co23Dy3Tm3 Co23Dy3Er3"
"binary/Gd/Laves-C15/GdFe2_validation","GdFe2_validation","validation","Laves-C15","ferrimagnetic","-352.09","-6.9815","0.81","100.48","9.044","-14.386","2","ok","ok","True","Gd:0.765T",""
"binary/Ho/new-Aem2/Co3Gd2_sub","Co3Gd2_sub","Gd_surrogate","new-Aem2","","","","","172.87","6.001","27.682","4","ok","","","","Co3HoTb"
"binary/Tb/RT3-PuNi3/Fe3Gd_sub","Fe3Gd_sub","Gd_surrogate","RT3-PuNi3","","","","","359.23","","","","ok","","","","Fe6TbTm Fe6HoTm"
"binary/Tb/RT3-PuNi3/Fe3Gd_sub_R3m","Fe3Gd_sub_R3m","Gd_surrogate","RT3-PuNi3","ferromagnetic","1079.0","36.0","2.299","182.48","16.006","20.201","3","ferri:NOT_CONVERGED;TM_SUBLATTICE_CHANGED;EXCHANGE_ENERGY_IMPLAUSIBLE","TM_SUBLATTICE_CHANGED;EXCHANGE_ENERGY_IMPLAUSIBLE","False","Er:2.733T Tb:2.733T Tm:2.35T","Fe9Tb2Tm ErFe9Tb2"
"binary/Tb/Th2Zn17/Co17Gd2_sub","Co17Gd2_sub","Gd_surrogate","Th2Zn17","ferrimagnetic","-229.43","11.0","0.531","241.49","26.611","-14.112","2","ok","ok","True","Dy:0.247T Er:0.343T Gd:0.536T Ho:0.247T Tb:0.343T Tm:0.536T","Co17GdTb Co17HoTb Co17ErTb Co17DyHo Co17DyEr Co17ErHo Co17TbTm Co17HoTm"
"quaternary/Dy/CaCu5-RT4X/CoFe3GdY_sub","CoFe3GdY_sub","Gd_surrogate","CaCu5-RT4X","ferrimagnetic","-344.95","-0.4906","0.059","96.69","8.115","-7.158","1","ok","ok","True","Dy:0.402T Ho:0.402T","CoDyFe3Y CoFe3HoY"
"quaternary/Dy/ThMn12-stabilized/Fe12GdHfP7_sub","Fe12GdHfP7_sub","Gd_surrogate","ThMn12-stabilized","ferrimagnetic","-5.36","-6.8796","0.323","247.93","0.369","-6.885","1","TM_SUBLATTICE_CHANGED;NO_TM_MOMENT;dE_WITHIN_NOISE","TM_SUBLATTICE_CHANGED;NO_TM_MOMENT;dE_WITHIN_NOISE","False","Dy:0.47T","DyFe12HfP7"
"quaternary/Dy/ThMn12-stabilized/Fe12GdLuP7_sub","Fe12GdLuP7_sub","Gd_surrogate","ThMn12-stabilized","ferromagnetic","6.29","6.0716","0.281","251.75","-1.017","6.886","1","TM_SUBLATTICE_CHANGED;NO_TM_MOMENT;dE_WITHIN_NOISE","TM_SUBLATTICE_CHANGED;NO_TM_MOMENT;dE_WITHIN_NOISE","False","Dy:0.425T Tm:0.286T","DyFe12LuP7 Fe12LuP7Tm"
"quaternary/Dy/ThMn12-stabilized/Fe12GdMgP7_sub","Fe12GdMgP7_sub","Gd_surrogate","ThMn12-stabilized","","","","","248.28","0.195","6.882","1","ok","","","","DyFe12MgP7 Fe12MgP7Tm"
"quaternary/Dy/ThMn12-stabilized/Fe12GdP7Sc_sub","Fe12GdP7Sc_sub","Gd_surrogate","ThMn12-stabilized","ferromagnetic","4.92","6.2905","0.296","247.81","-0.771","6.884","1","TM_SUBLATTICE_CHANGED;NO_TM_MOMENT;dE_WITHIN_NOISE","TM_SUBLATTICE_CHANGED;NO_TM_MOMENT;dE_WITHIN_NOISE","False","Dy:0.442T","DyFe12P7Sc"
"quaternary/Dy/ThMn12-stabilized/Fe12GdP7Y_sub","Fe12GdP7Y_sub","Gd_surrogate","ThMn12-stabilized","ferromagnetic","1.88","6.3427","0.294","251.18","-0.735","6.883","1","TM_SUBLATTICE_CHANGED;NO_TM_MOMENT;dE_WITHIN_NOISE","TM_SUBLATTICE_CHANGED;NO_TM_MOMENT;dE_WITHIN_NOISE","False","Dy:0.439T Tm:0.3T","DyFe12P7Y Fe12P7TmY"
"quaternary/Dy/ThMn12-stabilized/Fe12GdP7Zr_sub","Fe12GdP7Zr_sub","Gd_surrogate","ThMn12-stabilized","ferrimagnetic","-5.22","-6.8849","0.323","248.21","0.357","-6.885","1","TM_SUBLATTICE_CHANGED;NO_TM_MOMENT;dE_WITHIN_NOISE","TM_SUBLATTICE_CHANGED;NO_TM_MOMENT;dE_WITHIN_NOISE","False","Dy:0.47T Tm:0.329T","DyFe12P7Zr Fe12P7TmZr"
"quaternary/Dy/new-Cm/C2Fe14Ga3Gd2_sub","C2Fe14Ga3Gd2_sub","Gd_surrogate","new-Cm","ferrimagnetic","-169.31","11.0138","0.48","267.54","27.111","-14.019","2","ok","ok","True","Dy:0.219T Er:0.306T","C2DyErFe14Ga3"
"quaternary/Dy/new-P-6m2/B4Fe14Gd5Y_sub","B4Fe14Gd5Y_sub","Gd_surrogate","new-P-6m2","ferrimagnetic","-23.94","-30.6555","1.08","330.87","6.526","-34.773","5","TM_SUBLATTICE_CHANGED;NO_TM_MOMENT;dE_WITHIN_NOISE","TM_SUBLATTICE_CHANGED;NO_TM_MOMENT;dE_WITHIN_NOISE","False","Dy:1.616T","B4Dy5Fe14Y"
"quaternary/Dy/new-P-6m2/Fe18GdHf4Y_sub","Fe18GdHf4Y_sub","Gd_surrogate","new-P-6m2","ferrimagnetic","-247.47","25.0202","0.853","342.0","36.364","-7.056","1","ok","ok","True","Dy:0.752T Er:0.786T Ho:0.752T Tm:0.854T","DyFe18Hf4Y Fe18Hf4HoY ErFe18Hf4Y Fe18Hf4TmY"
"quaternary/Dy/new-P6_3_mmc/B2Fe7GdLu2_sub","B2Fe7GdLu2_sub","Gd_surrogate","new-P6_3_mmc","ferrimagnetic","-216.88","8.695","0.313","323.39","26.554","-14.082","2","ok","ok","True","Dy:0.1T Tb:0.172T","B2DyFe7Lu2 B2Fe7Lu2Tb"
"quaternary/Dy/new-P6_3_mmc/B2Fe7GdY2_sub","B2Fe7GdY2_sub","Gd_surrogate","new-P6_3_mmc","ferrimagnetic","-222.11","8.6385","0.304","331.59","26.844","-14.098","2","ok","ok","True","Dy:0.096T","B2DyFe7Y2"
"quaternary/Dy/new-Pm/CoFe11Gd2P7_sub","CoFe11Gd2P7_sub","Gd_surrogate","new-Pm","ferromagnetic","0.61","13.9693","0.642","253.43","-0.179","13.763","2","TM_SUBLATTICE_CHANGED;NO_TM_MOMENT;dE_WITHIN_NOISE","TM_SUBLATTICE_CHANGED;NO_TM_MOMENT;dE_WITHIN_NOISE","False","Dy:0.929T","CoDy2Fe11P7"
"quaternary/Dy/new-Pm/CrFe9Gd2P6_sub","CrFe9Gd2P6_sub","Gd_surrogate","new-Pm","ferromagnetic","13.45","32.3393","0.844","446.57","4.072","27.508","4","ferri:NOT_CONVERGED;TM_SUBLATTICE_CHANGED;NO_TM_MOMENT;dE_WITHIN_NOISE;OTHER_SUBLATTICE_CHANGED:Cr","TM_SUBLATTICE_CHANGED;NO_TM_MOMENT;dE_WITHIN_NOISE;OTHER_SUBLATTICE_CHANGED:Cr","False","Dy:1.17T Tm:0.857T","Cr2Dy3Fe18P12Tm"
"quaternary/Dy/new-Pm/Fe11Gd2P7W_sub","Fe11Gd2P7W_sub","Gd_surrogate","new-Pm","ferrimagnetic","-19.34","-10.914","0.493","257.88","3.604","-13.786","2","NO_TM_MOMENT;dE_WITHIN_NOISE","NO_TM_MOMENT;dE_WITHIN_NOISE","False","Dy:0.774T","Dy2Fe11P7W"
"quaternary/Dy/new-Pm/Fe19Gd4P12Ti_sub","Fe19Gd4P12Ti_sub","Gd_surrogate","new-Pm","ferromagnetic","1645.52","27.896","0.721","450.83","-0.687","27.527","4","fm:NOT_CONVERGED;ferri:NOT_CONVERGED;TM_SUBLATTICE_CHANGED;NO_TM_MOMENT;EXCHANGE_ENERGY_IMPLAUSIBLE","TM_SUBLATTICE_CHANGED;NO_TM_MOMENT;EXCHANGE_ENERGY_IMPLAUSIBLE","False","Dy:1.044T","Dy4Fe19P12Ti"
"quaternary/Dy/new-Pm/Fe20Gd3P12Sc_sub","Fe20Gd3P12Sc_sub","Gd_surrogate","new-Pm","ferrimagnetic","-27.02","-16.7367","0.442","440.83","5.079","-20.676","3","fm:NOT_CONVERGED;ferri:NOT_CONVERGED;TM_SUBLATTICE_CHANGED;NO_TM_MOMENT","TM_SUBLATTICE_CHANGED;NO_TM_MOMENT","False","Dy:0.689T Er:0.61T Tm:0.451T","Dy3Fe20P12Sc Er3Fe20P12Sc Er2Fe20P12ScTm Fe20P12ScTm3"
"quaternary/Dy/new-Pm/Fe20Gd3P12Y_sub","Fe20Gd3P12Y_sub","Gd_surrogate","new-Pm","ferrimagnetic","-54.01","-12.8079","0.336","444.68","8.997","-20.683","3","fm:NOT_CONVERGED;TM_SUBLATTICE_CHANGED;NO_TM_MOMENT","TM_SUBLATTICE_CHANGED;NO_TM_MOMENT","False","Dy:0.58T Tm:0.344T","Dy3Fe20P12Y Fe20P12Tm3Y"
"quaternary/Dy/new-Pm/Fe20GdP12Sc3_sub","Fe20GdP12Sc3_sub","Gd_surrogate","new-Pm","ferrimagnetic","-89.62","0.7016","0.019","431.34","8.212","-6.9","1","fm:NOT_CONVERGED;TM_SUBLATTICE_CHANGED;NO_TM_MOMENT","TM_SUBLATTICE_CHANGED;NO_TM_MOMENT","False","Dy:0.065T Tm:0.016T","DyFe20P12Sc3 Fe20P12Sc3Tm"
"quaternary/Dy/new-Pm/Fe9Gd2P6Ru_sub","Fe9Gd2P6Ru_sub","Gd_surrogate","new-Pm","ferrimagnetic","-937.73","-31.1567","0.814","445.96","-2.895","-27.492","4","fm:NOT_CONVERGED;TM_SUBLATTICE_CHANGED;NO_TM_MOMENT;EXCHANGE_ENERGY_IMPLAUSIBLE","TM_SUBLATTICE_CHANGED;NO_TM_MOMENT;EXCHANGE_ENERGY_IMPLAUSIBLE","False","Dy:1.141T Tm:0.827T","DyFe18P12Ru2Tm3"
"quaternary/Dy/new-Pmc2_1/Fe10GdLuP6_sub","Fe10GdLuP6_sub","Gd_surrogate","new-Pmc2_1","ferromagnetic","4785.67","20.1575","0.533","440.7","5.89","13.752","2","ferri:NOT_CONVERGED;NO_TM_MOMENT;EXCHANGE_ENERGY_IMPLAUSIBLE","NO_TM_MOMENT;EXCHANGE_ENERGY_IMPLAUSIBLE","False","Dy:0.698T Er:0.645T Ho:0.698T","DyFe10LuP6 ErFe10LuP6 Fe10HoLuP6"
"quaternary/Dy/new-Pmc2_1/Fe9Gd2P6Ru_sub","Fe9Gd2P6Ru_sub","Gd_surrogate","new-Pmc2_1","ferromagnetic","4283.25","21.5834","0.559","450.29","-7.328","27.566","4","fm:FLIPPED;ferri:NOT_CONVERGED;NO_TM_MOMENT;EXCHANGE_ENERGY_IMPLAUSIBLE","NO_TM_MOMENT;EXCHANGE_ENERGY_IMPLAUSIBLE","False","Dy:0.88T","Dy2Fe9P6Ru"
"quaternary/Dy/new-Pmc2_1/Fe9Gd2P6Ti_sub","Fe9Gd2P6Ti_sub","Gd_surrogate","new-Pmc2_1","ferrimagnetic","-18.19","-20.333","0.519","456.36","8.416","-27.572","4","TM_SUBLATTICE_CHANGED;NO_TM_MOMENT;dE_WITHIN_NOISE","TM_SUBLATTICE_CHANGED;NO_TM_MOMENT;dE_WITHIN_NOISE","False","Dy:0.837T","Dy2Fe9P6Ti"
"quaternary/Dy/new-R-3m/Fe8GdLu2Ru_sub","Fe8GdLu2Ru_sub","Gd_surrogate","new-R-3m","ferrimagnetic","-283.56","8.7752","0.561","182.45","17.242","-7.074","1","ok","ok","True","Dy:0.374T Tb:0.437T Tm:0.565T","DyFe8Lu2Ru Fe8Lu2RuTb Fe8Lu2RuTm"
"quaternary/Dy/new-R3m/Al3C3Fe14Gd2_sub","Al3C3Fe14Gd2_sub","Gd_surrogate","new-R3m","ferrimagnetic","-148.86","8.9537","0.386","270.2","25.309","-13.981","2","ok","ok","True","Dy:0.127T Er:0.213T Ho:0.127T Tb:0.213T Tm:0.385T","Al3C3DyFe14Tb Al3C3Fe14HoTm Al3C3ErFe14Tb Al3C3DyFe14Tm Al3C3Fe14TbTm"
"quaternary/Dy/new-R3m/C3Fe14Gd2Si3_sub","C3Fe14Gd2Si3_sub","Gd_surrogate","new-R3m","ferrimagnetic","-127.68","8.5265","0.379","262.21","24.532","-13.949","2","ok","ok","True","Dy:0.11T Er:0.199T Tb:0.199T","C3DyErFe14Si3 C3ErFe14Si3Tb"
"quaternary/Dy/new-R3m/Fe18Gd2Sc3Zr_sub","Fe18Gd2Sc3Zr_sub","Gd_surrogate","new-R3m","","","","","341.22","42.069","13.6","2","ok","","","","Dy2Fe18Sc3Zr Fe18Sc3Tm2Zr"
"quaternary/Dy/new-R3m/Fe3GdLuOs_sub","Fe3GdLuOs_sub","Gd_surrogate","new-R3m","ferrimagnetic","-272.35","-1.6611","0.199","97.32","6.18","-7.087","1","OTHER_SUBLATTICE_CHANGED:Os","OTHER_SUBLATTICE_CHANGED:Os","False","Dy:0.548T","DyFe3LuOs"
"quaternary/Dy/new-R3m/Fe9GdHfZr_sub","Fe9GdHfZr_sub","Gd_surrogate","new-R3m","ferrimagnetic","-245.99","8.0","0.544","171.51","17.419","-7.056","1","ok","ok","True","Dy:0.344T Er:0.412T Tm:0.547T","DyFe9HfZr ErFe9HfZr Fe9HfTmZr"
"quaternary/Dy/new-R3m/Fe9GdLuSc_sub","Fe9GdLuSc_sub","Gd_surrogate","new-R3m","ferrimagnetic","-281.85","8.5599","0.573","174.23","17.779","-7.073","1","ok","ok","True","Dy:0.377T Tm:0.577T","DyFe9LuSc Fe9LuScTm"
"quaternary/Dy/new-R3m/Fe9GdLuTi_sub","Fe9GdLuTi_sub","Gd_surrogate","new-R3m","ferrimagnetic","-265.2","8.5987","0.589","170.25","18.356","-7.065","1","ok","ok","True","Dy:0.388T","DyFe9LuTi"
"quaternary/Dy/new-R3m/Fe9GdNbSc_sub","Fe9GdNbSc_sub","Gd_surrogate","new-R3m","ferrimagnetic","-235.58","8.767","0.609","167.67","18.138","-7.046","1","ok","ok","True","Dy:0.404T Er:0.474T","DyFe9NbSc ErFe9NbSc"
"quaternary/Dy/new-R3m/Fe9GdNbTi_sub","Fe9GdNbTi_sub","Gd_surrogate","new-R3m","ferrimagnetic","-216.76","8.3631","0.594","164.09","17.902","-7.031","1","ok","ok","True","Dy:0.383T","DyFe9NbTi"
"quaternary/Dy/new-R3m/Fe9GdNbZr_sub","Fe9GdNbZr_sub","Gd_surrogate","new-R3m","ferrimagnetic","-227.28","9.0283","0.623","168.91","18.412","-7.041","1","ok","ok","True","Dy:0.419T","DyFe9NbZr"
"quaternary/Dy/new-R3m/Fe9GdTiZr_sub","Fe9GdTiZr_sub","Gd_surrogate","new-R3m","ferrimagnetic","-247.53","8.7036","0.602","168.58","18.534","-7.054","1","ok","ok","True","Dy:0.398T","DyFe9TiZr"
"quaternary/Er/CaCu5-RT4X/Fe8Gd2LuRu_sub","Fe8Gd2LuRu_sub","Gd_surrogate","CaCu5-RT4X","ferrimagnetic","-85572.54","0.0019","0.0","182.54","9.673","-7.513","2","ferri:NOT_CONVERGED;TM_SUBLATTICE_CHANGED;EXCHANGE_ENERGY_IMPLAUSIBLE;OTHER_SUBLATTICE_CHANGED:Lu","TM_SUBLATTICE_CHANGED;EXCHANGE_ENERGY_IMPLAUSIBLE;OTHER_SUBLATTICE_CHANGED:Lu","False","Er:0.669T","Er2Fe8LuRu"
"quaternary/Er/new-C2_m/Al3C2Fe14Gd2_sub","Al3C2Fe14Gd2_sub","Gd_surrogate","new-C2_m","ferrimagnetic","-87.64","0.2367","0.01","265.74","15.672","-13.876","2","ok","ok","True","Er:0.17T","Al3C2Er2Fe14"
"quaternary/Er/new-Cm/Al3C2Fe14Gd2_sub","Al3C2Fe14Gd2_sub","Gd_surrogate","new-Cm","ferrimagnetic","-163.64","4.0","0.176","264.98","20.048","-14.01","2","ok","ok","True","Er:0.0T Tb:0.0T","Al3C2ErFe14Tb"
"quaternary/Er/new-Cm/Co2Fe7Gd2Sc_sub","Co2Fe7Gd2Sc_sub","Gd_surrogate","new-Cm","ferrimagnetic","-295.31","0.0","0.0","174.64","16.475","-14.203","2","ferri:NOT_CONVERGED","ok","True","Er:0.253T","Co2Er2Fe7Sc"
"quaternary/Er/new-Cm/CoFe6GdLu_sub","CoFe6GdLu_sub","Gd_surrogate","new-Cm","","","","","267.6","31.512","13.505","2","ok","","","","CoErFe6Lu CoFe6LuTm"
"quaternary/Er/new-Cm/CoFe8GdZr2_sub","CoFe8GdZr2_sub","Gd_surrogate","new-Cm","ferrimagnetic","-240.51","8.0","0.547","170.49","17.45","-7.053","1","ok","ok","True","Er:0.414T","CoErFe8Zr2"
"quaternary/Er/new-Cm/Fe8GdSiZr2_sub","Fe8GdSiZr2_sub","Gd_surrogate","new-Cm","ferrimagnetic","-56547.92","7.0118","0.479","170.73","16.135","-7.034","1","ferri:NOT_CONVERGED;EXCHANGE_ENERGY_IMPLAUSIBLE","EXCHANGE_ENERGY_IMPLAUSIBLE","False","Dy:0.276T Er:0.344T Tm:0.481T","ErFe8SiZr2 Fe8SiTmZr2 DyFe8SiZr2"
"quaternary/Er/new-P-6/Ce4Fe19GdP12_sub","Ce4Fe19GdP12_sub","Gd_surrogate","new-P-6","ferrimagnetic","-6824232.93","-7.1883","0.178","469.65","7.252","-7.178","1","ferri:NOT_CONVERGED;TM_SUBLATTICE_CHANGED;NO_TM_MOMENT;EXCHANGE_ENERGY_IMPLAUSIBLE;OTHER_SUBLATTICE_CHANGED:Ce","TM_SUBLATTICE_CHANGED;NO_TM_MOMENT;EXCHANGE_ENERGY_IMPLAUSIBLE;OTHER_SUBLATTICE_CHANGED:Ce","False","Er:0.224T","Ce4ErFe19P12"
"quaternary/Er/new-P3m1/Co2Fe16GdY5_sub","Co2Fe16GdY5_sub","Gd_surrogate","new-P3m1","ferrimagnetic","-357.11","27.701","0.877","368.25","39.133","-7.149","1","ok","ok","True","Er:0.818T Ho:0.786T Tm:0.881T","Co2ErFe16Y5 Co2Fe16TmY5 Co2Fe16HoY5"
"quaternary/Er/new-P6_mmm/AlCFe3Gd_sub","AlCFe3Gd_sub","Gd_surrogate","new-P6_mmm","ferrimagnetic","-197.17","-7.4325","0.563","153.91","8.034","-14.097","2","ok","ok","True","Er:0.858T Ho:1.01T","AlCErFe3 AlCFe3Ho"
"quaternary/Er/new-P6_mmm/CFe3GaGd_sub","CFe3GaGd_sub","Gd_surrogate","new-P6_mmm","ferrimagnetic","-195.82","-7.4069","0.565","152.87","8.052","-14.101","2","ok","ok","True","Er:0.862T Ho:1.014T","CErFe3Ga CFe3GaHo"
"quaternary/Er/new-Pm/CrFe11Gd2P7_sub","CrFe11Gd2P7_sub","Gd_surrogate","new-Pm","","","","","252.51","","","","ok","","","","CrEr2Fe11P7"
"quaternary/Er/new-Pmc2_1/CrFe9Gd2P6_sub","CrFe9Gd2P6_sub","Gd_surrogate","new-Pmc2_1","ferromagnetic","4010.55","25.9116","0.678","445.46","-2.254","23.65","4","fm:NOT_CONVERGED;ferri:NOT_CONVERGED;TM_SUBLATTICE_CHANGED;NO_TM_MOMENT;EXCHANGE_ENERGY_IMPLAUSIBLE","TM_SUBLATTICE_CHANGED;NO_TM_MOMENT;EXCHANGE_ENERGY_IMPLAUSIBLE","False","Dy:1.106T Er:1.001T Ho:1.106T Tb:1.001T Tm:0.792T","CrEr2Fe9P6 CrFe9HoP6Tm CrDy2Fe9P6 CrDyErFe9P6 CrFe9Ho2P6 CrDyFe9P6Tb Cr2Dy3Fe18P12Tb CrDyFe9P6Tm"
"quaternary/Er/new-Pmc2_1/Fe10GdP6Sc_sub","Fe10GdP6Sc_sub","Gd_surrogate","new-Pmc2_1","ferromagnetic","28.13","20.7929","0.558","434.46","7.04","13.728","2","fm:NOT_CONVERGED;ferri:NOT_CONVERGED;NO_TM_MOMENT","NO_TM_MOMENT","False","Er:0.672T Tm:0.565T","ErFe10P6Sc Fe10P6ScTm"
"quaternary/Er/new-Pmc2_1/Fe9Gd2P6V_sub","Fe9Gd2P6V_sub","Gd_surrogate","new-Pmc2_1","ferromagnetic","1613.48","29.7907","0.776","447.24","2.318","27.498","4","ferri:NOT_CONVERGED;TM_SUBLATTICE_CHANGED;NO_TM_MOMENT;EXCHANGE_ENERGY_IMPLAUSIBLE;OTHER_SUBLATTICE_CHANGED:V","TM_SUBLATTICE_CHANGED;NO_TM_MOMENT;EXCHANGE_ENERGY_IMPLAUSIBLE;OTHER_SUBLATTICE_CHANGED:V","False","Er:0.998T Ho:1.102T","ErFe9HoP6V Fe9Ho2P6V"
"quaternary/Er/new-R-3m/C3Fe14Gd2Si3_sub","C3Fe14Gd2Si3_sub","Gd_surrogate","new-R-3m","ferrimagnetic","-127.79","8.2477","0.368","260.94","24.234","-13.948","2","ok","ok","True","Dy:0.098T Er:0.187T Ho:0.098T Tb:0.187T","C3Er2Fe14Si3 C3Fe14Ho2Si3 C3DyFe14HoSi3 C3Dy2Fe14Si3 C3DyFe14Si3Tb C3Fe14Si3Tb2"
"quaternary/Er/new-R3m/Be3C3Fe14Gd2_sub","Be3C3Fe14Gd2_sub","Gd_surrogate","new-R3m","ferrimagnetic","-151.68","8.0","0.374","249.45","24.154","-13.97","2","ok","ok","True","Dy:0.092T Er:0.185T Ho:0.092T Tm:0.372T","Be3C3ErFe14Tm Be3C3Fe14HoTm Be3C3ErFe14Ho Be3C3DyFe14Tm Be3C3DyErFe14"
"quaternary/Er/new-R3m/CoFe13Gd3Y_sub","CoFe13Gd3Y_sub","Gd_surrogate","new-R3m","ferrimagnetic","-285.22","9.0","0.394","266.4","32.728","-21.298","3","ok","ok","True","Er:0.144T","CoEr3Fe13Y"
"quaternary/Er/new-R3m/CoFe13GdY3_sub","CoFe13GdY3_sub","Gd_surrogate","new-R3m","ferrimagnetic","-348.22","19.6198","0.853","268.11","29.477","-7.14","1","ok","ok","True","Er:0.772T Ho:0.729T","CoErFe13Y3 CoFe13HoY3"
"quaternary/Er/new-R3m/Fe3GdOsY_sub","Fe3GdOsY_sub","Gd_surrogate","new-R3m","ferrimagnetic","-284.46","-1.6407","0.194","98.76","6.276","-7.097","1","OTHER_SUBLATTICE_CHANGED:Os","OTHER_SUBLATTICE_CHANGED:Os","False","Dy:0.536T Er:0.418T Ho:0.536T","ErFe3OsY Fe3HoOsY DyFe3OsY"
"quaternary/Er/new-R3m/Fe8GdHfZr2_sub","Fe8GdHfZr2_sub","Gd_surrogate","new-R3m","ferrimagnetic","-371993.12","7.1779","0.469","178.38","17.332","-7.066","1","ferri:NOT_CONVERGED;EXCHANGE_ENERGY_IMPLAUSIBLE","EXCHANGE_ENERGY_IMPLAUSIBLE","False","Er:0.343T","ErFe8HfZr2"
"quaternary/Er/new-R3m/Fe9GdLuNb_sub","Fe9GdLuNb_sub","Gd_surrogate","new-R3m","ferrimagnetic","-245.08","9.2321","0.628","171.32","18.613","-7.053","1","ok","ok","True","Er:0.496T","ErFe9LuNb"
"quaternary/Er/new-R3m/Fe9GdTaTi_sub","Fe9GdTaTi_sub","Gd_surrogate","new-R3m","ferrimagnetic","-210.29","8.0","0.573","162.57","17.364","-7.025","1","ok","ok","True","Er:0.432T Tm:0.575T","ErFe9TaTi Fe9TaTiTm"
"quaternary/Gd/new-C2_m/C2Fe12Ga5Gd2_nat","C2Fe12Ga5Gd2_nat","native","new-C2_m","ferrimagnetic","-106.61","8.5322","0.353","281.76","24.404","-13.962","2","ok","ok","True","Gd:0.351T","C2Fe12Ga5Gd2"
"quaternary/Ho/new-C2_m/Al2C3Fe15Gd2_sub","Al2C3Fe15Gd2_sub","Gd_surrogate","new-C2_m","ferrimagnetic","-165.62","12.0","0.523","267.49","28.259","-13.99","2","ok","ok","True","Er:0.348T Ho:0.261T","Al2C3Fe15Ho2 Al2C3Er2Fe15"
"quaternary/Ho/new-C2_m/AlC3Fe16Gd2_sub","AlC3Fe16Gd2_sub","Gd_surrogate","new-C2_m","ferrimagnetic","-183.12","16.0","0.696","267.91","32.178","-14.002","2","ok","ok","True","Ho:0.435T","AlC3Fe16Ho2"
"quaternary/Ho/new-C2_m/Be2C3Fe15Gd2_sub","Be2C3Fe15Gd2_sub","Gd_surrogate","new-C2_m","ferrimagnetic","-170.0","12.0","0.546","256.35","28.175","-13.988","2","ok","ok","True","Ho:0.272T","Be2C3Fe15Ho2"
"quaternary/Ho/new-Cm/Fe6Gd3Os2Y_sub","Fe6Gd3Os2Y_sub","Gd_surrogate","new-Cm","ferromagnetic","13485.87","31.0","1.824","198.03","10.729","20.299","3","ferri:NOT_CONVERGED;TM_SUBLATTICE_CHANGED;EXCHANGE_ENERGY_IMPLAUSIBLE;OTHER_SUBLATTICE_CHANGED:Os","TM_SUBLATTICE_CHANGED;EXCHANGE_ENERGY_IMPLAUSIBLE;OTHER_SUBLATTICE_CHANGED:Os","False","Ho:2.395T","Fe6Ho3Os2Y"
"quaternary/Ho/new-P3m1/B4Fe14GdY5_sub","B4Fe14GdY5_sub","Gd_surrogate","new-P3m1","ferrimagnetic","-310.42","15.8297","0.556","331.79","26.884","-7.122","1","ok","ok","True","Dy:0.455T Er:0.49T Ho:0.455T","B4Fe14HoY5 B4DyFe14Y5 B4ErFe14Y5"
"quaternary/Ho/new-P3m1/Co2Fe16Gd3Y3_sub","Co2Fe16Gd3Y3_sub","Gd_surrogate","new-P3m1","ferromagnetic","346.74","55.9821","1.784","365.76","37.843","20.152","3","TM_SUBLATTICE_CHANGED;OTHER_SUBLATTICE_CHANGED:Y","TM_SUBLATTICE_CHANGED;OTHER_SUBLATTICE_CHANGED:Y","False","Ho:2.098T","Co2Fe16Ho3Y3"
"quaternary/Ho/new-P3m1/Fe18GdLu3Y2_sub","Fe18GdLu3Y2_sub","Gd_surrogate","new-P3m1","ferrimagnetic","-266.09","20.6567","0.672","358.33","30.916","-7.147","1","ok","ok","True","Dy:0.579T Ho:0.579T","Fe18HoLu3Y2 DyFe18Lu3Y2"
"quaternary/Ho/new-P6_mmm/B2Fe8GdLu_sub","B2Fe8GdLu_sub","Gd_surrogate","new-P6_mmm","ferrimagnetic","-248.77","7.9561","0.603","153.76","16.444","-7.044","1","ok","ok","True","Dy:0.379T Er:0.455T Ho:0.379T Tb:0.455T Tm:0.606T","B2Fe8HoLu B2DyFe8Lu B2Fe8LuTb B2ErFe8Lu B2Fe8LuTm"
"quaternary/Ho/new-Pm/Fe11Gd2NiP7_sub","Fe11Gd2NiP7_sub","Gd_surrogate","new-Pm","","","","","254.15","0.698","13.747","2","ok","","","","Fe11Ho2NiP7 DyFe11NiP7Tb Dy2Fe11NiP7 Fe11NiP7Tm2"
"quaternary/Ho/new-Pm/Fe11Gd2OsP7_sub","Fe11Gd2OsP7_sub","Gd_surrogate","new-Pm","","","","","255.08","0.258","13.753","2","ok","","","","Fe11Ho2OsP7"
"quaternary/Ho/new-Pm/Fe20GdLu3P12_sub","Fe20GdLu3P12_sub","Gd_surrogate","new-Pm","ferrimagnetic","-119.67","-0.9044","0.024","437.97","6.236","-6.883","1","TM_SUBLATTICE_CHANGED;NO_TM_MOMENT","TM_SUBLATTICE_CHANGED;NO_TM_MOMENT","False","Ho:0.107T","Fe20HoLu3P12"
"quaternary/Ho/new-Pm/Fe20GdP12Y3_sub","Fe20GdP12Y3_sub","Gd_surrogate","new-Pm","ferrimagnetic","-9061511.75","-20.6962","0.54","446.54","-3.88","-7.404","1","ferri:NOT_CONVERGED;TM_SUBLATTICE_CHANGED;NO_TM_MOMENT;EXCHANGE_ENERGY_IMPLAUSIBLE;OTHER_SUBLATTICE_CHANGED:Y","TM_SUBLATTICE_CHANGED;NO_TM_MOMENT;EXCHANGE_ENERGY_IMPLAUSIBLE;OTHER_SUBLATTICE_CHANGED:Y","False","Dy:0.608T Ho:0.608T","Fe20HoP12Y3 DyFe20P12Y3"
"quaternary/Ho/new-R-3m/Al3Fe6GdZr2_sub","Al3Fe6GdZr2_sub","Gd_surrogate","new-R-3m","ferrimagnetic","-215.37","1.1467","0.074","181.38","10.5","-7.061","1","ok","ok","True","Dy:0.115T Ho:0.115T Tb:0.051T","Al3Fe6HoZr2 Al3DyFe6Zr2 Al3Fe6TbZr2"
"quaternary/Ho/new-R-3m/B2Fe7GdLu2_sub","B2Fe7GdLu2_sub","Gd_surrogate","new-R-3m","ferrimagnetic","-212.81","4.0465","0.294","160.41","12.931","-7.039","1","ok","ok","True","Ho:0.079T","B2Fe7HoLu2"
"quaternary/Ho/new-R-3m/Be3Fe6GdTa2_sub","Be3Fe6GdTa2_sub","Gd_surrogate","new-R-3m","ferrimagnetic","-152.84","-0.2993","0.023","149.96","8.502","-7.006","1","ok","ok","True","Ho:0.256T","Be3Fe6HoTa2"
"quaternary/Ho/new-R-3m/C3Fe14Ga3Gd2_sub","C3Fe14Ga3Gd2_sub","Gd_surrogate","new-R-3m","ferrimagnetic","-148.72","10.2282","0.439","271.81","26.482","-13.982","2","ok","ok","True","Er:0.266T Ho:0.181T","C3Fe14Ga3Ho2 C3Er2Fe14Ga3"
"quaternary/Ho/new-R-3m/Fe6GdHf2Si3_sub","Fe6GdHf2Si3_sub","Gd_surrogate","new-R-3m","ferrimagnetic","-159.24","0.3631","0.025","167.52","8.97","-7.006","1","ok","ok","True","Ho:0.183T","Fe6Hf2HoSi3"
"quaternary/Ho/new-R-3m/Fe6GdSc2Si3_sub","Fe6GdSc2Si3_sub","Gd_surrogate","new-R-3m","ferrimagnetic","-199.66","0.9787","0.067","169.94","9.822","-7.033","1","ok","ok","True","Ho:0.136T","Fe6HoSc2Si3"
"quaternary/Ho/new-R-3m/Fe6GdSi3Zr2_sub","Fe6GdSi3Zr2_sub","Gd_surrogate","new-R-3m","ferrimagnetic","-166.74","0.3551","0.024","169.72","9.126","-7.013","1","ok","ok","True","Ho:0.181T","Fe6HoSi3Zr2"
"quaternary/Ho/new-R-3m/Fe7Ga2GdHf2_sub","Fe7Ga2GdHf2_sub","Gd_surrogate","new-R-3m","ferrimagnetic","-246.05","4.0244","0.266","176.04","13.273","-7.074","1","ok","ok","True","Ho:0.073T","Fe7Ga2Hf2Ho"
"quaternary/Ho/new-R-3m/Fe8GdLu2Os_sub","Fe8GdLu2Os_sub","Gd_surrogate","new-R-3m","ferrimagnetic","-279.21","8.3234","0.536","181.05","16.846","-7.07","1","ok","ok","True","Er:0.412T Ho:0.347T Tm:0.54T","Fe8HoLu2Os ErFe8Lu2Os Fe8Lu2OsTm"
"quaternary/Ho/new-R3m/B2Fe7Gd2Y_sub","B2Fe7Gd2Y_sub","Gd_surrogate","new-R3m","ferromagnetic","480.51","26.0","1.846","164.1","13.044","13.541","2","OTHER_SUBLATTICE_CHANGED:Y","OTHER_SUBLATTICE_CHANGED:Y","False","Er:2.163T Ho:2.305T","B2Fe7Ho2Y B2Er2Fe7Y"
"quaternary/Ho/new-R3m/CoFe8GdHf2_sub","CoFe8GdHf2_sub","Gd_surrogate","new-R3m","ferrimagnetic","-237.15","8.9736","0.616","169.8","18.191","-7.048","1","ok","ok","True","Ho:0.413T","CoFe8Hf2Ho"
"quaternary/Ho/new-R3m/Fe9GdHfNb_sub","Fe9GdHfNb_sub","Gd_surrogate","new-R3m","ferrimagnetic","-221.73","8.8699","0.619","167.07","18.08","-7.035","1","ok","ok","True","Ho:0.412T Tm:0.621T","Fe9HfHoNb Fe9HfNbTm"
"quaternary/Ho/new-R3m/Fe9GdHfTi_sub","Fe9GdHfTi_sub","Gd_surrogate","new-R3m","","","","","165.54","17.386","6.764","1","ok","","","","Fe9HfHoTi Fe9HfTbTi DyFe9HfTi Fe9HfTiTm"
"quaternary/Ho/new-R3m/Fe9GdLuZr_sub","Fe9GdLuZr_sub","Gd_surrogate","new-R3m","ferrimagnetic","-273.26","9.0291","0.601","175.13","18.43","-7.072","1","ok","ok","True","Dy:0.406T Ho:0.406T Tm:0.606T","Fe9HoLuZr DyFe9LuZr Fe9LuTmZr"
"quaternary/Ho/new-R3m/Fe9GdNbTa_sub","Fe9GdNbTa_sub","Gd_surrogate","new-R3m","ferrimagnetic","-201.58","8.2776","0.59","163.63","17.337","-7.018","1","ok","ok","True","Ho:0.377T","Fe9HoNbTa"
"quaternary/Ho/new-R3m/Fe9GdScTa_sub","Fe9GdScTa_sub","Gd_surrogate","new-R3m","ferrimagnetic","-231.69","8.7675","0.611","167.12","18.001","-7.043","1","ok","ok","True","Dy:0.405T Er:0.475T Ho:0.405T Tb:0.475T Tm:0.614T","Fe9HoScTa Fe9ScTaTb ErFe9ScTa DyFe9ScTa Fe9ScTaTm"
"quaternary/Tb/CaCu5-RT4X/AlB2Fe12Gd3_sub","AlB2Fe12Gd3_sub","Gd_surrogate","CaCu5-RT4X","ferrimagnetic","-237.39","1.0","0.048","243.65","24.542","-21.146","3","ok","ok","True","Tb:0.232T","AlB2Fe12Tb3"
"quaternary/Tb/CaCu5-RT4X/Fe8Gd2LuOs_sub","Fe8Gd2LuOs_sub","Gd_surrogate","CaCu5-RT4X","ferrimagnetic","-3739.51","0.0016","0.0","184.41","13.782","-10.633","2","ferri:NOT_CONVERGED;EXCHANGE_ENERGY_IMPLAUSIBLE;OTHER_SUBLATTICE_CHANGED:Lu;OTHER_SUBLATTICE_CHANGED:Os","EXCHANGE_ENERGY_IMPLAUSIBLE;OTHER_SUBLATTICE_CHANGED:Lu;OTHER_SUBLATTICE_CHANGED:Os","False","Ho:0.592T Tb:0.465T","Fe8LuOsTb2 Fe8Ho2LuOs"
"quaternary/Tb/new-Cm/Ce2Fe29Gd2Si5_sub","Ce2Fe29Gd2Si5_sub","Gd_surrogate","new-Cm","ferrimagnetic","-217.31","43.0","1.001","500.64","60.372","-14.057","2","ok","ok","True","Tb:0.909T","Ce2Fe29Si5Tb2"
"quaternary/Tb/new-Cm/Co2Fe12GdY3_sub","Co2Fe12GdY3_sub","Gd_surrogate","new-Cm","ferrimagnetic","-339.42","20.326","0.874","271.1","30.218","-7.135","1","ok","ok","True","Tb:0.794T","Co2Fe12TbY3"
"quaternary/Tb/new-Cm/CoFe6GdY_sub","CoFe6GdY_sub","Gd_surrogate","new-Cm","ferrimagnetic","-321.81","13.16","0.568","269.79","30.215","-14.265","2","ok","ok","True","Tb:0.407T","CoFe6TbY"
"quaternary/Tb/new-Immm/Al2Fe8GdRe2_sub","Al2Fe8GdRe2_sub","Gd_surrogate","new-Immm","ferrimagnetic","-197.2","7.0038","0.464","175.86","15.458","-7.03","1","ok","ok","True","Dy:0.267T Er:0.334T Ho:0.267T Tb:0.334T Tm:0.466T","Al2Fe8Re2Tb Al2DyFe8Re2 Al2Fe8HoRe2 Al2ErFe8Re2 Al2Fe8Re2Tm"
"quaternary/Tb/new-P-3m1/B2Fe7Gd2Lu_sub","B2Fe7Gd2Lu_sub","Gd_surrogate","new-P-3m1","","","","","326.99","25.266","27.064","4","ok","","","","B2Fe7LuTb2"
"quaternary/Tb/new-P-6m2/B4Fe14GdY5_sub","B4Fe14GdY5_sub","Gd_surrogate","new-P-6m2","ferrimagnetic","-220.88","15.7765","0.555","331.52","26.776","-7.049","1","ok","ok","True","Tb:0.486T Tm:0.556T","B4Fe14TbY5 B4Fe14TmY5"
"quaternary/Tb/new-P-6m2/Fe18GdLu4Y_sub","Fe18GdLu4Y_sub","Gd_surrogate","new-P-6m2","ferrimagnetic","-4.72","23.9383","0.789","353.57","35.027","-7.152","1","ferri:NOT_CONVERGED;dE_WITHIN_NOISE","dE_WITHIN_NOISE","False","Ho:0.695T Tb:0.728T Tm:0.794T","Fe18Lu4TbY Fe18HoLu4Y Fe18Lu4TmY"
"quaternary/Tb/new-P-6m2/Fe6GdGe4Lu_sub","Fe6GdGe4Lu_sub","Gd_surrogate","new-P-6m2","ferrimagnetic","-96.7","3.0","0.189","185.42","10.782","-6.965","1","ok","ok","True","Tb:0.061T Tm:0.186T","Fe6Ge4LuTb Fe6Ge4LuTm"
"quaternary/Tb/new-P1/Co3Fe11Gd2Y2_sub","Co3Fe11Gd2Y2_sub","Gd_surrogate","new-P1","ferrimagnetic","-291.04","15.0","0.646","270.46","31.602","-14.224","2","ok","ok","True","Tb:0.484T","Co3Fe11Tb2Y2"
"quaternary/Tb/new-P1/Co3Fe11Gd3Y_sub","Co3Fe11Gd3Y_sub","Gd_surrogate","new-P1","ferrimagnetic","-281.34","8.0","0.343","271.66","31.818","-21.29","3","ok","ok","True","Tb:0.098T","Co3Fe11Tb3Y"
"quaternary/Tb/new-P3m1/Co2Fe16Gd5Y_sub","Co2Fe16Gd5Y_sub","Gd_surrogate","new-P3m1","","","","","368.3","","","","ok","","","","Co2Fe16Tb5Y"
"quaternary/Tb/new-P3m1/CoFe8GdY2_sub","CoFe8GdY2_sub","Gd_surrogate","new-P3m1","","","","","368.21","25.929","13.818","2","ok","","","","CoFe8TbY2"
"quaternary/Tb/new-P6_mmm/AlBFe3Gd_sub","AlBFe3Gd_sub","Gd_surrogate","new-P6_mmm","ferrimagnetic","-212.74","-5.6074","0.407","160.54","10.148","-14.119","2","ok","ok","True","Dy:0.834T Er:0.689T Ho:0.834T Tb:0.689T Tm:0.398T","AlBFe3Tb AlBDyFe3 AlBFe3Ho Al2B2DyErFe6 Al2B2Fe6HoTm Al2B2DyFe6Tm AlBErFe3 Al2B2Fe6TbTm AlBFe3Tm"
"quaternary/Tb/new-P6_mmm/B2Fe8GdSm_sub","B2Fe8GdSm_sub","Gd_surrogate","new-P6_mmm","ferrimagnetic","-262.01","8.0309","0.591","158.43","16.642","-7.058","1","ok","ok","True","Tb:0.448T","B2Fe8SmTb"
"quaternary/Tb/new-P6_mmm/B2Fe8GdY_sub","B2Fe8GdY_sub","Gd_surrogate","new-P6_mmm","ferrimagnetic","-259.03","8.0674","0.598","157.17","16.664","-7.054","1","ok","ok","True","Tb:0.454T","B2Fe8TbY"
"quaternary/Tb/new-Pm/Fe11Gd2P7Ti_sub","Fe11Gd2P7Ti_sub","Gd_surrogate","new-Pm","ferrimagnetic","-25.33","-9.2881","0.414","261.26","5.314","-13.807","2","NO_TM_MOMENT","NO_TM_MOMENT","False","Tb:0.601T","Fe11P7Tb2Ti"
"quaternary/Tb/new-Pm/Fe11Gd2P7V_sub","Fe11Gd2P7V_sub","Gd_surrogate","new-Pm","ferrimagnetic","-3.24","-10.4262","0.472","257.23","4.269","-13.796","2","TM_SUBLATTICE_CHANGED;NO_TM_MOMENT;dE_WITHIN_NOISE","TM_SUBLATTICE_CHANGED;NO_TM_MOMENT;dE_WITHIN_NOISE","False","Tb:0.663T","Fe11P7Tb2V"
"quaternary/Tb/new-Pmm2/Fe4Ga2GdY_sub","Fe4Ga2GdY_sub","Gd_surrogate","new-Pmm2","ferrimagnetic","-135.3","0.0954","0.008","135.56","8.044","-7.016","1","ok","ok","True","Tb:0.162T","Fe4Ga2TbY"
"quaternary/Tb/new-Pmm2/Fe4GaGd2Zn_sub","Fe4GaGd2Zn_sub","Gd_surrogate","new-Pmm2","ferrimagnetic","-5205.43","6.9721","0.599","135.73","9.699","-4.98","2","ferri:NOT_CONVERGED;EXCHANGE_ENERGY_IMPLAUSIBLE","EXCHANGE_ENERGY_IMPLAUSIBLE","False","Ho:1.026T Tb:1.026T Tm:1.026T","Fe4GaTb2Zn Fe4GaHo2Zn Fe4GaTm2Zn"
"quaternary/Tb/new-R-3m/Al3C3Fe14Gd2_sub","Al3C3Fe14Gd2_sub","Gd_surrogate","new-R-3m","ferrimagnetic","-150.33","9.2604","0.396","272.38","25.657","-13.984","2","ok","ok","True","Dy:0.139T Er:0.224T Ho:0.139T Tb:0.224T Tm:0.396T","Al3C3Fe14Tb2 Al3C3Dy2Fe14 Al3C3Fe14Tm2 Al3C3Fe14Ho2 Al3C3DyFe14Ho Al3C3Er2Fe14"
"quaternary/Tb/new-R-3m/Be3Fe6GdNb2_sub","Be3Fe6GdNb2_sub","Gd_surrogate","new-R-3m","ferrimagnetic","-157.36","-0.2492","0.019","151.18","8.682","-7.009","1","ok","ok","True","Tb:0.173T","Be3Fe6Nb2Tb"
"quaternary/Tb/new-R-3m/CoFe8GdLu2_sub","CoFe8GdLu2_sub","Gd_surrogate","new-R-3m","ferrimagnetic","-304.43","9.9828","0.647","179.79","19.122","-7.09","1","ok","ok","True","Tb:0.523T","CoFe8Lu2Tb"
"quaternary/Tb/new-R-3m/CoFe8GdSc2_sub","CoFe8GdSc2_sub","Gd_surrogate","new-R-3m","ferrimagnetic","-280.72","8.0","0.542","172.12","17.394","-7.078","1","ok","ok","True","Ho:0.344T Tb:0.412T","CoFe8Sc2Tb CoFe8HoSc2"
"quaternary/Tb/new-R-3m/Fe8GdOsSc2_sub","Fe8GdOsSc2_sub","Gd_surrogate","new-R-3m","ferrimagnetic","-267.75","7.9248","0.524","176.24","16.716","-7.064","1","ok","ok","True","Dy:0.33T Ho:0.33T Tb:0.396T","Fe8OsSc2Tb DyFe8OsSc2 Fe8HoOsSc2"
"quaternary/Tb/new-R-3m/Fe8GdOsZr2_sub","Fe8GdOsZr2_sub","Gd_surrogate","new-R-3m","ferrimagnetic","-246.02","7.0","0.462","176.74","15.985","-7.053","1","ok","ok","True","Dy:0.267T Er:0.333T Ho:0.267T Tb:0.333T Tm:0.465T","Fe8OsTbZr2 Fe8HoOsZr2 DyFe8OsZr2 ErFe8OsZr2 Fe8OsTmZr2"
"quaternary/Tb/new-R3m/Co2Fe7GdLu2_sub","Co2Fe7GdLu2_sub","Gd_surrogate","new-R3m","ferrimagnetic","-290.98","10.0162","0.65","179.71","19.13","-7.086","1","ok","ok","True","Tb:0.525T","Co2Fe7Lu2Tb"
"quaternary/Tb/new-R3m/Co2Fe7GdSc2_sub","Co2Fe7GdSc2_sub","Gd_surrogate","new-R3m","ferrimagnetic","-206.87","4.5928","0.312","171.42","13.513","-7.038","1","ok","ok","True","Tb:0.179T","Co2Fe7Sc2Tb"
"quaternary/Tb/new-R3m/CoFe8GdZr2_sub","CoFe8GdZr2_sub","Gd_surrogate","new-R3m","ferrimagnetic","-248.6","9.1796","0.619","172.94","18.721","-7.058","1","ok","ok","True","Ho:0.42T Tb:0.488T","CoFe8TbZr2 CoFe8HoZr2"
"quaternary/Tb/new-R3m/Fe9GdHfSc_sub","Fe9GdHfSc_sub","Gd_surrogate","new-R3m","ferrimagnetic","-260.13","8.0","0.545","171.1","17.371","-7.064","1","ok","ok","True","Dy:0.345T Ho:0.345T Tb:0.413T","Fe9HfScTb Fe9HfHoSc DyFe9HfSc"
"quaternary/Tb/new-R3m/Fe9GdHfTa_sub","Fe9GdHfTa_sub","Gd_surrogate","new-R3m","ferrimagnetic","-220.0","8.0","0.556","167.83","17.181","-7.036","1","ok","ok","True","Tb:0.419T Tm:0.558T","Fe9HfTaTb Fe9HfTaTm"
"quaternary/Tb/new-R3m/Fe9GdScTi_sub","Fe9GdScTi_sub","Gd_surrogate","new-R3m","ferrimagnetic","-259.26","8.3113","0.578","167.67","18.127","-7.062","1","ok","ok","True","Dy:0.373T Er:0.443T Ho:0.373T Tb:0.443T Tm:0.582T","Fe9ScTbTi Fe9HoScTi DyFe9ScTi ErFe9ScTi Fe9ScTiTm"
"quaternary/Tb/new-R3m/Fe9GdScZr_sub","Fe9GdScZr_sub","Gd_surrogate","new-R3m","ferrimagnetic","-269.62","8.7934","0.593","172.93","18.323","-7.07","1","ok","ok","True","Er:0.463T Tb:0.463T Tm:0.597T","Fe9ScTbZr ErFe9ScZr Fe9ScTmZr"
"quaternary/Tm/CaCu5-RT4X/CoFe3GdLu_sub","CoFe3GdLu_sub","Gd_surrogate","CaCu5-RT4X","ferrimagnetic","-325.65","-0.4896","0.061","92.96","7.927","-7.138","1","ok","ok","True","Er:0.295T Ho:0.42T Tm:0.044T","CoFe3LuTm CoErFe3Lu CoFe3HoLu"
"quaternary/Tm/CaCu5-RT4X/Fe8Gd2OsY_sub","Fe8Gd2OsY_sub","Gd_surrogate","CaCu5-RT4X","ferrimagnetic","-265.25","1.664","0.106","183.68","17.356","-14.146","2","OTHER_SUBLATTICE_CHANGED:Os","OTHER_SUBLATTICE_CHANGED:Os","False","Dy:0.266T Ho:0.266T Tb:0.139T Tm:0.115T","Fe8OsTm2Y Fe8Ho2OsY Dy2Fe8OsY Fe8OsTb2Y"
"quaternary/Tm/CaCu5-RT4X/Fe8Gd2RuY_sub","Fe8Gd2RuY_sub","Gd_surrogate","CaCu5-RT4X","ferrimagnetic","-278.19","0.0","0.0","183.81","15.818","-14.182","2","OTHER_SUBLATTICE_CHANGED:Ru","OTHER_SUBLATTICE_CHANGED:Ru","False","Er:0.242T Tm:0.012T","Fe8RuTm2Y Er2Fe8RuY"
"quaternary/Tm/ThMn12-stabilized/Fe12GdMoP7_sub","Fe12GdMoP7_sub","Gd_surrogate","ThMn12-stabilized","ferrimagnetic","-7.85","-5.1976","0.249","243.11","2.007","-6.878","1","NO_TM_MOMENT;dE_WITHIN_NOISE","NO_TM_MOMENT;dE_WITHIN_NOISE","False","Tm:0.255T","Fe12MoP7Tm"
"quaternary/Tm/ThMn12-stabilized/Fe12GdNbP7_sub","Fe12GdNbP7_sub","Gd_surrogate","ThMn12-stabilized","ferrimagnetic","-4.29","-5.9037","0.281","244.64","1.383","-6.878","1","TM_SUBLATTICE_CHANGED;NO_TM_MOMENT;dE_WITHIN_NOISE","TM_SUBLATTICE_CHANGED;NO_TM_MOMENT;dE_WITHIN_NOISE","False","Tm:0.287T","Fe12NbP7Tm"
"quaternary/Tm/ThMn12-stabilized/Fe12GdP7Ta_sub","Fe12GdP7Ta_sub","Gd_surrogate","ThMn12-stabilized","ferrimagnetic","-5.28","-5.9028","0.283","243.04","1.392","-6.879","1","TM_SUBLATTICE_CHANGED;NO_TM_MOMENT;dE_WITHIN_NOISE","TM_SUBLATTICE_CHANGED;NO_TM_MOMENT;dE_WITHIN_NOISE","False","Tm:0.289T","Fe12P7TaTm"
"quaternary/Tm/new-C2_m/Al4CFe13Gd2_sub","Al4CFe13Gd2_sub","Gd_surrogate","new-C2_m","ferrimagnetic","-179.54","9.3627","0.413","264.1","25.461","-14.044","2","ok","ok","True","Tm:0.415T","Al4CFe13Tm2"
"quaternary/Tm/new-Cm/Co2Fe12Gd3Lu_sub","Co2Fe12Gd3Lu_sub","Gd_surrogate","new-Cm","ferromagnetic","79.17","43.0003","1.914","261.86","21.917","20.55","3","fm:NOT_CONVERGED;ferri:NOT_CONVERGED;OTHER_SUBLATTICE_CHANGED:Lu","OTHER_SUBLATTICE_CHANGED:Lu","False","Tm:1.934T","Co2Fe12LuTm3"
"quaternary/Tm/new-Cm/Co2Fe7GdZr2_sub","Co2Fe7GdZr2_sub","Gd_surrogate","new-Cm","ferrimagnetic","-232.53","7.0","0.477","171.08","16.41","-7.052","1","ok","ok","True","Tm:0.48T","Co2Fe7TmZr2"
"quaternary/Tm/new-Immm/Al2Fe8GdMo2_sub","Al2Fe8GdMo2_sub","Gd_surrogate","new-Immm","ferrimagnetic","-203.22","6.5494","0.433","176.34","15.33","-7.036","1","ok","ok","True","Tm:0.435T","Al2Fe8Mo2Tm"
"quaternary/Tm/new-Immm/Fe8Ga2GdRe2_sub","Fe8Ga2GdRe2_sub","Gd_surrogate","new-Immm","ferrimagnetic","-188.66","7.4001","0.494","174.52","15.728","-7.021","1","ok","ok","True","Dy:0.295T Tm:0.496T","Fe8Ga2Re2Tm DyFe8Ga2Re2"
"quaternary/Tm/new-P-3m1/Fe9GdLuY_sub","Fe9GdLuY_sub","Gd_surrogate","new-P-3m1","ferrimagnetic","-339.16","18.5242","0.604","357.29","36.795","-14.284","2","ok","ok","True","Dy:0.418T Er:0.483T Tm:0.613T","Fe9LuTmY ErFe9LuY DyFe9LuY"
"quaternary/Tm/new-P-62m/CoFe18Gd5P12_sub","CoFe18Gd5P12_sub","Gd_surrogate","new-P-62m","ferromagnetic","5042.66","30.8744","0.796","451.8","-5.279","34.475","5","ferri:NOT_CONVERGED;TM_SUBLATTICE_CHANGED;NO_TM_MOMENT;EXCHANGE_ENERGY_IMPLAUSIBLE","TM_SUBLATTICE_CHANGED;NO_TM_MOMENT;EXCHANGE_ENERGY_IMPLAUSIBLE","False","Er:1.068T Ho:1.197T Tm:0.81T","CoFe18P12Tm5 CoEr2Fe18P12Tm3 CoEr4Fe18P12Tm CoEr5Fe18P12 CoFe18HoP12Tm4 CoFe18Ho2P12Tm3 CoFe18Ho5P12"
"quaternary/Tm/new-P-62m/Fe18Gd5P12Pt_sub","Fe18Gd5P12Pt_sub","Gd_surrogate","new-P-62m","ferromagnetic","2660.42","35.1918","0.893","459.27","-0.375","34.401","5","ferri:NOT_CONVERGED;TM_SUBLATTICE_CHANGED;NO_TM_MOMENT;EXCHANGE_ENERGY_IMPLAUSIBLE","TM_SUBLATTICE_CHANGED;NO_TM_MOMENT;EXCHANGE_ENERGY_IMPLAUSIBLE","False","Ho:1.289T Tm:0.908T","Fe18P12PtTm5 Fe18Ho5P12Pt"
"quaternary/Tm/new-P-62m/Fe19Gd2P12Zr3_sub","Fe19Gd2P12Zr3_sub","Gd_surrogate","new-P-62m","ferrimagnetic","-3.8","-11.4049","0.301","441.16","3.148","-13.77","2","TM_SUBLATTICE_CHANGED;NO_TM_MOMENT;dE_WITHIN_NOISE","TM_SUBLATTICE_CHANGED;NO_TM_MOMENT;dE_WITHIN_NOISE","False","Tm:0.307T","Fe19P12Tm2Zr3"
"quaternary/Tm/new-P-6m2/Fe18GdHf4Lu_sub","Fe18GdHf4Lu_sub","Gd_surrogate","new-P-6m2","ferrimagnetic","-245.34","24.9052","0.854","339.92","36.13","-7.053","1","ok","ok","True","Tm:0.856T","Fe18Hf4LuTm"
"quaternary/Tm/new-P3m1/B4Fe14Gd5Lu_sub","B4Fe14Gd5Lu_sub","Gd_surrogate","new-P3m1","","","","","323.98","","","","fm:NOT_CONVERGED;ferri:NOT_CONVERGED","","","","B4Fe14LuTm5 B4Fe14LuTb5"
"quaternary/Tm/new-P3m1/Fe18Gd2LuY3_sub","Fe18Gd2LuY3_sub","Gd_surrogate","new-P3m1","ferrimagnetic","-363.31","19.273","0.62","362.2","37.733","-14.295","2","ok","ok","True","Tm:0.63T","Fe18LuTm2Y3"
"quaternary/Tm/new-P3m1/Fe18Gd3LuY2_sub","Fe18Gd3LuY2_sub","Gd_surrogate","new-P3m1","","","","","356.04","16.495","20.666","3","ok","","","","Fe18LuTm3Y2 Er3Fe18LuY2 Dy3Fe18LuY2"
"quaternary/Tm/new-P6_mmm/BFe3GdSi_sub","BFe3GdSi_sub","Gd_surrogate","new-P6_mmm","ferrimagnetic","-178.96","-7.1835","0.561","149.24","8.222","-14.044","2","ok","ok","True","Dy:1.026T Er:0.87T Ho:1.026T Tb:0.87T Tm:0.557T","BFe3SiTm BErFe3Si B2ErFe6Si2Tm B2Fe6HoSi2Tm B2DyFe6Si2Tm BFe3HoSi B2Fe6Si2TbTm B2ErFe6Si2Tb BDyFe3Si"
"quaternary/Tm/new-Pm/CrFe19Gd4P12_sub","CrFe19Gd4P12_sub","Gd_surrogate","new-Pm","ferromagnetic","689.33","30.3455","0.802","440.79","3.819","27.497","4","fm:NOT_CONVERGED;TM_SUBLATTICE_CHANGED;NO_TM_MOMENT;EXCHANGE_ENERGY_IMPLAUSIBLE","TM_SUBLATTICE_CHANGED;NO_TM_MOMENT;EXCHANGE_ENERGY_IMPLAUSIBLE","False","Dy:1.133T Tb:1.027T Tm:0.816T","CrFe19P12Tm4 CrDy4Fe19P12 CrDy3Fe19P12Tb"
"quaternary/Tm/new-Pm/Fe11Gd2MnP7_sub","Fe11Gd2MnP7_sub","Gd_surrogate","new-Pm","","","","","251.26","","","","ok","","","","Fe11MnP7Tm2 Er2Fe11MnP7"
"quaternary/Tm/new-Pm/Fe11Gd2P7Re_sub","Fe11Gd2P7Re_sub","Gd_surrogate","new-Pm","ferrimagnetic","-12.67","-11.5683","0.531","254.09","2.919","-13.776","2","TM_SUBLATTICE_CHANGED;NO_TM_MOMENT;dE_WITHIN_NOISE","TM_SUBLATTICE_CHANGED;NO_TM_MOMENT;dE_WITHIN_NOISE","False","Tm:0.541T","Fe11P7ReTm2"
"quaternary/Tm/new-Pm/Fe7Gd2NiSi4_sub","Fe7Gd2NiSi4_sub","Gd_surrogate","new-Pm","ferrimagnetic","-125.15","-6.2103","0.389","186.03","9.003","-13.958","2","ok","ok","True","Tm:0.392T","Fe7NiSi4Tm2"
"quaternary/Tm/new-Pm/Fe7Gd2OsSi4_sub","Fe7Gd2OsSi4_sub","Gd_surrogate","new-Pm","ferrimagnetic","-96.89","-5.7222","0.349","190.83","9.438","-13.92","2","ok","ok","True","Tm:0.354T","Fe7OsSi4Tm2"
"quaternary/Tm/new-Pmc2_1/Fe10GdP6Y_sub","Fe10GdP6Y_sub","Gd_surrogate","new-Pmc2_1","ferromagnetic","113.87","20.2055","0.532","442.87","5.948","13.75","2","TM_SUBLATTICE_CHANGED;NO_TM_MOMENT","TM_SUBLATTICE_CHANGED;NO_TM_MOMENT","False","Tm:0.538T","Fe10P6TmY"
"quaternary/Tm/new-Pmc2_1/Fe9Gd2MnP6_sub","Fe9Gd2MnP6_sub","Gd_surrogate","new-Pmc2_1","ferromagnetic","1459.93","31.7294","0.838","441.2","8.086","27.522","4","TM_SUBLATTICE_CHANGED;NO_TM_MOMENT;EXCHANGE_ENERGY_IMPLAUSIBLE","TM_SUBLATTICE_CHANGED;NO_TM_MOMENT;EXCHANGE_ENERGY_IMPLAUSIBLE","False","Dy:1.168T Er:1.062T Tm:0.851T","Fe9MnP6Tm2 Er2Fe9MnP6 ErFe18Mn2P12Tm3 Dy2Fe9MnP6"
"quaternary/Tm/new-Pmm2/Fe18GdLu5P12_sub","Fe18GdLu5P12_sub","Gd_surrogate","new-Pmm2","ferromagnetic","3177.0","1.7318","0.044","463.76","-5.545","6.885","1","fm:FLIPPED;ferri:NOT_CONVERGED;NO_TM_MOMENT;EXCHANGE_ENERGY_IMPLAUSIBLE","NO_TM_MOMENT;EXCHANGE_ENERGY_IMPLAUSIBLE","False","Tm:0.046T","Fe18Lu5P12Tm"
"quaternary/Tm/new-Pmm2/Fe9Gd2LuP6_sub","Fe9Gd2LuP6_sub","Gd_surrogate","new-Pmm2","ferromagnetic","1123.58","27.4688","0.686","466.81","-1.368","27.607","4","TM_SUBLATTICE_CHANGED;NO_TM_MOMENT;EXCHANGE_ENERGY_IMPLAUSIBLE","TM_SUBLATTICE_CHANGED;NO_TM_MOMENT;EXCHANGE_ENERGY_IMPLAUSIBLE","False","Tm:0.696T","Fe9LuP6Tm2"
"quaternary/Tm/new-Pmmn/Fe9GdLu2P6_sub","Fe9GdLu2P6_sub","Gd_surrogate","new-Pmmn","ferromagnetic","10.89","19.1594","0.48","465.41","4.924","13.8","2","TM_SUBLATTICE_CHANGED;NO_TM_MOMENT;dE_WITHIN_NOISE","TM_SUBLATTICE_CHANGED;NO_TM_MOMENT;dE_WITHIN_NOISE","False","Tm:0.485T","Fe9Lu2P6Tm"
"quaternary/Tm/new-R-3m/Be3C3Fe14Gd2_sub","Be3C3Fe14Gd2_sub","Gd_surrogate","new-R-3m","ferrimagnetic","-150.5","7.2342","0.34","247.69","23.346","-13.97","2","ok","ok","True","Dy:0.057T Er:0.151T Ho:0.057T Tm:0.339T","Be3C3Fe14Tm2 Be3C3Er2Fe14 Be3C3Fe14Ho2 Be3C3DyFe14Ho"
"quaternary/Tm/new-R-3m/CoFe13Gd2Y2_sub","CoFe13Gd2Y2_sub","Gd_surrogate","new-R-3m","ferrimagnetic","-327.48","12.2443","0.539","264.66","29.19","-14.266","2","ok","ok","True","Tb:0.375T Tm:0.551T","CoFe13Tm2Y2 CoFe13Tb2Y2"
"quaternary/Tm/new-R3m/Fe18Gd2Lu3Zr_sub","Fe18Gd2Lu3Zr_sub","Gd_surrogate","new-R3m","","","","","347.4","","","","ok","","","","Fe18Lu3Tm2Zr"
"quaternary/Tm/new-R3m/Fe8GdOsY2_sub","Fe8GdOsY2_sub","Gd_surrogate","new-R3m","ferrimagnetic","-587537.4","6.8959","0.432","185.95","17.346","-7.242","1","ferri:NOT_CONVERGED;EXCHANGE_ENERGY_IMPLAUSIBLE;OTHER_SUBLATTICE_CHANGED:Y","EXCHANGE_ENERGY_IMPLAUSIBLE;OTHER_SUBLATTICE_CHANGED:Y","False","Dy:0.259T Er:0.322T Ho:0.259T Tm:0.447T","Fe8OsTmY2 ErFe8OsY2 Fe8HoOsY2 DyFe8OsY2"
"quaternary/Tm/new-R3m/Fe8GdScZr2_sub","Fe8GdScZr2_sub","Gd_surrogate","new-R3m","ferrimagnetic","-334.39","5.455","0.359","177.13","15.722","-7.126","1","ok","ok","True","Tm:0.367T","Fe8ScTmZr2"
"quaternary/Tm/new-R3m/Fe9GdYZr_sub","Fe9GdYZr_sub","Gd_surrogate","new-R3m","ferrimagnetic","-4964.43","8.0","0.535","174.42","17.417","-7.106","1","ferri:NOT_CONVERGED;EXCHANGE_ENERGY_IMPLAUSIBLE","EXCHANGE_ENERGY_IMPLAUSIBLE","False","Er:0.408T Tm:0.542T","Fe9TmYZr ErFe9YZr"
"quinary/Dy/ThMn12-stabilized/Al5C2Fe12GdSm_sub","Al5C2Fe12GdSm_sub","Gd_surrogate","ThMn12-stabilized","ferrimagnetic","-111.81","14.1851","0.591","279.5","23.034","-6.983","1","ok","ok","True","Dy:0.466T","Al5C2DyFe12Sm"
"quinary/Dy/new-C2_m/AlC3Fe14Gd2Si2_sub","AlC3Fe14Gd2Si2_sub","Gd_surrogate","new-C2_m","ferrimagnetic","-137.34","8.685","0.382","265.03","24.81","-13.962","2","ok","ok","True","Dy:0.116T Tb:0.204T","AlC3Dy2Fe14Si2 AlC3Fe14Si2Tb2"
"quinary/Dy/new-Pm/Cr2Fe18Gd3P12Y_sub","Cr2Fe18Gd3P12Y_sub","Gd_surrogate","new-Pm","ferrimagnetic","-15.49","-10.1883","0.265","447.25","8.521","-20.718","3","ferri:NOT_CONVERGED;TM_SUBLATTICE_CHANGED;NO_TM_MOMENT;dE_WITHIN_NOISE","TM_SUBLATTICE_CHANGED;NO_TM_MOMENT;dE_WITHIN_NOISE","False","Dy:0.507T","Cr2Dy3Fe18P12Y"
"quinary/Dy/new-Pm/CrFe19Gd2P12Y2_sub","CrFe19Gd2P12Y2_sub","Gd_surrogate","new-Pm","ferromagnetic","5940695.67","-0.8264","0.022","446.92","-5.735","11.588","2","fm:NOT_CONVERGED;ferri:NOT_CONVERGED;TM_SUBLATTICE_CHANGED;NO_TM_MOMENT;EXCHANGE_ENERGY_IMPLAUSIBLE;OTHER_SUBLATTICE_CHANGED:Cr","TM_SUBLATTICE_CHANGED;NO_TM_MOMENT;EXCHANGE_ENERGY_IMPLAUSIBLE;OTHER_SUBLATTICE_CHANGED:Cr","False","Dy:0.198T","CrDy2Fe19P12Y2"
"quinary/Dy/new-Pm/Fe11GdNiP7Y_sub","Fe11GdNiP7Y_sub","Gd_surrogate","new-Pm","ferrimagnetic","-8.46","-5.8851","0.268","255.46","1.443","-6.892","1","TM_SUBLATTICE_CHANGED;NO_TM_MOMENT;dE_WITHIN_NOISE","TM_SUBLATTICE_CHANGED;NO_TM_MOMENT;dE_WITHIN_NOISE","False","Dy:0.41T Tm:0.273T","DyFe11NiP7Y Fe11NiP7TmY"
"quinary/Dy/new-Pmc2_1/CrFe9GdP6Y_sub","CrFe9GdP6Y_sub","Gd_surrogate","new-Pmc2_1","ferromagnetic","44.57","24.4365","0.634","449.09","7.238","13.73","2","ferri:NOT_CONVERGED;NO_TM_MOMENT","NO_TM_MOMENT","False","Dy:0.797T","CrDyFe9P6Y"
"quinary/Dy/new-R32/C3Fe11Gd2Mn3Si3_sub","C3Fe11Gd2Mn3Si3_sub","Gd_surrogate","new-R32","ferrimagnetic","-121.73","3.6876","0.165","260.65","16.263","-13.926","2","ok","ok","True","Dy:0.107T","C3Dy2Fe11Mn3Si3"
"quinary/Er/new-C2/Be3C3Fe12Gd2Mn2_sub","Be3C3Fe12Gd2Mn2_sub","Gd_surrogate","new-C2","ferrimagnetic","-145.38","5.8305","0.273","248.68","19.73","-13.952","2","ok","ok","True","Er:0.084T","Be3C3Er2Fe12Mn2"
"quinary/Er/new-C2_m/Al2BeC3Fe14Gd2_sub","Al2BeC3Fe14Gd2_sub","Gd_surrogate","new-C2_m","ferrimagnetic","-150.36","8.4513","0.376","262.02","24.724","-13.976","2","ok","ok","True","Er:0.197T Ho:0.108T","Al2BeC3Er2Fe14 Al2BeC3Fe14Ho2"
"quinary/Er/new-C2_m/Al2C3Fe14Gd2Si_sub","Al2C3Fe14Gd2Si_sub","Gd_surrogate","new-C2_m","ferrimagnetic","-143.44","8.4526","0.371","265.56","24.666","-13.97","2","ok","ok","True","Er:0.194T Ho:0.106T","Al2C3Er2Fe14Si Al2C3Fe14Ho2Si"
"quinary/Er/new-C2_m/AlBe2C3Fe14Gd2_sub","AlBe2C3Fe14Gd2_sub","Gd_surrogate","new-C2_m","ferrimagnetic","-151.52","8.3103","0.378","256.46","24.544","-13.974","2","ok","ok","True","Er:0.195T Ho:0.104T","AlBe2C3Er2Fe14 AlBe2C3Fe14Ho2"
"quinary/Er/new-Pmc2_1/Fe9GdLuMnP6_sub","Fe9GdLuMnP6_sub","Gd_surrogate","new-Pmc2_1","ferrimagnetic","-20.52","-5.9291","0.156","442.07","3.764","-13.784","2","TM_SUBLATTICE_CHANGED;NO_TM_MOMENT;dE_WITHIN_NOISE","TM_SUBLATTICE_CHANGED;NO_TM_MOMENT;dE_WITHIN_NOISE","False","Er:0.267T","ErFe9LuMnP6"
"quinary/Er/new-Pmc2_1/Fe9GdMnP6Sc_sub","Fe9GdMnP6Sc_sub","Gd_surrogate","new-Pmc2_1","ferromagnetic","38.04","21.8527","0.581","438.14","3.164","13.732","2","ferri:NOT_CONVERGED;TM_SUBLATTICE_CHANGED;NO_TM_MOMENT","TM_SUBLATTICE_CHANGED;NO_TM_MOMENT","False","Er:0.695T","ErFe9MnP6Sc"
"quinary/Er/new-R3m/C3CeFe14GdSi3_sub","C3CeFe14GdSi3_sub","Gd_surrogate","new-R3m","ferrimagnetic","-126.87","15.5789","0.688","263.7","24.455","-6.974","1","ok","ok","True","Er:0.599T","C3CeErFe14Si3"
"quinary/Er/new-R3m/C3Fe14GdSi3Y_sub","C3Fe14GdSi3Y_sub","Gd_surrogate","new-R3m","ferrimagnetic","-126.82","15.6512","0.696","262.08","24.501","-6.973","1","ok","ok","True","Er:0.606T Ho:0.561T Tb:0.606T","C3ErFe14Si3Y C3Fe14HoSi3Y C3Fe14Si3TbY"
"quinary/Ho/new-C2_m/Al2C3Fe14GaGd2_sub","Al2C3Fe14GaGd2_sub","Gd_surrogate","new-C2_m","ferrimagnetic","-646.51","9.2849","0.4","270.28","25.598","-13.98","2","EXCHANGE_ENERGY_IMPLAUSIBLE","EXCHANGE_ENERGY_IMPLAUSIBLE","False","Ho:0.141T","Al2C3Fe14GaHo2"
"quinary/Ho/new-P-62m/CoFe18Gd2Lu3P12_sub","CoFe18Gd2Lu3P12_sub","Gd_surrogate","new-P-62m","ferromagnetic","9983.4","18.8887","0.489","450.61","4.944","13.754","2","fm:NOT_CONVERGED;ferri:NOT_CONVERGED;TM_SUBLATTICE_CHANGED;NO_TM_MOMENT;EXCHANGE_ENERGY_IMPLAUSIBLE","TM_SUBLATTICE_CHANGED;NO_TM_MOMENT;EXCHANGE_ENERGY_IMPLAUSIBLE","False","Ho:0.65T","CoFe18Ho2Lu3P12"
"quinary/Ho/new-Pmc2_1/Fe9GdLuP6V_sub","Fe9GdLuP6V_sub","Gd_surrogate","new-Pmc2_1","ferromagnetic","3.15","22.6105","0.592","444.97","8.854","13.738","2","ferri:NOT_CONVERGED;NO_TM_MOMENT;dE_WITHIN_NOISE;OTHER_SUBLATTICE_CHANGED:V","NO_TM_MOMENT;dE_WITHIN_NOISE;OTHER_SUBLATTICE_CHANGED:V","False","Ho:0.756T","Fe9HoLuP6V"
"quinary/Ho/new-Pmm2/CeFe18GdLu4P12_sub","CeFe18GdLu4P12_sub","Gd_surrogate","new-Pmm2","ferromagnetic","7242.96","12.2981","0.305","469.7","5.369","6.907","1","ferri:NOT_CONVERGED;NO_TM_MOMENT;EXCHANGE_ENERGY_IMPLAUSIBLE","NO_TM_MOMENT;EXCHANGE_ENERGY_IMPLAUSIBLE","False","Ho:0.382T","CeFe18HoLu4P12"
"quinary/Ho/new-R3m/Be3C3Fe14GdLu_sub","Be3C3Fe14GdLu_sub","Gd_surrogate","new-R3m","ferrimagnetic","-151.95","14.9239","0.698","249.02","23.899","-6.986","1","ok","ok","True","Dy:0.557T Ho:0.557T","Be3C3Fe14HoLu Be3C3DyFe14Lu"
"quinary/Ho/new-R3m/C3Fe14GdNdSi3_sub","C3Fe14GdNdSi3_sub","Gd_surrogate","new-R3m","ferrimagnetic","-123.79","16.1054","0.707","265.6","24.991","-6.973","1","ok","ok","True","Dy:0.574T Ho:0.574T Tb:0.618T","C3Fe14HoNdSi3 C3DyFe14NdSi3 C3Fe14NdSi3Tb"
"quinary/Ho/new-R3m/C3Fe14GdScSi3_sub","C3Fe14GdScSi3_sub","Gd_surrogate","new-R3m","ferrimagnetic","-131.1","15.1692","0.685","257.92","24.015","-6.975","1","ok","ok","True","Dy:0.549T Er:0.594T Ho:0.549T Tb:0.594T","C3Fe14HoScSi3 C3ErFe14ScSi3 C3DyFe14ScSi3 C3Fe14ScSi3Tb"
"quinary/Ho/new-R3m/C3Fe14GdSi3Sm_sub","C3Fe14GdSi3Sm_sub","Gd_surrogate","new-R3m","ferrimagnetic","-124.92","15.8635","0.701","263.78","24.727","-6.973","1","ok","ok","True","Ho:0.567T Tb:0.611T","C3Fe14HoSi3Sm C3Fe14Si3SmTb"
"quinary/Tb/new-Cm/Al3C2Fe14GdSm_sub","Al3C2Fe14GdSm_sub","Gd_surrogate","new-Cm","ferrimagnetic","-172.82","17.4805","0.754","270.2","26.561","-7.012","1","ok","ok","True","Dy:0.625T Er:0.668T Tb:0.668T Tm:0.754T","Al3C2Fe14SmTb Al3C2DyFe14Sm Al3C2ErFe14Sm Al3C2Fe14SmTm"
"quinary/Tm/new-Amm2/CoFe18Gd4P12Y_sub","CoFe18Gd4P12Y_sub","Gd_surrogate","new-Amm2","ferrimagnetic","-5.32","-1.2934","0.033","452.34","-1.298","0.022","4","NO_TM_MOMENT;dE_WITHIN_NOISE","NO_TM_MOMENT;dE_WITHIN_NOISE","False","Tm:0.034T","CoFe18P12Tm4Y"
"quinary/Tm/new-Amm2/CoFe18GdP12Sc4_sub","CoFe18GdP12Sc4_sub","Gd_surrogate","new-Amm2","ferromagnetic","2.14","7.7963","0.207","438.36","0.966","6.88","1","fm:NOT_CONVERGED;ferri:NOT_CONVERGED;TM_SUBLATTICE_CHANGED;NO_TM_MOMENT;dE_WITHIN_NOISE","TM_SUBLATTICE_CHANGED;NO_TM_MOMENT;dE_WITHIN_NOISE","False","Tm:0.21T","CoFe18P12Sc4Tm"
"quinary/Tm/new-C2/Be3C3Fe13Gd2Mn_sub","Be3C3Fe13Gd2Mn_sub","Gd_surrogate","new-C2","ferrimagnetic","-147.28","6.0536","0.284","248.12","21.313","-13.96","2","ok","ok","True","Ho:0.001T Tm:0.282T","Be3C3Fe13MnTm2 Be3C3Fe13Ho2Mn"
"quinary/Tm/new-P-6/Ce4CoFe18GdP12_sub","Ce4CoFe18GdP12_sub","Gd_surrogate","new-P-6","ferrimagnetic","-25055802.34","-23.6918","0.595","464.09","-6.658","-7.238","1","ferri:NOT_CONVERGED;TM_SUBLATTICE_CHANGED;NO_TM_MOMENT;EXCHANGE_ENERGY_IMPLAUSIBLE;OTHER_SUBLATTICE_CHANGED:Ce","TM_SUBLATTICE_CHANGED;NO_TM_MOMENT;EXCHANGE_ENERGY_IMPLAUSIBLE;OTHER_SUBLATTICE_CHANGED:Ce","False","Tm:0.589T","Ce4CoFe18P12Tm"
"quinary/Tm/new-P-6/CoFe18GdLu4P12_sub","CoFe18GdLu4P12_sub","Gd_surrogate","new-P-6","ferrimagnetic","-14.32","-2.4028","0.063","447.93","5.105","-6.886","1","NO_TM_MOMENT;dE_WITHIN_NOISE","NO_TM_MOMENT;dE_WITHIN_NOISE","False","Tm:0.065T","CoFe18Lu4P12Tm"
"quinary/Tm/new-P-62m/CoFe18Gd3P12Sc2_sub","CoFe18Gd3P12Sc2_sub","Gd_surrogate","new-P-62m","ferrimagnetic","-25.12","-19.0369","0.5","444.07","2.86","-20.685","3","ferri:NOT_CONVERGED;TM_SUBLATTICE_CHANGED;NO_TM_MOMENT","TM_SUBLATTICE_CHANGED;NO_TM_MOMENT","False","Tm:0.508T","CoFe18P12Sc2Tm3"
"quinary/Tm/new-P6_mmm/Al2B2Fe6GdSm_sub","Al2B2Fe6GdSm_sub","Gd_surrogate","new-P6_mmm","ferrimagnetic","-172.41","1.3813","0.1","161.0","9.862","-7.019","1","ok","ok","True","Tm:0.101T","Al2B2Fe6SmTm"
"quinary/Tm/new-P6_mmm/B2Fe6GdLuSi2_sub","B2Fe6GdLuSi2_sub","Gd_surrogate","new-P6_mmm","ferrimagnetic","-192.31","-0.4565","0.036","148.35","7.698","-7.02","1","ok","ok","True","Tm:0.034T","B2Fe6LuSi2Tm"
"quinary/Tm/new-P6_mmm/B2Fe6GdScSi2_sub","B2Fe6GdScSi2_sub","Gd_surrogate","new-P6_mmm","ferrimagnetic","-201.26","-0.3346","0.027","146.79","7.989","-7.021","1","ok","ok","True","Er:0.184T Tm:0.025T","B2Fe6ScSi2Tm B2ErFe6ScSi2"
"quinary/Tm/new-P6_mmm/B2Fe6GdSi2Y_sub","B2Fe6GdSi2Y_sub","Gd_surrogate","new-P6_mmm","ferrimagnetic","-170.36","-0.0041","0.0","151.29","8.21","-7.004","1","ok","ok","True","Er:0.154T Tm:0.0T","B2Fe6Si2TmY B2ErFe6Si2Y"
"quinary/Tm/new-Pm/CrFe19Gd3P12Sc_sub","CrFe19Gd3P12Sc_sub","Gd_surrogate","new-Pm","ferrimagnetic","-960.09","-18.7218","0.497","438.79","1.201","-20.674","3","TM_SUBLATTICE_CHANGED;NO_TM_MOMENT;EXCHANGE_ENERGY_IMPLAUSIBLE","TM_SUBLATTICE_CHANGED;NO_TM_MOMENT;EXCHANGE_ENERGY_IMPLAUSIBLE","False","Tm:0.506T","CrFe19P12ScTm3"
"quinary/Tm/new-Pm/CrFe19Gd3P12Y_sub","CrFe19Gd3P12Y_sub","Gd_surrogate","new-Pm","ferrimagnetic","-48.94","-12.664","0.335","441.21","7.296","-20.672","3","NO_TM_MOMENT","NO_TM_MOMENT","False","Tm:0.343T","CrFe19P12Tm3Y"
"quinary/Tm/new-Pm/CrFe19GdP12Sc3_sub","CrFe19GdP12Sc3_sub","Gd_surrogate","new-Pm","ferrimagnetic","-40.02","1.6939","0.046","430.4","7.467","-6.894","1","ferri:NOT_CONVERGED;TM_SUBLATTICE_CHANGED;NO_TM_MOMENT","TM_SUBLATTICE_CHANGED;NO_TM_MOMENT","False","Tm:0.043T","CrFe19P12Sc3Tm"
"quinary/Tm/new-Pm/Fe11GdMnNbP7_sub","Fe11GdMnNbP7_sub","Gd_surrogate","new-Pm","ferrimagnetic","-9.34","-5.3613","0.254","246.21","-0.403","-6.879","1","TM_SUBLATTICE_CHANGED;NO_TM_MOMENT;dE_WITHIN_NOISE","TM_SUBLATTICE_CHANGED;NO_TM_MOMENT;dE_WITHIN_NOISE","False","Tm:0.259T","Fe11MnNbP7Tm"
"quinary/Tm/new-Pm/Fe11GdMnP7Zr_sub","Fe11GdMnP7Zr_sub","Gd_surrogate","new-Pm","","","","","248.27","-1.683","6.877","1","ok","","","","Fe11MnP7TmZr"
"quinary/Tm/new-R3m/Be3C3Fe14GdY_sub","Be3C3Fe14GdY_sub","Gd_surrogate","new-R3m","ferrimagnetic","-150.89","15.2358","0.707","250.97","24.276","-6.985","1","ok","ok","True","Tm:0.707T","Be3C3Fe14TmY"
"ternary/Dy/Th2Zn17-interstitial/Co16Dy2Mn_native","Co16Dy2Mn_native","native_direct","Th2Zn17-interstitial","","","","","","","","","fm:not_run;ferri:not_run","","","",""
"ternary/Dy/Th2Zn17-interstitial/Co16Gd2Mn_atDy_sub","Co16Gd2Mn_atDy_sub","Gd_surrogate_native","Th2Zn17-interstitial","","","","","","","","","fm:not_run;ferri:not_run","","","",""
"ternary/Dy/new-C2_m/Co19Fe4Gd6_sub","Co19Fe4Gd6_sub","Gd_surrogate","new-C2_m","ferrimagnetic","-220.87","-11.0831","0.31","417.01","36.219","-42.63","6","ok","ok","True","Dy:0.795T Tb:0.627T","Co19Dy6Fe4 Co19Fe4Tb6"
"ternary/Dy/new-Cm/Fe14Gd3Sc_sub","Fe14Gd3Sc_sub","Gd_surrogate","new-Cm","ferromagnetic","1639.77","45.0","2.014","260.33","25.732","20.203","3","fm:NOT_CONVERGED;ferri:NOT_CONVERGED;EXCHANGE_ENERGY_IMPLAUSIBLE;OTHER_SUBLATTICE_CHANGED:Sc","EXCHANGE_ENERGY_IMPLAUSIBLE;OTHER_SUBLATTICE_CHANGED:Sc","False","Dy:2.453T","Dy3Fe14Sc"
"ternary/Dy/new-P-3m1/B2Fe7Gd3_sub","B2Fe7Gd3_sub","Gd_surrogate","new-P-3m1","ferrimagnetic","-160905.56","0.104","0.004","328.89","-8.496","12.637","6","ferri:NOT_CONVERGED;TM_SUBLATTICE_CHANGED;EXCHANGE_ENERGY_IMPLAUSIBLE","TM_SUBLATTICE_CHANGED;EXCHANGE_ENERGY_IMPLAUSIBLE","False","Dy:0.265T Tm:0.052T","B4Dy5Fe14Tm"
"ternary/Dy/new-P-6/Fe12Gd2P7_sub","Fe12Gd2P7_sub","Gd_surrogate","new-P-6","ferromagnetic","0.01","14.5075","0.673","251.29","0.138","13.754","2","NO_TM_MOMENT;dE_WITHIN_NOISE","NO_TM_MOMENT;dE_WITHIN_NOISE","False","Dy:0.963T Tm:0.684T","DyFe12P7Tm"
"ternary/Dy/new-P-6m2/B2Fe7Gd3_sub","B2Fe7Gd3_sub","Gd_surrogate","new-P-6m2","ferromagnetic","336.0","64.641","2.326","323.89","24.14","40.606","6","ferri:NOT_CONVERGED","ok","True","Dy:3.024T Tm:2.376T","B4DyFe14Tm5"
"ternary/Dy/new-P3m1/B2Fe7Gd3_sub","B2Fe7Gd3_sub","Gd_surrogate","new-P3m1","ferromagnetic","1514.95","42.2052","1.517","324.24","-1.583","41.635","6","ferri:NOT_CONVERGED;TM_SUBLATTICE_CHANGED;NO_TM_MOMENT;EXCHANGE_ENERGY_IMPLAUSIBLE","TM_SUBLATTICE_CHANGED;NO_TM_MOMENT;EXCHANGE_ENERGY_IMPLAUSIBLE","False","Dy:2.177T Tb:1.961T Tm:1.53T","B2DyFe7Tm2 B4Fe14Tb3Tm3"
"ternary/Dy/new-P3m1/Fe18Gd5Y_sub","Fe18Gd5Y_sub","Gd_surrogate","new-P3m1","ferrimagnetic","-227287.69","-17.7757","0.573","361.4","17.427","-33.193","5","ferri:NOT_CONVERGED;EXCHANGE_ENERGY_IMPLAUSIBLE","EXCHANGE_ENERGY_IMPLAUSIBLE","False","Dy:1.115T Er:0.954T Tb:0.954T Tm:0.631T","Dy2Fe18Tm3Y Fe18Tb2Tm3Y Er2Fe18Tm3Y"
"ternary/Dy/new-Pm/Fe5GdP3_sub","Fe5GdP3_sub","Gd_surrogate","new-Pm","ferromagnetic","16.81","31.9906","0.848","439.58","3.618","27.493","4","ferri:NOT_CONVERGED;TM_SUBLATTICE_CHANGED;NO_TM_MOMENT;dE_WITHIN_NOISE","TM_SUBLATTICE_CHANGED;NO_TM_MOMENT;dE_WITHIN_NOISE","False","Dy:1.18T Ho:1.18T Tm:0.862T","DyFe20P12Tm3 Fe20HoP12Tm3 Dy3Fe20P12Tm Fe20Ho3P12Tm"
"ternary/Dy/new-Pmm2/AlFe2Gd_sub","AlFe2Gd_sub","Gd_surrogate","new-Pmm2","ferrimagnetic","-132.63","-7.2089","0.615","136.66","8.015","-14.036","2","ok","ok","True","Dy:1.123T Er:0.953T Ho:1.123T Tb:0.953T Tm:0.612T","Al2DyFe4Tb Al2Fe4HoTb Al2DyErFe4 Al2Fe4TbTm Al2DyFe4Tm"
"ternary/Dy/new-Pmm2/Fe2GaGd_sub","Fe2GaGd_sub","Gd_surrogate","new-Pmm2","ferrimagnetic","-134.65","-7.1338","0.614","135.36","8.066","-14.041","2","ok","ok","True","Dy:1.127T Tb:0.955T","DyFe4Ga2Tb"
"ternary/Dy/new-R-3m/B2Fe7Gd3_sub","B2Fe7Gd3_sub","Gd_surrogate","new-R-3m","ferrimagnetic","-1062.57","9.0416","0.643","163.96","20.17","-11.527","3","ferri:NOT_CONVERGED;TM_SUBLATTICE_CHANGED;EXCHANGE_ENERGY_IMPLAUSIBLE","TM_SUBLATTICE_CHANGED;EXCHANGE_ENERGY_IMPLAUSIBLE","False","Dy:0.751T Er:0.822T Ho:0.751T Tb:0.822T Tm:0.964T","B2DyFe7Ho2 B2Er2Fe7Ho B2Dy2Fe7Ho B2Fe7HoTm2 B2ErFe7Ho2 B2Fe7Ho2Tb B2Fe7HoTb2"
"ternary/Dy/new-R-3m/Co9GdZr2_sub","Co9GdZr2_sub","Gd_surrogate","new-R-3m","ferrimagnetic","-144.96","3.0","0.213","164.24","11.536","-7.007","1","ok","ok","True","Dy:0.0T","Co9DyZr2"
"ternary/Dy/new-R-3m/Fe8Gd3Ru_sub","Fe8Gd3Ru_sub","Gd_surrogate","new-R-3m","ferromagnetic","8426.28","35.0","2.228","183.04","14.586","20.288","3","ferri:NOT_CONVERGED;TM_SUBLATTICE_CHANGED;EXCHANGE_ENERGY_IMPLAUSIBLE;OTHER_SUBLATTICE_CHANGED:Ru","TM_SUBLATTICE_CHANGED;EXCHANGE_ENERGY_IMPLAUSIBLE;OTHER_SUBLATTICE_CHANGED:Ru","False","Dy:2.847T Er:2.656T Ho:2.847T Tb:2.656T Tm:2.274T","DyFe8RuTm2 Er2Fe8HoRu Er3Fe8Ru Fe8RuTbTm2 ErFe8RuTm2 DyEr2Fe8Ru ErFe8Ho2Ru Fe8Ho2RuTm Fe8Ho3Ru DyFe8Ho2Ru"
"ternary/Dy/new-R3m/CeCo17Gd_sub","CeCo17Gd_sub","Gd_surrogate","new-R3m","ferrimagnetic","-227.86","18.1267","0.872","242.34","26.535","-7.053","1","ok","ok","True","Dy:0.73T","CeCo17Dy"
"ternary/Dy/new-R3m/Fe14Gd3Lu_sub","Fe14Gd3Lu_sub","Gd_surrogate","new-R3m","ferromagnetic","478.58","45.0004","1.98","264.93","27.325","16.878","3","fm:NOT_CONVERGED;ferri:NOT_CONVERGED","ok","True","Dy:2.557T","Dy3Fe14Lu"
"ternary/Dy/new-R3m/Fe8Gd3Y_sub","Fe8Gd3Y_sub","Gd_surrogate","new-R3m","ferromagnetic","1682.73","35.0","2.137","190.9","15.361","20.179","3","ferri:NOT_CONVERGED;TM_SUBLATTICE_CHANGED;EXCHANGE_ENERGY_IMPLAUSIBLE;OTHER_SUBLATTICE_CHANGED:Y","TM_SUBLATTICE_CHANGED;EXCHANGE_ENERGY_IMPLAUSIBLE;OTHER_SUBLATTICE_CHANGED:Y","False","Dy:2.736T","Dy3Fe8Y"
"ternary/Dy/new-R3m/Fe8GdY3_sub","Fe8GdY3_sub","Gd_surrogate","new-R3m","ferrimagnetic","-340.94","7.0","0.424","192.2","16.901","-7.157","1","ok","ok","True","Dy:0.252T","DyFe8Y3"
"ternary/Dy/new-R3m/Fe9Gd2Sc_sub","Fe9Gd2Sc_sub","Gd_surrogate","new-R3m","ferrimagnetic","-315.19","1.0","0.067","174.48","17.467","-14.206","2","ok","ok","True","Dy:0.32T Er:0.187T Ho:0.32T Tm:0.081T","DyFe9ScTm Fe9HoScTm ErFe9ScTm"
"ternary/Er/Laves-C14/Co3FeGd2_sub","Co3FeGd2_sub","Gd_surrogate","Laves-C14","","","","","91.51","5.13","13.602","2","ok","","","","Co3Er2Fe Co3FeTm2 Co3FeHo2"
"ternary/Er/Laves/Co2Fe4Gd3_sub","Co2Fe4Gd3_sub","Gd_surrogate","Laves","ferromagnetic","8676.45","60.0","2.463","283.92","19.083","40.536","6","fm:NOT_CONVERGED;ferri:NOT_CONVERGED;EXCHANGE_ENERGY_IMPLAUSIBLE","EXCHANGE_ENERGY_IMPLAUSIBLE","False","Dy:3.262T Er:3.015T Tb:3.015T Tm:2.523T","Co2Er3Fe4 Co2Fe4Tm3 Co2Fe4Tb3 Co2Dy3Fe4"
"ternary/Er/RT3-PuNi3/Co2Fe7Gd3_sub","Co2Fe7Gd3_sub","Gd_surrogate","RT3-PuNi3","ferrimagnetic","-314.06","-4.4231","0.281","183.43","19.25","-21.392","3","ok","ok","True","Er:0.637T Tb:0.637T","Co2ErFe7Tb2"
"ternary/Er/RT3-PuNi3/Co4Fe5Gd3_sub","Co4Fe5Gd3_sub","Gd_surrogate","RT3-PuNi3","ferromagnetic","3086.68","34.0","2.24","176.93","13.695","20.287","3","ferri:NOT_CONVERGED;EXCHANGE_ENERGY_IMPLAUSIBLE","EXCHANGE_ENERGY_IMPLAUSIBLE","False","Er:2.682T","Co4Er3Fe5"
"ternary/Er/RT3-PuNi3/CoFe8Gd3_sub","CoFe8Gd3_sub","Gd_surrogate","RT3-PuNi3","ferromagnetic","1259.43","36.0","2.305","182.01","15.999","20.206","3","ferri:NOT_CONVERGED;TM_SUBLATTICE_CHANGED;EXCHANGE_ENERGY_IMPLAUSIBLE","TM_SUBLATTICE_CHANGED;EXCHANGE_ENERGY_IMPLAUSIBLE","False","Er:2.74T Ho:2.932T Tb:2.74T Tm:2.356T","CoEr2Fe8Tb CoFe8TbTm2 CoFe8Tb3 CoFe8Ho2Tb"
"ternary/Er/RT3-PuNi3/CoFe8Gd3_sub_R3m","CoFe8Gd3_sub_R3m","Gd_surrogate","RT3-PuNi3","ferrimagnetic","-2359.64","6.1326","0.388","184.13","20.264","-13.288","3","ferri:NOT_CONVERGED;EXCHANGE_ENERGY_IMPLAUSIBLE","EXCHANGE_ENERGY_IMPLAUSIBLE","False","Er:0.66T Tb:0.66T","CoErFe8Tb2"
"ternary/Er/Th2Zn17-interstitial/Co16Er2Mn_native","Co16Er2Mn_native","native_direct","Th2Zn17-interstitial","","","","","","","","","fm:not_run;ferri:not_run","","","",""
"ternary/Er/Th2Zn17-interstitial/Co16Gd2Mn_atEr_sub","Co16Gd2Mn_atEr_sub","Gd_surrogate_native","Th2Zn17-interstitial","","","","","","","","","fm:not_run;ferri:not_run","","","",""
"ternary/Er/new-Cm/B2Fe7Gd3_sub","B2Fe7Gd3_sub","Gd_surrogate","new-Cm","","","","","329.57","","","","ok","","","","B2Er2Fe7Tb"
"ternary/Er/new-Fm-3m/Co16Fe7Gd6_sub","Co16Fe7Gd6_sub","Gd_surrogate","new-Fm-3m","ferrimagnetic","-57.05","-15.1797","0.428","412.98","31.943","-42.564","6","ok","ok","True","Dy:0.92T Er:0.751T Ho:0.92T Tb:0.751T Tm:0.412T","Co16Er6Fe7 Co16Fe7Tm6 Co16Fe7Ho6 Co16Dy6Fe7 Co16Fe7Tb6"
"ternary/Er/new-Fm-3m/Co22GaGd6_sub","Co22GaGd6_sub","Gd_surrogate","new-Fm-3m","ferromagnetic","5490.8","69.4146","1.981","408.37","27.986","40.83","6","EXCHANGE_ENERGY_IMPLAUSIBLE","EXCHANGE_ENERGY_IMPLAUSIBLE","False","Er:2.357T","Co22Er6Ga"
"ternary/Er/new-Fm-3m/Co22Gd6Hf_sub","Co22Gd6Hf_sub","Gd_surrogate","new-Fm-3m","ferrimagnetic","-186.53","-18.0821","0.505","416.93","29.024","-42.48","6","ok","ok","True","Er:0.827T","Co22Er6Hf"
"ternary/Er/new-Fm-3m/Co22Gd6Nb_sub","Co22Gd6Nb_sub","Gd_surrogate","new-Fm-3m","ferromagnetic","3017.79","68.0884","1.92","413.34","27.072","40.866","6","EXCHANGE_ENERGY_IMPLAUSIBLE","EXCHANGE_ENERGY_IMPLAUSIBLE","False","Er:2.29T","Co22Er6Nb"
"ternary/Er/new-Fm-3m/Co22Gd6Ta_sub","Co22Gd6Ta_sub","Gd_surrogate","new-Fm-3m","ferromagnetic","4836.01","67.9416","1.922","411.97","26.822","40.878","6","ferri:FLIPPED;EXCHANGE_ENERGY_IMPLAUSIBLE","EXCHANGE_ENERGY_IMPLAUSIBLE","False","Er:2.293T","Co22Er6Ta"
"ternary/Er/new-Fm-3m/Co23Gd6N_sub","Co23Gd6N_sub","Gd_surrogate","new-Fm-3m","ferrimagnetic","-184.35","-12.3232","0.355","404.07","33.294","-42.198","6","ok","ok","True","Er:0.696T","Co23Er6N"
"ternary/Er/new-I4mm/Co23GdLu5_sub","Co23GdLu5_sub","Gd_surrogate","new-I4mm","ferrimagnetic","-195.34","22.8355","0.67","396.96","32.545","-7.054","1","ok","ok","True","Er:0.613T","Co23ErLu5"
"ternary/Er/new-Im-3m/Co6Fe2Gd3_sub","Co6Fe2Gd3_sub","Gd_surrogate","new-Im-3m","ferromagnetic","4710.67","64.3218","2.261","331.51","23.316","40.716","6","EXCHANGE_ENERGY_IMPLAUSIBLE","EXCHANGE_ENERGY_IMPLAUSIBLE","False","Dy:2.939T Er:2.728T Ho:2.939T Tb:2.728T Tm:2.306T","Co6Er3Fe2 Co6Fe2Tm3 Co6Fe2Tb3 Co6Fe2Ho3 Co6Dy3Fe2"
"ternary/Er/new-Imm2/Co23Gd4Y2_sub","Co23Gd4Y2_sub","Gd_surrogate","new-Imm2","ferrimagnetic","-200.85","0.1707","0.005","404.84","32.462","-28.346","4","OTHER_SUBLATTICE_CHANGED:Y","OTHER_SUBLATTICE_CHANGED:Y","False","Er:0.215T","Co23Er4Y2"
"ternary/Er/new-Immm/Al2Fe10Gd_sub","Al2Fe10Gd_sub","Gd_surrogate","new-Immm","ferrimagnetic","-251.3","12.8773","0.887","169.23","21.178","-7.059","1","ok","ok","True","Er:0.753T","Al2ErFe10"
"ternary/Er/new-Immm/Co21Fe2Gd6_sub","Co21Fe2Gd6_sub","Gd_surrogate","new-Immm","ferrimagnetic","-36.36","-18.4066","0.528","406.27","28.374","-42.522","6","ok","ok","True","Dy:1.029T Er:0.857T Tb:0.857T","Co21Er6Fe2 Co21Dy6Fe2 Co21Fe2Tb6"
"ternary/Er/new-Pmc2_1/Fe5GdP3_sub","Fe5GdP3_sub","Gd_surrogate","new-Pmc2_1","ferrimagnetic","-83511.12","-20.4658","0.541","440.58","6.307","-25.069","4","fm:NOT_CONVERGED;ferri:NOT_CONVERGED;TM_SUBLATTICE_CHANGED;NO_TM_MOMENT;EXCHANGE_ENERGY_IMPLAUSIBLE","TM_SUBLATTICE_CHANGED;NO_TM_MOMENT;EXCHANGE_ENERGY_IMPLAUSIBLE","False","Er:0.83T Ho:0.936T Tm:0.619T","ErFe20HoP12Tm2"
"ternary/Er/new-Pnma/Fe5GdP3_sub","Fe5GdP3_sub","Gd_surrogate","new-Pnma","ferromagnetic","1479.71","21.7347","0.575","440.87","-6.816","27.542","4","fm:FLIPPED;ferri:NOT_CONVERGED;NO_TM_MOMENT;EXCHANGE_ENERGY_IMPLAUSIBLE","NO_TM_MOMENT;EXCHANGE_ENERGY_IMPLAUSIBLE","False","Dy:0.904T Er:0.798T Ho:0.904T Tb:0.798T Tm:0.587T","ErFe10P6Tm ErFe20P12Tm3 Dy3Fe20P12Tb Fe10HoP6Tm ErFe10HoP6 Dy3Fe20HoP12 ErFe20Ho3P12"
"ternary/Er/new-R-3m/CeCo9Gd2_sub","CeCo9Gd2_sub","Gd_surrogate","new-R-3m","ferromagnetic","1350.95","24.0","1.618","172.91","10.804","13.518","2","ferri:NOT_CONVERGED;TM_SUBLATTICE_CHANGED;EXCHANGE_ENERGY_IMPLAUSIBLE","TM_SUBLATTICE_CHANGED;EXCHANGE_ENERGY_IMPLAUSIBLE","False","Er:1.92T","CeCo9Er2"
"ternary/Er/new-R-3m/Co9Fe5Gd4_sub","Co9Fe5Gd4_sub","Gd_surrogate","new-R-3m","ferrimagnetic","-244.37","-6.3718","0.286","259.63","24.615","-28.336","4","ok","ok","True","Er:0.63T","Co9Er4Fe5"
"ternary/Er/new-R-3m/Co9GdSc2_sub","Co9GdSc2_sub","Gd_surrogate","new-R-3m","ferrimagnetic","-198.24","3.0","0.214","163.05","11.789","-7.043","1","ok","ok","True","Er:0.075T Tb:0.075T","Co9ErSc2 Co9Sc2Tb"
"ternary/Er/new-R-3m/Fe3Gd2Os_sub","Fe3Gd2Os_sub","Gd_surrogate","new-R-3m","ferrimagnetic","-264.65","-17.3228","1.027","196.61","12.753","-28.392","4","OTHER_SUBLATTICE_CHANGED:Os","OTHER_SUBLATTICE_CHANGED:Os","False","Dy:1.715T Er:1.478T Ho:1.715T Tm:1.004T","ErFe6Ho3Os2 DyFe3OsTm DyFe3HoOs DyErFe3Os"
"ternary/Er/new-R-3m/Fe7GdY_sub","Fe7GdY_sub","Gd_surrogate","new-R-3m","ferrimagnetic","-341.34","12.0501","0.53","265.1","29.025","-14.28","2","ok","ok","True","Er:0.366T Ho:0.278T Tb:0.366T","ErFe7Y Fe7HoY Fe7TbY"
"ternary/Er/new-R-3m/Fe9GdNb2_sub","Fe9GdNb2_sub","Gd_surrogate","new-R-3m","ferrimagnetic","-201.73","8.1668","0.582","163.62","17.323","-7.018","1","ok","ok","True","Dy:0.369T Er:0.441T Ho:0.369T Tb:0.441T Tm:0.583T","ErFe9Nb2 Fe9HoNb2 Fe9Nb2Tm DyFe9Nb2 Fe9Nb2Tb"
"ternary/Er/new-R-3m/Fe9GdTa2_sub","Fe9GdTa2_sub","Gd_surrogate","new-R-3m","ferrimagnetic","-198.57","8.0","0.572","163.12","16.952","-7.017","1","ok","ok","True","Dy:0.358T Er:0.43T Ho:0.358T Tm:0.573T","ErFe9Ta2 Fe9HoTa2 Fe9Ta2Tm DyFe9Ta2"
"ternary/Er/new-R-3m/Fe9GdTi2_sub","Fe9GdTi2_sub","Gd_surrogate","new-R-3m","ferrimagnetic","-226.19","7.6865","0.556","161.16","17.514","-7.037","1","ok","ok","True","Er:0.414T Ho:0.342T Tb:0.414T Tm:0.558T","ErFe9Ti2 Fe9HoTi2 Fe9TbTi2 Fe9Ti2Tm"
"ternary/Er/new-R3m/Al5Fe18Gd6_sub","Al5Fe18Gd6_sub","Gd_surrogate","new-R3m","ferrimagnetic","-256.21","-11.0372","0.296","435.19","36.883","-42.717","6","ok","ok","True","Er:0.598T Tm:0.276T","Al5Er6Fe18 Al5Fe18Tm6"
"ternary/Er/new-R3m/CoFe13Gd4_sub","CoFe13Gd4_sub","Gd_surrogate","new-R3m","","","","","266.71","","","","ok","","","","CoEr3Fe13Tb CoFe13Ho3Tm"
"ternary/Er/new-R3m/Fe14GdY3_sub","Fe14GdY3_sub","Gd_surrogate","new-R3m","ferrimagnetic","-361.6","18.9897","0.831","266.39","28.826","-7.144","1","ok","ok","True","Dy:0.706T Er:0.75T Tb:0.75T","ErFe14Y3 DyFe14Y3 Fe14TbY3"
"ternary/Er/new-R3m/Fe6GdLu_sub","Fe6GdLu_sub","Gd_surrogate","new-R3m","","","","","351.39","","","","ok","","","","ErFe18Lu3Tm2"
"ternary/Gd/CaCu5-RT4X/AlFe4Gd_nat","AlFe4Gd_nat","native","CaCu5-RT4X","ferrimagnetic","-276.69","-0.0301","0.004","86.86","7.812","-7.066","1","ok","ok","True","Gd:0.005T","AlFe4Gd"
"ternary/Gd/CaCu5-RT4X/BCo4Gd_nat","BCo4Gd_nat","native","CaCu5-RT4X","ferrimagnetic","-131.71","-6.78","0.529","149.27","8.386","-14.011","2","ok","ok","True","Gd:0.528T","BCo4Gd"
"ternary/Gd/CaCu5-RT4X/BFe4Gd_nat","BFe4Gd_nat","native","CaCu5-RT4X","ferrimagnetic","-260.65","1.0849","0.08","158.48","16.904","-14.122","2","ok","ok","True","Gd:0.089T","BFe4Gd"
"ternary/Gd/CaCu5-RT4X/Co4GdSi_nat","Co4GdSi_nat","native","CaCu5-RT4X","ferrimagnetic","-155.34","-3.1428","0.442","82.83","4.446","-7.009","1","ok","ok","True","Gd:0.441T","Co4GdSi"
"ternary/Gd/CaCu5-RT4X/Co4GdY_nat","Co4GdY_nat","native","CaCu5-RT4X","ferrimagnetic","-190.03","-3.3345","0.418","92.95","4.769","-7.073","1","OTHER_SUBLATTICE_CHANGED:Y","OTHER_SUBLATTICE_CHANGED:Y","False","Gd:0.409T","Co4GdY"
"ternary/Gd/CaCu5-RT4X/Fe4GaGd_nat","Fe4GaGd_nat","native","CaCu5-RT4X","ferrimagnetic","-284.48","0.238","0.032","87.23","8.028","-7.068","1","ok","ok","True","Gd:0.041T","Fe4GaGd"
"ternary/Gd/Laves-C14/CoFe3Gd2_nat","CoFe3Gd2_nat","native","Laves-C14","ferrimagnetic","-329.15","-7.5293","0.901","97.4","8.291","-14.328","2","ok","ok","True","Gd:0.862T","CoFe3Gd2"
"ternary/Gd/Nd2Fe14B/BFe14Gd2_nat","BFe14Gd2_nat","native","Nd2Fe14B","ferrimagnetic","-304.34","67.5889","0.864","912.02","132.432","-56.724","8","ok","ok","True","Gd:0.873T","BFe14Gd2"
"ternary/Gd/Nd2Fe14B/CFe14Gd2_nat","CFe14Gd2_nat","native","Nd2Fe14B","ferrimagnetic","-290.14","59.9716","0.807","865.81","123.672","-56.644","8","ok","ok","True","Gd:0.816T","CFe14Gd2"
"ternary/Gd/Th2Zn17-interstitial/C3Fe17Gd2_nat","C3Fe17Gd2_nat","native","Th2Zn17-interstitial","ferrimagnetic","-197.74","20.4701","0.882","270.34","36.559","-14.016","2","ok","ok","True","Gd:0.883T","C3Fe17Gd2"
"ternary/Gd/Th2Zn17-interstitial/C3Fe34Gd4_nat","C3Fe34Gd4_nat","native","Th2Zn17-interstitial","ferrimagnetic","-264.7","45.0736","0.993","528.85","77.299","-28.208","4","ok","ok","True","Gd:0.998T","C3Fe34Gd4"
"ternary/Gd/Th2Zn17-interstitial/CFe17Gd2_nat","CFe17Gd2_nat","native","Th2Zn17-interstitial","ferrimagnetic","-378.14","7.2032","0.333","251.86","22.7","-14.042","2","ok","ok","True","Gd:0.335T","CFe17Gd2"
"ternary/Gd/Th2Zn17-interstitial/Fe17Gd2H3_nat","Fe17Gd2H3_nat","native","Th2Zn17-interstitial","ferrimagnetic","-27.74","14.1265","0.635","259.18","29.77","-14.07","2","ok","ok","True","Gd:0.638T","Fe17Gd2H3"
"ternary/Gd/Th2Zn17-interstitial/Fe17Gd2N2_nat","Fe17Gd2N2_nat","native","Th2Zn17-interstitial","ferrimagnetic","-232.48","23.7648","1.062","260.89","39.208","-14.014","2","ok","ok","True","Gd:1.062T","Fe17Gd2N2"
"ternary/Gd/new-Cmmm/B4Co11Gd3_nat","B4Co11Gd3_nat","native","new-Cmmm","","","","","214.76","7.266","20.52","3","ok","","","","B4Co11Gd3"
"ternary/Gd/new-I4_mcm/Co9GdSi4_nat","Co9GdSi4_nat","native","new-I4_mcm","ferrimagnetic","-36.91","-4.5707","0.157","340.29","10.476","-13.85","2","ok","ok","True","Gd:0.162T","Co9GdSi4"
"ternary/Gd/new-Imm2/Fe11GdW_nat","Fe11GdW_nat","native","new-Imm2","ferrimagnetic","-263.16","14.0587","0.957","171.12","22.886","-7.057","1","ok","ok","True","Gd:0.961T","Fe11GdW"
"ternary/Gd/new-Immm/Co5GdMo_nat","Co5GdMo_nat","native","new-Immm","ferrimagnetic","-169.26","5.6179","0.386","169.4","13.764","-7.017","1","ok","ok","True","Gd:0.388T","Co5GdMo"
"ternary/Gd/new-Immm/Fe5GdSi_nat","Fe5GdSi_nat","native","new-Immm","ferrimagnetic","-235.4","13.2659","0.937","164.97","21.404","-7.042","1","ok","ok","True","Gd:0.94T","Fe5GdSi"
"ternary/Gd/new-Immm/Fe5GdV_nat","Fe5GdV_nat","native","new-Immm","ferrimagnetic","-241.09","9.775","0.674","168.91","20.164","-7.045","1","ok","ok","True","Gd:0.678T","Fe5GdV"
"ternary/Gd/new-R3m/Co17GdSm_nat","Co17GdSm_nat","native","new-R3m","ferrimagnetic","-225.58","18.2774","0.886","240.3","26.646","-7.053","1","ok","ok","True","Gd:0.889T","Co17GdSm"
"ternary/Gd/new-R3m/Co23Gd3Y3_nat","Co23Gd3Y3_nat","native","new-R3m","ferrimagnetic","-202.61","8.0401","0.226","414.11","32.994","-21.234","3","ok","ok","True","Gd:0.233T","Co23Gd3Y3"
"ternary/Gd/new-R3m/Fe23Gd3Y3_nat","Fe23Gd3Y3_nat","native","new-R3m","ferrimagnetic","-308.55","27.6347","0.738","436.63","54.131","-21.423","3","OTHER_SUBLATTICE_CHANGED:Y","OTHER_SUBLATTICE_CHANGED:Y","False","Gd:0.749T","Fe23Gd3Y3"
"ternary/Ho/CaCu5-RT4X/Co4GdLu_sub","Co4GdLu_sub","Gd_surrogate","CaCu5-RT4X","ferrimagnetic","-179.19","-3.295","0.429","89.51","4.692","-7.059","1","OTHER_SUBLATTICE_CHANGED:Lu","OTHER_SUBLATTICE_CHANGED:Lu","False","Er:0.682T Ho:0.812T Tb:0.682T","Co4HoLu Co4ErLu Co4LuTb"
"ternary/Ho/RT3-PuNi3/Co2Fe7Gd3_sub","Co2Fe7Gd3_sub","Gd_surrogate","RT3-PuNi3","ferromagnetic","3762.88","35.0","2.227","183.16","15.111","20.175","3","ferri:NOT_CONVERGED;TM_SUBLATTICE_CHANGED;EXCHANGE_ENERGY_IMPLAUSIBLE","TM_SUBLATTICE_CHANGED;EXCHANGE_ENERGY_IMPLAUSIBLE","False","Ho:2.852T Tb:2.661T","Co2Fe7Ho2Tb"
"ternary/Ho/Th2Zn17-interstitial/Co16Gd2Mn_atHo_sub","Co16Gd2Mn_atHo_sub","Gd_surrogate_native","Th2Zn17-interstitial","","","","","","","","","fm:not_run;ferri:not_run","","","",""
"ternary/Ho/Th2Zn17-interstitial/Co16Ho2Mn_native","Co16Ho2Mn_native","native_direct","Th2Zn17-interstitial","","","","","","","","","fm:not_run;ferri:not_run","","","",""
"ternary/Ho/new-C2_m/CoFe6Gd2_sub","CoFe6Gd2_sub","Gd_surrogate","new-C2_m","ferromagnetic","1168.62","50.0007","2.182","267.03","22.823","27.07","4","fm:NOT_CONVERGED;ferri:NOT_CONVERGED;TM_SUBLATTICE_CHANGED;EXCHANGE_ENERGY_IMPLAUSIBLE","TM_SUBLATTICE_CHANGED;EXCHANGE_ENERGY_IMPLAUSIBLE","False","Ho:2.746T","CoFe6Ho2"
"ternary/Ho/new-C2_m/Fe3Gd2Os_sub","Fe3Gd2Os_sub","Gd_surrogate","new-C2_m","ferrimagnetic","-263.7","-17.3295","1.028","196.42","12.733","-28.388","4","OTHER_SUBLATTICE_CHANGED:Os","OTHER_SUBLATTICE_CHANGED:Os","False","Dy:1.717T Ho:1.717T Tb:1.48T Tm:1.005T","Fe6Ho3Os2Tm DyFe6Ho3Os2 Fe6Ho3Os2Tb DyFe6Ho2Os2Tb Dy2Fe6HoOs2Tb Dy3Fe6Os2Tb"
"ternary/Ho/new-Cm/Co3Fe11Gd4_sub","Co3Fe11Gd4_sub","Gd_surrogate","new-Cm","ferrimagnetic","-807.23","6.0314","0.262","268.4","32.776","-25.635","4","fm:NOT_CONVERGED;ferri:NOT_CONVERGED;TM_SUBLATTICE_CHANGED;EXCHANGE_ENERGY_IMPLAUSIBLE","TM_SUBLATTICE_CHANGED;EXCHANGE_ENERGY_IMPLAUSIBLE","False","Ho:0.362T","Co3Fe11Ho4"
"ternary/Ho/new-Cm/Fe7Gd4Os_sub","Fe7Gd4Os_sub","Gd_surrogate","new-Cm","ferromagnetic","11986.93","40.0","2.394","194.69","12.722","27.026","4","ferri:NOT_CONVERGED;EXCHANGE_ENERGY_IMPLAUSIBLE;OTHER_SUBLATTICE_CHANGED:Os","EXCHANGE_ENERGY_IMPLAUSIBLE;OTHER_SUBLATTICE_CHANGED:Os","False","Ho:3.171T Tb:2.932T","Fe7Ho3OsTb"
"ternary/Ho/new-I-4m2/CeCo22Gd_sub","CeCo22Gd_sub","Gd_surrogate","new-I-4m2","ferrimagnetic","-184.5","26.2596","1.02","300.07","34.664","-7.032","1","ok","ok","True","Ho:0.905T","CeCo22Ho"
"ternary/Ho/new-P1/Co3Fe4Gd2_sub","Co3Fe4Gd2_sub","Gd_surrogate","new-P1","ferromagnetic","18219.23","48.0","2.114","264.63","31.613","13.75","4","fm:NOT_CONVERGED;ferri:NOT_CONVERGED;EXCHANGE_ENERGY_IMPLAUSIBLE","EXCHANGE_ENERGY_IMPLAUSIBLE","False","Ho:3.27T","Co3Fe4Ho2"
"ternary/Ho/new-P3m1/Fe18GdY5_sub","Fe18GdY5_sub","Gd_surrogate","new-P3m1","ferrimagnetic","-368.51","26.6808","0.851","365.53","38.101","-7.155","1","ok","ok","True","Dy:0.76T Ho:0.76T Tb:0.792T","Fe18HoY5 DyFe18Y5 Fe18TbY5"
"ternary/Ho/new-P3m1/Fe9Gd2Y_sub","Fe9Gd2Y_sub","Gd_surrogate","new-P3m1","ferrimagnetic","-12038027.15","-27.9435","0.906","359.43","-10.693","-17.083","4","ferri:NOT_CONVERGED;TM_SUBLATTICE_CHANGED;EXCHANGE_ENERGY_IMPLAUSIBLE;OTHER_SUBLATTICE_CHANGED:Y","TM_SUBLATTICE_CHANGED;EXCHANGE_ENERGY_IMPLAUSIBLE;OTHER_SUBLATTICE_CHANGED:Y","False","Dy:1.649T Ho:1.649T Tm:1.26T","Fe18HoTm3Y2 DyFe18Tm3Y2"
"ternary/Ho/new-Pmm2/Fe2GdZn_sub","Fe2GdZn_sub","Gd_surrogate","new-Pmm2","ferrimagnetic","-166.1","-7.7666","0.678","133.41","7.733","-14.103","2","ok","ok","True","Dy:1.194T Ho:1.194T Tb:1.019T","Fe4HoTbZn2 DyFe4HoZn2"
"ternary/Ho/new-R-3m/Fe13Gd4Os_sub","Fe13Gd4Os_sub","Gd_surrogate","new-R-3m","","","","","269.04","","","","ok","","","","Fe13Ho4Os Er4Fe13Os Dy4Fe13Os"
"ternary/Ho/new-R-3m/Fe13Gd4Ru_sub","Fe13Gd4Ru_sub","Gd_surrogate","new-R-3m","ferrimagnetic","-83.03","6.0131","0.26","269.58","33.756","-27.71","4","fm:NOT_CONVERGED;ferri:NOT_CONVERGED;TM_SUBLATTICE_CHANGED;OTHER_SUBLATTICE_CHANGED:Ru","TM_SUBLATTICE_CHANGED;OTHER_SUBLATTICE_CHANGED:Ru","False","Ho:0.271T","Fe13Ho4Ru"
"ternary/Ho/new-R-3m/Fe9Gd2Y_sub","Fe9Gd2Y_sub","Gd_surrogate","new-R-3m","ferrimagnetic","-351.66","1.0","0.064","181.0","17.508","-14.294","2","ok","ok","True","Dy:0.303T Er:0.174T Ho:0.303T Tb:0.174T Tm:0.083T","Fe9HoTmY ErFe9TmY DyFe9TbY Fe9Tb2Y"
"ternary/Ho/new-R-3m/Fe9GdZr2_sub","Fe9GdZr2_sub","Gd_surrogate","new-R-3m","ferrimagnetic","-254.64","8.9995","0.61","172.05","18.526","-7.061","1","ok","ok","True","Er:0.478T Ho:0.41T Tb:0.478T Tm:0.614T","Fe9HoZr2 Fe9TbZr2 ErFe9Zr2 Fe9TmZr2"
"ternary/Ho/new-R3m/Co15Fe8Gd6_sub","Co15Fe8Gd6_sub","Gd_surrogate","new-R3m","ferrimagnetic","-385.8","-7.8345","0.22","415.56","39.613","-42.66","6","ok","ok","True","Ho:0.706T","Co15Fe8Ho6"
"ternary/Tb/RT3-PuNi3/Co11Fe7Gd6_sub","Co11Fe7Gd6_sub","Gd_surrogate","RT3-PuNi3","","","","","359.36","","","","ok","","","","Co11Fe7Tb6 Co11Fe7Ho6"
"ternary/Tb/RT3-PuNi3/Co5Fe13Gd6_sub","Co5Fe13Gd6_sub","Gd_surrogate","RT3-PuNi3","","","","","370.46","","","","ok","","","","Co5Fe13Tb6"
"ternary/Tb/Th2Zn17-interstitial/Co16Tb2Mn_native","Co16Tb2Mn_native","native_direct","Th2Zn17-interstitial","","","","","","","","","fm:not_run;ferri:not_run","","","",""
"ternary/Tb/Th2Zn17/Co16FeGd2_sub","Co16FeGd2_sub","Gd_surrogate","Th2Zn17","ferrimagnetic","-226.47","12.1213","0.583","242.22","27.71","-14.107","2","ok","ok","True","Er:0.396T Ho:0.3T Tb:0.396T Tm:0.588T","Co16FeTb2 Co16FeHo2 Co16FeTm2 Co16Er2Fe"
"ternary/Tb/new-Aem2/Co3GdY_sub","Co3GdY_sub","Gd_surrogate","new-Aem2","ferromagnetic","5987.19","21.0","1.393","175.68","6.784","13.812","2","ferri:NOT_CONVERGED;TM_SUBLATTICE_CHANGED;EXCHANGE_ENERGY_IMPLAUSIBLE;OTHER_SUBLATTICE_CHANGED:Y","TM_SUBLATTICE_CHANGED;EXCHANGE_ENERGY_IMPLAUSIBLE;OTHER_SUBLATTICE_CHANGED:Y","False","Dy:1.804T Tb:1.671T","Co3TbY Co3DyY"
"ternary/Tb/new-C2_m/Co5FeGd4_sub","Co5FeGd4_sub","Gd_surrogate","new-C2_m","","","","","177.76","6.256","27.584","4","ok","","","","Co5FeTb4 Co5Dy4Fe"
"ternary/Tb/new-Cm/Co6Gd3Y_sub","Co6Gd3Y_sub","Gd_surrogate","new-Cm","","","","","175.56","6.415","20.728","3","ok","","","","Co6Tb3Y Co6Dy3Y"
"ternary/Tb/new-Cm/Co6GdY3_sub","Co6GdY3_sub","Gd_surrogate","new-Cm","ferrimagnetic","-56.95","-0.0","0.0","177.78","7.812","-6.985","1","ok","ok","True","Tb:0.132T","Co6TbY3"
"ternary/Tb/new-Imm2/Fe7GdRe5_sub","Fe7GdRe5_sub","Gd_surrogate","new-Imm2","","","","","178.3","11.074","6.828","1","ok","","","","Fe7Re5Tb"
"ternary/Tb/new-P1/Co3Fe11Gd4_sub","Co3Fe11Gd4_sub","Gd_surrogate","new-P1","ferrimagnetic","-2508.61","6.0033","0.259","270.23","24.801","-17.043","4","fm:NOT_CONVERGED;ferri:NOT_CONVERGED;EXCHANGE_ENERGY_IMPLAUSIBLE","EXCHANGE_ENERGY_IMPLAUSIBLE","False","Dy:0.131T Tb:0.218T","Co3Fe11Tb4 Co3Dy4Fe11"
"ternary/Tb/new-P1/Co7Fe7Gd4_sub","Co7Fe7Gd4_sub","Gd_surrogate","new-P1","ferromagnetic","3124.61","47.0009","2.052","266.91","19.8","27.141","4","fm:NOT_CONVERGED;ferri:NOT_CONVERGED;TM_SUBLATTICE_CHANGED;EXCHANGE_ENERGY_IMPLAUSIBLE","TM_SUBLATTICE_CHANGED;EXCHANGE_ENERGY_IMPLAUSIBLE","False","Tb:2.439T","Co7Fe7Tb4"
"ternary/Tb/new-Pmmm/Fe10GdY_sub","Fe10GdY_sub","Gd_surrogate","new-Pmmm","ferrimagnetic","-278.37","12.514","0.85","171.61","20.929","-7.056","1","ok","ok","True","Tb:0.718T","Fe10TbY"
"ternary/Tb/new-R-3m/Co13Fe6Gd5_sub","Co13Fe6Gd5_sub","Gd_surrogate","new-R-3m","","","","","349.31","","","","ok","","","","Co13Fe6Tb5"
"ternary/Tb/new-R-3m/Co5Fe2Gd2_sub","Co5Fe2Gd2_sub","Gd_surrogate","new-R-3m","","","","","263.74","","","","ok","","","","Co5Fe2Tb2"
"ternary/Tb/new-R-3m/CoFe13Gd4_sub","CoFe13Gd4_sub","Gd_surrogate","new-R-3m","","","","","265.41","29.513","18.442","4","fm:NOT_CONVERGED","","","","CoFe13Tb2Tm2 CoEr4Fe13 CoEr3Fe13Ho CoEr3Fe13Tm CoFe13Tb4 CoDy4Fe13 CoFe13Ho2Tm2 CoFe13Ho4"
"ternary/Tb/new-R-3m/Fe8Gd3Os_sub","Fe8Gd3Os_sub","Gd_surrogate","new-R-3m","ferrimagnetic","-270.66","-5.3901","0.341","184.03","17.52","-21.242","3","OTHER_SUBLATTICE_CHANGED:Os","OTHER_SUBLATTICE_CHANGED:Os","False","Dy:0.896T Er:0.706T Ho:0.896T Tb:0.706T Tm:0.326T","Fe8OsTbTm2 Er2Fe8OsTb DyFe8OsTm2 DyEr2Fe8Os Fe8HoOsTm2 Dy2Fe8OsTm DyFe8Ho2Os ErFe8Ho2Os Dy2ErFe8Os DyFe8OsTb2 ErFe8OsTm2 Dy2Fe8HoOs Fe8OsTb3 Er3Fe8Os Er2Fe8OsTm Dy3Fe8Os Fe8OsTm3"
"ternary/Tb/new-R-3m/Fe9GdHf2_sub","Fe9GdHf2_sub","Gd_surrogate","new-R-3m","ferrimagnetic","-245.79","9.097","0.621","170.85","18.355","-7.055","1","ok","ok","True","Dy:0.42T Er:0.488T Ho:0.42T Tb:0.488T","Fe9Hf2Tb Fe9Hf2Ho ErFe9Hf2 DyFe9Hf2"
"ternary/Tb/new-R-3m/Fe9GdLu2_sub","Fe9GdLu2_sub","Gd_surrogate","new-R-3m","ferrimagnetic","-288.69","8.9067","0.582","178.36","18.017","-7.079","1","ok","ok","True","Tb:0.456T","Fe9Lu2Tb"
"ternary/Tb/new-R-3m/Fe9GdSc2_sub","Fe9GdSc2_sub","Gd_surrogate","new-R-3m","ferrimagnetic","-277.54","8.3412","0.566","171.67","17.71","-7.072","1","ok","ok","True","Er:0.435T Ho:0.367T Tb:0.435T Tm:0.571T","Fe9Sc2Tb Fe9HoSc2 ErFe9Sc2 Fe9Sc2Tm"
"ternary/Tb/new-R3m/Co16Gd2Mn_sub","Co16Gd2Mn_sub","Gd_surrogate","new-R3m","","","","","","","","","fm:not_run;ferri:not_run","","","","Co16MnTb2 Co16Dy2Mn Co16Ho2Mn Co16MnTm2 Co16Er2Mn"
"ternary/Tb/new-R3m/Co16Gd2Ti_sub","Co16Gd2Ti_sub","Gd_surrogate","new-R3m","ferrimagnetic","-219.23","7.1072","0.338","244.81","23.457","-14.105","2","ok","ok","True","Dy:0.058T Er:0.153T Ho:0.058T Tb:0.153T Tm:0.343T","Co16Tb2Ti Co16Dy2Ti Co16Ho2Ti Co16TiTm2 Co16Er2Ti"
"ternary/Tb/new-R3m/Co17GdY_sub","Co17GdY_sub","Gd_surrogate","new-R3m","ferrimagnetic","-225.71","18.4016","0.885","242.34","26.835","-7.054","1","ok","ok","True","Dy:0.743T Er:0.791T Ho:0.743T Tb:0.791T","Co17TbY Co17DyY Co17HoY Co17ErY"
"ternary/Tb/new-R3m/Fe8Gd3Os_sub","Fe8Gd3Os_sub","Gd_surrogate","new-R3m","ferromagnetic","21412.85","35.0","2.21","184.6","14.719","20.283","3","fm:NOT_CONVERGED;ferri:NOT_CONVERGED;EXCHANGE_ENERGY_IMPLAUSIBLE;OTHER_SUBLATTICE_CHANGED:Os","EXCHANGE_ENERGY_IMPLAUSIBLE;OTHER_SUBLATTICE_CHANGED:Os","False","Er:2.634T Ho:2.823T Tb:2.634T Tm:2.255T","Fe8OsTb2Tm ErFe8OsTb2 Fe8Ho2OsTm Fe8HoOsTb2"
"ternary/Tb/new-R3m/Fe9Gd2Lu_sub","Fe9Gd2Lu_sub","Gd_surrogate","new-R3m","ferromagnetic","805.84","29.0","1.884","179.42","16.288","13.459","2","ferri:NOT_CONVERGED;EXCHANGE_ENERGY_IMPLAUSIBLE;OTHER_SUBLATTICE_CHANGED:Lu","EXCHANGE_ENERGY_IMPLAUSIBLE;OTHER_SUBLATTICE_CHANGED:Lu","False","Dy:2.309T Ho:2.309T Tb:2.179T Tm:1.919T","Fe9LuTbTm DyFe9LuTm Fe9HoLuTm"
"ternary/Tb/new-R3m/Fe9Gd2Zr_sub","Fe9Gd2Zr_sub","Gd_surrogate","new-R3m","ferrimagnetic","-307.55","1.0","0.066","176.47","17.749","-14.205","2","ok","ok","True","Dy:0.317T Tb:0.185T Tm:0.08T","Fe9TbTmZr Fe9Tm2Zr Dy2Fe9Zr"
"ternary/Tb/new-R3m/Fe9GdY2_sub","Fe9GdY2_sub","Gd_surrogate","new-R3m","ferrimagnetic","-289036.79","7.8967","0.501","183.82","17.553","-7.181","1","ferri:NOT_CONVERGED;MIXED_CONSTRAINT;EXCHANGE_ENERGY_IMPLAUSIBLE","MIXED_CONSTRAINT;EXCHANGE_ENERGY_IMPLAUSIBLE","False","Tb:0.385T","Fe9TbY2"
"ternary/Tm/CaCu5-RT4X/Fe4GdLu_sub","Fe4GdLu_sub","Gd_surrogate","CaCu5-RT4X","ferrimagnetic","-318.82","-0.7464","0.094","92.4","7.688","-7.14","1","ok","ok","True","Er:0.329T Tm:0.076T","Fe4LuTm ErFe4Lu"
"ternary/Tm/CaCu5-RT4X/Fe4GdSi_sub","Fe4GdSi_sub","Gd_surrogate","CaCu5-RT4X","ferrimagnetic","-186.05","0.0223","0.003","83.47","7.72","-7.016","1","ok","ok","True","Dy:0.414T Ho:0.414T Tb:0.274T Tm:0.005T","Fe4SiTm Fe4HoSi DyFe4Si Fe4SiTb"
"ternary/Tm/RT3-PuNi3/Co5Fe4Gd3_sub","Co5Fe4Gd3_sub","Gd_surrogate","RT3-PuNi3","ferromagnetic","9812.27","33.0","2.182","176.29","12.519","20.336","3","ferri:NOT_CONVERGED;EXCHANGE_ENERGY_IMPLAUSIBLE","EXCHANGE_ENERGY_IMPLAUSIBLE","False","Tm:2.225T","Co5Fe4Tm3"
"ternary/Tm/Th2Zn17-interstitial/Co16Gd2Mn_atTm_sub","Co16Gd2Mn_atTm_sub","Gd_surrogate_native","Th2Zn17-interstitial","","","","","","","","","fm:not_run;ferri:not_run","","","",""
"ternary/Tm/Th2Zn17-interstitial/Co16Tm2Mn_native","Co16Tm2Mn_native","native_direct","Th2Zn17-interstitial","","","","","","","","","fm:not_run;ferri:not_run","","","",""
"ternary/Tm/new-C2_m/BeCo16Gd2_sub","BeCo16Gd2_sub","Gd_surrogate","new-C2_m","ferrimagnetic","-213.15","8.476","0.422","233.83","24.04","-14.09","2","ok","ok","True","Dy:0.128T Tb:0.228T Tm:0.427T","BeCo16Tm2 BeCo16Dy2 BeCo16Tb2"
"ternary/Tm/new-C2_m/Co18Fe5Gd6_sub","Co18Fe5Gd6_sub","Gd_surrogate","new-C2_m","ferrimagnetic","-218.97","-10.6267","0.304","407.35","36.529","-42.626","6","ok","ok","True","Dy:0.801T Er:0.629T Ho:0.801T Tb:0.629T Tm:0.286T","Co18Fe5Tm6 Co18Er6Fe5 Co18Fe5Ho6 Co18Dy6Fe5 Co18Fe5Tb6"
"ternary/Tm/new-Fm-3m/Co22FeGd6_sub","Co22FeGd6_sub","Gd_surrogate","new-Fm-3m","ferrimagnetic","-210.81","-13.9259","0.402","403.61","33.023","-42.6","6","ok","ok","True","Dy:0.905T Er:0.731T Tb:0.731T Tm:0.385T","Co22FeTm6 Co22Er6Fe Co22Dy6Fe Co22FeTb6"
"ternary/Tm/new-Fm-3m/Co7Fe16Gd6_sub","Co7Fe16Gd6_sub","Gd_surrogate","new-Fm-3m","ferrimagnetic","-268.46","1.9039","0.053","419.34","49.674","-42.822","6","ok","ok","True","Tm:0.076T","Co7Fe16Tm6"
"ternary/Tm/new-I4mm/Co23GdY5_sub","Co23GdY5_sub","Gd_surrogate","new-I4mm","ferrimagnetic","-203.27","22.9047","0.643","414.89","33.093","-7.061","1","ok","ok","True","Tm:0.645T","Co23TmY5"
"ternary/Tm/new-Imm2/Al6Fe17Gd6_sub","Al6Fe17Gd6_sub","Gd_surrogate","new-Imm2","","","","","432.28","28.298","40.795","6","ok","","","","Al6Fe17Tm6"
"ternary/Tm/new-Immm/Co17Fe6Gd6_sub","Co17Fe6Gd6_sub","Gd_surrogate","new-Immm","ferrimagnetic","-222.33","-9.7037","0.276","409.9","37.542","-42.638","6","ok","ok","True","Dy:0.77T Tb:0.599T Tm:0.258T","Co17Fe6Tm6 Co17Dy6Fe6 Co17Fe6Tb6"
"ternary/Tm/new-P-3m1/Co16Gd2Hf_sub","Co16Gd2Hf_sub","Gd_surrogate","new-P-3m1","ferrimagnetic","-214.79","14.1964","0.337","491.41","46.119","-28.196","4","ok","ok","True","Tm:0.341T","Co16HfTm2"
"ternary/Tm/new-P-6m2/Fe18Gd5Y_sub","Fe18Gd5Y_sub","Gd_surrogate","new-P-6m2","ferrimagnetic","-79.56","-22.5291","0.736","356.85","15.433","-35.244","5","fm:NOT_CONVERGED;TM_SUBLATTICE_CHANGED","TM_SUBLATTICE_CHANGED","False","Dy:1.218T Er:1.054T Tb:1.054T Tm:0.728T","Fe18Tm5Y Er5Fe18Y Dy3Fe18Tb2Y Dy5Fe18Y"
"ternary/Tm/new-P1/Fe20Gd9Y_sub","Fe20Gd9Y_sub","Gd_surrogate","new-P1","","","","","465.1","","","","ok","","","","Fe20Tm9Y"
"ternary/Tm/new-P3m1/Co8GdLu3_sub","Co8GdLu3_sub","Gd_surrogate","new-P3m1","ferrimagnetic","-172.11","0.5744","0.038","177.56","9.257","-7.057","1","ok","ok","True","Tm:0.041T","Co8Lu3Tm"
"ternary/Tm/new-P3m1/Fe6GdY_sub","Fe6GdY_sub","Gd_surrogate","new-P3m1","ferrimagnetic","-812.43","25.0824","0.811","360.62","36.003","-7.609","3","ferri:NOT_CONVERGED;EXCHANGE_ENERGY_IMPLAUSIBLE","EXCHANGE_ENERGY_IMPLAUSIBLE","False","Dy:0.733T Er:0.766T Ho:0.733T Tm:0.83T","Fe6TmY ErFe18Tm2Y3 Fe18Ho2TmY3 DyFe18Tm2Y3 Dy2Fe18HoY3 DyFe6Y"
"ternary/Tm/new-P6_3_mmc/AlFe3Gd2_sub","AlFe3Gd2_sub","Gd_surrogate","new-P6_3_mmc","","","","","194.62","","","","ok","","","","AlFe3Tm2"
"ternary/Tm/new-P6_3_mmc/B2Fe7Gd3_sub","B2Fe7Gd3_sub","Gd_surrogate","new-P6_3_mmc","","","","","323.9","","","","ok","","","","B2Fe7Tm3 B2Er3Fe7 B2Dy3Fe7 B4Dy5Fe14Tb B2Dy2Fe7Tb B2DyEr2Fe7 B2Fe7TbTm2 B2Fe7Tb3"
"ternary/Tm/new-R-3m/Co19Fe4Gd6_sub","Co19Fe4Gd6_sub","Gd_surrogate","new-R-3m","ferrimagnetic","-370.95","-11.3817","0.326","406.9","35.742","-42.624","6","ok","ok","True","Er:0.652T Ho:0.824T Tm:0.308T","Co19Fe4Tm6 Co19Er6Fe4 Co19Fe4Ho6"
"ternary/Tm/new-R-3m/Co9Gd2Nd_sub","Co9Gd2Nd_sub","Gd_surrogate","new-R-3m","ferromagnetic","1216.52","24.599","1.623","176.64","11.456","13.518","2","ferri:NOT_CONVERGED;MIXED_CONSTRAINT;TM_SUBLATTICE_CHANGED;EXCHANGE_ENERGY_IMPLAUSIBLE","MIXED_CONSTRAINT;TM_SUBLATTICE_CHANGED;EXCHANGE_ENERGY_IMPLAUSIBLE","False","Er:1.919T Tm:1.655T","Co9NdTm2 Co9Er2Nd"
"ternary/Tm/new-R-3m/Fe3Gd2Ru_sub","Fe3Gd2Ru_sub","Gd_surrogate","new-R-3m","ferrimagnetic","-268.73","-8.5618","1.033","96.55","6.378","-14.216","2","OTHER_SUBLATTICE_CHANGED:Ru","OTHER_SUBLATTICE_CHANGED:Ru","False","Er:1.49T Tm:1.007T","Fe3RuTm2 Er2Fe3Ru"
"ternary/Tm/new-R3m/Al3Fe20Gd6_sub","Al3Fe20Gd6_sub","Gd_surrogate","new-R3m","ferrimagnetic","-265.62","-5.4088","0.148","425.83","42.595","-42.792","6","ok","ok","True","Tm:0.126T","Al3Fe20Tm6"
"ternary/Tm/new-R3m/Co14Ga3Gd2_sub","Co14Ga3Gd2_sub","Gd_surrogate","new-R3m","ferrimagnetic","-159.65","3.5793","0.169","247.01","19.161","-14.038","2","ok","ok","True","Dy:0.112T Er:0.018T Ho:0.112T Tm:0.171T","Co14Ga3Tm2 Co14Dy2Ga3 Co14Er2Ga3 Co14Ga3Ho2"
"ternary/Tm/new-R3m/Co17GdLu_sub","Co17GdLu_sub","Gd_surrogate","new-R3m","ferrimagnetic","-224.72","18.3261","0.898","237.81","26.636","-7.051","1","ok","ok","True","Tm:0.901T","Co17LuTm"
"ternary/Tm/new-R3m/Co23Gd3Lu3_sub","Co23Gd3Lu3_sub","Gd_surrogate","new-R3m","ferrimagnetic","-199.32","8.1848","0.237","402.26","32.696","-21.213","3","ok","ok","True","Tm:0.243T","Co23Lu3Tm3"
"ternary/Tm/new-R3m/Co8Gd3Mg_sub","Co8Gd3Mg_sub","Gd_surrogate","new-R3m","","","","","175.94","8.221","20.393","3","ok","","","","Co8MgTm3"
"ternary/Tm/new-R3m/Fe6GdHf_sub","Fe6GdHf_sub","Gd_surrogate","new-R3m","","","","","339.47","","","","ok","","","","Fe6HfTm"
"ternary/Tm/new-R3m/Fe8GdZr3_sub","Fe8GdZr3_sub","Gd_surrogate","new-R3m","ferrimagnetic","-330.72","5.6056","0.365","178.87","15.948","-7.124","1","ok","ok","True","Ho:0.178T Tm:0.373T","Fe8TmZr3 Fe8HoZr3"
