compound,kind,hree_group,arity,polytype,spacegroup,run_path,substituted_from,parent_hree,n_parents,parents,sources,e_hull_min_eV_atom,structure_file
CoFe3GdY_sub,Gd_surrogate,Dy,quaternary,CaCu5-RT4X,R3m,runs/quaternary/Dy/CaCu5-RT4X/CoFe3GdY_sub,CoDyFe3Y,Dy Ho,2,CoDyFe3Y CoFe3HoY,GNoME,-0.0099,structures/Gd_substituted/CoFe3GdY_from_CoDyFe3Y.CIF
Fe2Gd_sub,Gd_surrogate,Dy,binary,Laves-C15,Fd-3m,runs/binary/Dy/Laves-C15/Fe2Gd_sub,Dy3Fe8Ho,Dy Er Ho,4,Dy3Fe8Ho DyFe4Ho ErFe4Ho DyErFe4,Alexandria;GNoME,-0.0001,structures/Gd_substituted/Fe2Gd_from_Dy3Fe8Ho.CIF
Fe3Gd_sub,Gd_surrogate,Dy,binary,RT3-PuNi3,P6_3/mmc,runs/binary/Dy/RT3-PuNi3/Fe3Gd_sub,Dy5Fe18Tb,Dy Tb,1,Dy5Fe18Tb,GNoME,0.0001,structures/Gd_substituted/Fe3Gd_from_Dy5Fe18Tb.CIF
Co17Gd2_sub,Gd_surrogate,Dy,binary,Th2Zn17,R-3m,runs/binary/Dy/Th2Zn17/Co17Gd2_sub,Co17DyTb,Dy Er Tb Tm,3,Co17DyTb Co17DyTm Co17ErTm,GNoME,-0.0001,structures/Gd_substituted/Co17Gd2_from_Co17DyTb.CIF
Al5C2Fe12GdSm_sub,Gd_surrogate,Dy,quinary,ThMn12-stabilized,Cm,runs/quinary/Dy/ThMn12-stabilized/Al5C2Fe12GdSm_sub,Al5C2DyFe12Sm,Dy,1,Al5C2DyFe12Sm,GNoME,-0.0086,structures/Gd_substituted/Al5C2Fe12GdSm_from_Al5C2DyFe12Sm.CIF
Fe12GdHfP7_sub,Gd_surrogate,Dy,quaternary,ThMn12-stabilized,P-6,runs/quaternary/Dy/ThMn12-stabilized/Fe12GdHfP7_sub,DyFe12HfP7,Dy,1,DyFe12HfP7,GNoME,-0.0503,structures/Gd_substituted/Fe12GdHfP7_from_DyFe12HfP7.CIF
Fe12GdLuP7_sub,Gd_surrogate,Dy,quaternary,ThMn12-stabilized,P-6,runs/quaternary/Dy/ThMn12-stabilized/Fe12GdLuP7_sub,DyFe12LuP7,Dy Tm,2,DyFe12LuP7 Fe12LuP7Tm,GNoME,-0.0018,structures/Gd_substituted/Fe12GdLuP7_from_DyFe12LuP7.CIF
Fe12GdMgP7_sub,Gd_surrogate,Dy,quaternary,ThMn12-stabilized,P-6,runs/quaternary/Dy/ThMn12-stabilized/Fe12GdMgP7_sub,DyFe12MgP7,Dy Tm,2,DyFe12MgP7 Fe12MgP7Tm,GNoME,-0.0188,structures/Gd_substituted/Fe12GdMgP7_from_DyFe12MgP7.CIF
Fe12GdP7Sc_sub,Gd_surrogate,Dy,quaternary,ThMn12-stabilized,P-6,runs/quaternary/Dy/ThMn12-stabilized/Fe12GdP7Sc_sub,DyFe12P7Sc,Dy,1,DyFe12P7Sc,GNoME,-0.0393,structures/Gd_substituted/Fe12GdP7Sc_from_DyFe12P7Sc.CIF
Fe12GdP7Y_sub,Gd_surrogate,Dy,quaternary,ThMn12-stabilized,P-6,runs/quaternary/Dy/ThMn12-stabilized/Fe12GdP7Y_sub,DyFe12P7Y,Dy Tm,2,DyFe12P7Y Fe12P7TmY,GNoME,-0.0335,structures/Gd_substituted/Fe12GdP7Y_from_DyFe12P7Y.CIF
Fe12GdP7Zr_sub,Gd_surrogate,Dy,quaternary,ThMn12-stabilized,P-6,runs/quaternary/Dy/ThMn12-stabilized/Fe12GdP7Zr_sub,DyFe12P7Zr,Dy Tm,2,DyFe12P7Zr Fe12P7TmZr,GNoME,-0.0018,structures/Gd_substituted/Fe12GdP7Zr_from_DyFe12P7Zr.CIF
AlC3Fe14Gd2Si2_sub,Gd_surrogate,Dy,quinary,new-C2_m,C2/m,runs/quinary/Dy/new-C2_m/AlC3Fe14Gd2Si2_sub,AlC3Dy2Fe14Si2,Dy Tb,2,AlC3Dy2Fe14Si2 AlC3Fe14Si2Tb2,GNoME,-0.0316,structures/Gd_substituted/AlC3Fe14Gd2Si2_from_AlC3Dy2Fe14Si2.CIF
Co19Fe4Gd6_sub,Gd_surrogate,Dy,ternary,new-C2_m,C2/m,runs/ternary/Dy/new-C2_m/Co19Fe4Gd6_sub,Co19Dy6Fe4,Dy Tb,2,Co19Dy6Fe4 Co19Fe4Tb6,GNoME,-0.0147,structures/Gd_substituted/Co19Fe4Gd6_from_Co19Dy6Fe4.CIF
Co3Gd2_sub,Gd_surrogate,Dy,binary,new-C2_m,C2/m,runs/binary/Dy/new-C2_m/Co3Gd2_sub,Co6Dy3Tb,Dy Ho Tb,2,Co6Dy3Tb Co6HoTb3,GNoME,-0.0105,structures/Gd_substituted/Co3Gd2_from_Co6Dy3Tb.CIF
C2Fe14Ga3Gd2_sub,Gd_surrogate,Dy,quaternary,new-Cm,Cm,runs/quaternary/Dy/new-Cm/C2Fe14Ga3Gd2_sub,C2DyErFe14Ga3,Dy Er,1,C2DyErFe14Ga3,GNoME,-0.0187,structures/Gd_substituted/C2Fe14Ga3Gd2_from_C2DyErFe14Ga3.CIF
Fe14Gd3Sc_sub,Gd_surrogate,Dy,ternary,new-Cm,Cm,runs/ternary/Dy/new-Cm/Fe14Gd3Sc_sub,Dy3Fe14Sc,Dy,1,Dy3Fe14Sc,GNoME,-0.0015,structures/Gd_substituted/Fe14Gd3Sc_from_Dy3Fe14Sc.CIF
Co3Gd2_sub,Gd_surrogate,Dy,binary,new-Cmce,Cmce,runs/binary/Dy/new-Cmce/Co3Gd2_sub,Co6DyTb3,Dy Ho Tb,3,Co6DyTb3 Co3DyTb Co3DyHo,GNoME,-0.0127,structures/Gd_substituted/Co3Gd2_from_Co6DyTb3.CIF
B2Fe7Gd3_sub,Gd_surrogate,Dy,ternary,new-P-3m1,P-3m1,runs/ternary/Dy/new-P-3m1/B2Fe7Gd3_sub,B4Dy5Fe14Tm,Dy Tm,1,B4Dy5Fe14Tm,GNoME,-0.0073,structures/Gd_substituted/B2Fe7Gd3_from_B4Dy5Fe14Tm.CIF
Fe12Gd2P7_sub,Gd_surrogate,Dy,ternary,new-P-6,P-6,runs/ternary/Dy/new-P-6/Fe12Gd2P7_sub,DyFe12P7Tm,Dy Tm,1,DyFe12P7Tm,GNoME,-0.0029,structures/Gd_substituted/Fe12Gd2P7_from_DyFe12P7Tm.CIF
B2Fe7Gd3_sub,Gd_surrogate,Dy,ternary,new-P-6m2,P-6m2,runs/ternary/Dy/new-P-6m2/B2Fe7Gd3_sub,B4DyFe14Tm5,Dy Tm,1,B4DyFe14Tm5,GNoME,-0.0102,structures/Gd_substituted/B2Fe7Gd3_from_B4DyFe14Tm5.CIF
B4Fe14Gd5Y_sub,Gd_surrogate,Dy,quaternary,new-P-6m2,P-6m2,runs/quaternary/Dy/new-P-6m2/B4Fe14Gd5Y_sub,B4Dy5Fe14Y,Dy,1,B4Dy5Fe14Y,GNoME,-0.0074,structures/Gd_substituted/B4Fe14Gd5Y_from_B4Dy5Fe14Y.CIF
Fe18GdHf4Y_sub,Gd_surrogate,Dy,quaternary,new-P-6m2,P-6m2,runs/quaternary/Dy/new-P-6m2/Fe18GdHf4Y_sub,DyFe18Hf4Y,Dy Er Ho Tm,4,DyFe18Hf4Y Fe18Hf4HoY ErFe18Hf4Y Fe18Hf4TmY,GNoME,-0.0198,structures/Gd_substituted/Fe18GdHf4Y_from_DyFe18Hf4Y.CIF
B2Fe7Gd3_sub,Gd_surrogate,Dy,ternary,new-P3m1,P3m1,runs/ternary/Dy/new-P3m1/B2Fe7Gd3_sub,B2DyFe7Tm2,Dy Tb Tm,2,B2DyFe7Tm2 B4Fe14Tb3Tm3,GNoME,-0.0069,structures/Gd_substituted/B2Fe7Gd3_from_B2DyFe7Tm2.CIF
Fe18Gd5Y_sub,Gd_surrogate,Dy,ternary,new-P3m1,P3m1,runs/ternary/Dy/new-P3m1/Fe18Gd5Y_sub,Dy2Fe18Tm3Y,Dy Er Tb Tm,3,Dy2Fe18Tm3Y Fe18Tb2Tm3Y Er2Fe18Tm3Y,GNoME,-0.0031,structures/Gd_substituted/Fe18Gd5Y_from_Dy2Fe18Tm3Y.CIF
B2Fe7GdLu2_sub,Gd_surrogate,Dy,quaternary,new-P6_3_mmc,P6_3/mmc,runs/quaternary/Dy/new-P6_3_mmc/B2Fe7GdLu2_sub,B2DyFe7Lu2,Dy Tb,2,B2DyFe7Lu2 B2Fe7Lu2Tb,GNoME,-0.0105,structures/Gd_substituted/B2Fe7GdLu2_from_B2DyFe7Lu2.CIF
B2Fe7GdY2_sub,Gd_surrogate,Dy,quaternary,new-P6_3_mmc,P6_3/mmc,runs/quaternary/Dy/new-P6_3_mmc/B2Fe7GdY2_sub,B2DyFe7Y2,Dy,1,B2DyFe7Y2,GNoME,-0.006,structures/Gd_substituted/B2Fe7GdY2_from_B2DyFe7Y2.CIF
CoFe11Gd2P7_sub,Gd_surrogate,Dy,quaternary,new-Pm,Pm,runs/quaternary/Dy/new-Pm/CoFe11Gd2P7_sub,CoDy2Fe11P7,Dy,1,CoDy2Fe11P7,GNoME,-0.0119,structures/Gd_substituted/CoFe11Gd2P7_from_CoDy2Fe11P7.CIF
Cr2Fe18Gd3P12Y_sub,Gd_surrogate,Dy,quinary,new-Pm,Pm,runs/quinary/Dy/new-Pm/Cr2Fe18Gd3P12Y_sub,Cr2Dy3Fe18P12Y,Dy,1,Cr2Dy3Fe18P12Y,GNoME,-0.0126,structures/Gd_substituted/Cr2Fe18Gd3P12Y_from_Cr2Dy3Fe18P12Y.CIF
CrFe19Gd2P12Y2_sub,Gd_surrogate,Dy,quinary,new-Pm,Pm,runs/quinary/Dy/new-Pm/CrFe19Gd2P12Y2_sub,CrDy2Fe19P12Y2,Dy,1,CrDy2Fe19P12Y2,GNoME,-0.0254,structures/Gd_substituted/CrFe19Gd2P12Y2_from_CrDy2Fe19P12Y2.CIF
CrFe9Gd2P6_sub,Gd_surrogate,Dy,quaternary,new-Pm,Pm,runs/quaternary/Dy/new-Pm/CrFe9Gd2P6_sub,Cr2Dy3Fe18P12Tm,Dy Tm,1,Cr2Dy3Fe18P12Tm,GNoME,-0.0137,structures/Gd_substituted/CrFe9Gd2P6_from_Cr2Dy3Fe18P12Tm.CIF
Fe11Gd2P7W_sub,Gd_surrogate,Dy,quaternary,new-Pm,Pm,runs/quaternary/Dy/new-Pm/Fe11Gd2P7W_sub,Dy2Fe11P7W,Dy,1,Dy2Fe11P7W,GNoME,-0.0179,structures/Gd_substituted/Fe11Gd2P7W_from_Dy2Fe11P7W.CIF
Fe11GdNiP7Y_sub,Gd_surrogate,Dy,quinary,new-Pm,Pm,runs/quinary/Dy/new-Pm/Fe11GdNiP7Y_sub,DyFe11NiP7Y,Dy Tm,2,DyFe11NiP7Y Fe11NiP7TmY,GNoME,-0.0356,structures/Gd_substituted/Fe11GdNiP7Y_from_DyFe11NiP7Y.CIF
Fe19Gd4P12Ti_sub,Gd_surrogate,Dy,quaternary,new-Pm,Pm,runs/quaternary/Dy/new-Pm/Fe19Gd4P12Ti_sub,Dy4Fe19P12Ti,Dy,1,Dy4Fe19P12Ti,Alexandria;GNoME,-0.0035,structures/Gd_substituted/Fe19Gd4P12Ti_from_Dy4Fe19P12Ti.CIF
Fe20Gd3P12Sc_sub,Gd_surrogate,Dy,quaternary,new-Pm,Pm,runs/quaternary/Dy/new-Pm/Fe20Gd3P12Sc_sub,Dy3Fe20P12Sc,Dy Er Tm,4,Dy3Fe20P12Sc Er3Fe20P12Sc Er2Fe20P12ScTm Fe20P12ScTm3,GNoME,-0.0148,structures/Gd_substituted/Fe20Gd3P12Sc_from_Dy3Fe20P12Sc.CIF
Fe20Gd3P12Y_sub,Gd_surrogate,Dy,quaternary,new-Pm,Pm,runs/quaternary/Dy/new-Pm/Fe20Gd3P12Y_sub,Dy3Fe20P12Y,Dy Tm,2,Dy3Fe20P12Y Fe20P12Tm3Y,GNoME,-0.0106,structures/Gd_substituted/Fe20Gd3P12Y_from_Dy3Fe20P12Y.CIF
Fe20GdP12Sc3_sub,Gd_surrogate,Dy,quaternary,new-Pm,Pm,runs/quaternary/Dy/new-Pm/Fe20GdP12Sc3_sub,DyFe20P12Sc3,Dy Tm,2,DyFe20P12Sc3 Fe20P12Sc3Tm,GNoME,-0.053,structures/Gd_substituted/Fe20GdP12Sc3_from_DyFe20P12Sc3.CIF
Fe5GdP3_sub,Gd_surrogate,Dy,ternary,new-Pm,Pm,runs/ternary/Dy/new-Pm/Fe5GdP3_sub,DyFe20P12Tm3,Dy Ho Tm,4,DyFe20P12Tm3 Fe20HoP12Tm3 Dy3Fe20P12Tm Fe20Ho3P12Tm,GNoME,-0.001,structures/Gd_substituted/Fe5GdP3_from_DyFe20P12Tm3.CIF
Fe9Gd2P6Ru_sub,Gd_surrogate,Dy,quaternary,new-Pm,Pm,runs/quaternary/Dy/new-Pm/Fe9Gd2P6Ru_sub,DyFe18P12Ru2Tm3,Dy Tm,1,DyFe18P12Ru2Tm3,GNoME,-0.0093,structures/Gd_substituted/Fe9Gd2P6Ru_from_DyFe18P12Ru2Tm3.CIF
CrFe9GdP6Y_sub,Gd_surrogate,Dy,quinary,new-Pmc2_1,Pmc2_1,runs/quinary/Dy/new-Pmc2_1/CrFe9GdP6Y_sub,CrDyFe9P6Y,Dy,1,CrDyFe9P6Y,GNoME,-0.0241,structures/Gd_substituted/CrFe9GdP6Y_from_CrDyFe9P6Y.CIF
Fe10GdLuP6_sub,Gd_surrogate,Dy,quaternary,new-Pmc2_1,Pmc2_1,runs/quaternary/Dy/new-Pmc2_1/Fe10GdLuP6_sub,DyFe10LuP6,Dy Er Ho,3,DyFe10LuP6 ErFe10LuP6 Fe10HoLuP6,GNoME,-0.0008,structures/Gd_substituted/Fe10GdLuP6_from_DyFe10LuP6.CIF
Fe9Gd2P6Ru_sub,Gd_surrogate,Dy,quaternary,new-Pmc2_1,Pmc2_1,runs/quaternary/Dy/new-Pmc2_1/Fe9Gd2P6Ru_sub,Dy2Fe9P6Ru,Dy,1,Dy2Fe9P6Ru,GNoME,-0.0106,structures/Gd_substituted/Fe9Gd2P6Ru_from_Dy2Fe9P6Ru.CIF
Fe9Gd2P6Ti_sub,Gd_surrogate,Dy,quaternary,new-Pmc2_1,Pmc2_1,runs/quaternary/Dy/new-Pmc2_1/Fe9Gd2P6Ti_sub,Dy2Fe9P6Ti,Dy,1,Dy2Fe9P6Ti,GNoME,-0.007,structures/Gd_substituted/Fe9Gd2P6Ti_from_Dy2Fe9P6Ti.CIF
AlFe2Gd_sub,Gd_surrogate,Dy,ternary,new-Pmm2,Pmm2,runs/ternary/Dy/new-Pmm2/AlFe2Gd_sub,Al2DyFe4Tb,Dy Er Ho Tb Tm,5,Al2DyFe4Tb Al2Fe4HoTb Al2DyErFe4 Al2Fe4TbTm Al2DyFe4Tm,GNoME,-0.0465,structures/Gd_substituted/AlFe2Gd_from_Al2DyFe4Tb.CIF
Fe2GaGd_sub,Gd_surrogate,Dy,ternary,new-Pmm2,Pmm2,runs/ternary/Dy/new-Pmm2/Fe2GaGd_sub,DyFe4Ga2Tb,Dy Tb,1,DyFe4Ga2Tb,GNoME,-0.0199,structures/Gd_substituted/Fe2GaGd_from_DyFe4Ga2Tb.CIF
B2Fe7Gd3_sub,Gd_surrogate,Dy,ternary,new-R-3m,R-3m,runs/ternary/Dy/new-R-3m/B2Fe7Gd3_sub,B2DyFe7Ho2,Dy Er Ho Tb Tm,7,B2DyFe7Ho2 B2Er2Fe7Ho B2Dy2Fe7Ho B2Fe7HoTm2 B2ErFe7Ho2 B2Fe7Ho2Tb B2Fe7HoTb2,GNoME,-0.0128,structures/Gd_substituted/B2Fe7Gd3_from_B2DyFe7Ho2.CIF
Co9GdZr2_sub,Gd_surrogate,Dy,ternary,new-R-3m,R-3m,runs/ternary/Dy/new-R-3m/Co9GdZr2_sub,Co9DyZr2,Dy,1,Co9DyZr2,GNoME,-0.0137,structures/Gd_substituted/Co9GdZr2_from_Co9DyZr2.CIF
Fe8Gd3Ru_sub,Gd_surrogate,Dy,ternary,new-R-3m,R-3m,runs/ternary/Dy/new-R-3m/Fe8Gd3Ru_sub,DyFe8RuTm2,Dy Er Ho Tb Tm,10,DyFe8RuTm2 Er2Fe8HoRu Er3Fe8Ru Fe8RuTbTm2 ErFe8RuTm2 DyEr2Fe8Ru ErFe8Ho2Ru Fe8Ho2RuTm Fe8Ho3Ru DyFe8Ho2Ru,GNoME,-0.0083,structures/Gd_substituted/Fe8Gd3Ru_from_DyFe8RuTm2.CIF
Fe8GdLu2Ru_sub,Gd_surrogate,Dy,quaternary,new-R-3m,R-3m,runs/quaternary/Dy/new-R-3m/Fe8GdLu2Ru_sub,DyFe8Lu2Ru,Dy Tb Tm,3,DyFe8Lu2Ru Fe8Lu2RuTb Fe8Lu2RuTm,GNoME,-0.0084,structures/Gd_substituted/Fe8GdLu2Ru_from_DyFe8Lu2Ru.CIF
C3Fe11Gd2Mn3Si3_sub,Gd_surrogate,Dy,quinary,new-R32,R32,runs/quinary/Dy/new-R32/C3Fe11Gd2Mn3Si3_sub,C3Dy2Fe11Mn3Si3,Dy,1,C3Dy2Fe11Mn3Si3,GNoME,-0.0294,structures/Gd_substituted/C3Fe11Gd2Mn3Si3_from_C3Dy2Fe11Mn3Si3.CIF
Al3C3Fe14Gd2_sub,Gd_surrogate,Dy,quaternary,new-R3m,R3m,runs/quaternary/Dy/new-R3m/Al3C3Fe14Gd2_sub,Al3C3DyFe14Tb,Dy Er Ho Tb Tm,5,Al3C3DyFe14Tb Al3C3Fe14HoTm Al3C3ErFe14Tb Al3C3DyFe14Tm Al3C3Fe14TbTm,GNoME,-0.0198,structures/Gd_substituted/Al3C3Fe14Gd2_from_Al3C3DyFe14Tb.CIF
C3Fe14Gd2Si3_sub,Gd_surrogate,Dy,quaternary,new-R3m,R3m,runs/quaternary/Dy/new-R3m/C3Fe14Gd2Si3_sub,C3DyErFe14Si3,Dy Er Tb,2,C3DyErFe14Si3 C3ErFe14Si3Tb,GNoME,-0.0416,structures/Gd_substituted/C3Fe14Gd2Si3_from_C3DyErFe14Si3.CIF
CeCo17Gd_sub,Gd_surrogate,Dy,ternary,new-R3m,R3m,runs/ternary/Dy/new-R3m/CeCo17Gd_sub,CeCo17Dy,Dy,1,CeCo17Dy,GNoME,-0.0026,structures/Gd_substituted/CeCo17Gd_from_CeCo17Dy.CIF
Fe14Gd3Lu_sub,Gd_surrogate,Dy,ternary,new-R3m,R3m,runs/ternary/Dy/new-R3m/Fe14Gd3Lu_sub,Dy3Fe14Lu,Dy,1,Dy3Fe14Lu,GNoME,-0.0057,structures/Gd_substituted/Fe14Gd3Lu_from_Dy3Fe14Lu.CIF
Fe18Gd2Sc3Zr_sub,Gd_surrogate,Dy,quaternary,new-R3m,R3m,runs/quaternary/Dy/new-R3m/Fe18Gd2Sc3Zr_sub,Dy2Fe18Sc3Zr,Dy Tm,2,Dy2Fe18Sc3Zr Fe18Sc3Tm2Zr,GNoME,-0.0076,structures/Gd_substituted/Fe18Gd2Sc3Zr_from_Dy2Fe18Sc3Zr.CIF
Fe3GdLuOs_sub,Gd_surrogate,Dy,quaternary,new-R3m,R3m,runs/quaternary/Dy/new-R3m/Fe3GdLuOs_sub,DyFe3LuOs,Dy,1,DyFe3LuOs,GNoME,-0.0231,structures/Gd_substituted/Fe3GdLuOs_from_DyFe3LuOs.CIF
Fe8Gd3Y_sub,Gd_surrogate,Dy,ternary,new-R3m,R3m,runs/ternary/Dy/new-R3m/Fe8Gd3Y_sub,Dy3Fe8Y,Dy,1,Dy3Fe8Y,Alexandria;GNoME,0.0005,structures/Gd_substituted/Fe8Gd3Y_from_Dy3Fe8Y.CIF
Fe8GdY3_sub,Gd_surrogate,Dy,ternary,new-R3m,R3m,runs/ternary/Dy/new-R3m/Fe8GdY3_sub,DyFe8Y3,Dy,1,DyFe8Y3,Alexandria;GNoME,0.00048763,structures/Gd_substituted/Fe8GdY3_from_DyFe8Y3.CIF
Fe9Gd2Sc_sub,Gd_surrogate,Dy,ternary,new-R3m,R3m,runs/ternary/Dy/new-R3m/Fe9Gd2Sc_sub,DyFe9ScTm,Dy Er Ho Tm,3,DyFe9ScTm Fe9HoScTm ErFe9ScTm,GNoME,-0.002,structures/Gd_substituted/Fe9Gd2Sc_from_DyFe9ScTm.CIF
Fe9GdHfZr_sub,Gd_surrogate,Dy,quaternary,new-R3m,R3m,runs/quaternary/Dy/new-R3m/Fe9GdHfZr_sub,DyFe9HfZr,Dy Er Tm,3,DyFe9HfZr ErFe9HfZr Fe9HfTmZr,GNoME,-0.0206,structures/Gd_substituted/Fe9GdHfZr_from_DyFe9HfZr.CIF
Fe9GdLuSc_sub,Gd_surrogate,Dy,quaternary,new-R3m,R3m,runs/quaternary/Dy/new-R3m/Fe9GdLuSc_sub,DyFe9LuSc,Dy Tm,2,DyFe9LuSc Fe9LuScTm,GNoME,-0.006,structures/Gd_substituted/Fe9GdLuSc_from_DyFe9LuSc.CIF
Fe9GdLuTi_sub,Gd_surrogate,Dy,quaternary,new-R3m,R3m,runs/quaternary/Dy/new-R3m/Fe9GdLuTi_sub,DyFe9LuTi,Dy,1,DyFe9LuTi,GNoME,-0.0055,structures/Gd_substituted/Fe9GdLuTi_from_DyFe9LuTi.CIF
Fe9GdNbSc_sub,Gd_surrogate,Dy,quaternary,new-R3m,R3m,runs/quaternary/Dy/new-R3m/Fe9GdNbSc_sub,DyFe9NbSc,Dy Er,2,DyFe9NbSc ErFe9NbSc,GNoME,-0.014,structures/Gd_substituted/Fe9GdNbSc_from_DyFe9NbSc.CIF
Fe9GdNbTi_sub,Gd_surrogate,Dy,quaternary,new-R3m,R3m,runs/quaternary/Dy/new-R3m/Fe9GdNbTi_sub,DyFe9NbTi,Dy,1,DyFe9NbTi,GNoME,-0.0128,structures/Gd_substituted/Fe9GdNbTi_from_DyFe9NbTi.CIF
Fe9GdNbZr_sub,Gd_surrogate,Dy,quaternary,new-R3m,R3m,runs/quaternary/Dy/new-R3m/Fe9GdNbZr_sub,DyFe9NbZr,Dy,1,DyFe9NbZr,GNoME,-0.0157,structures/Gd_substituted/Fe9GdNbZr_from_DyFe9NbZr.CIF
Fe9GdTiZr_sub,Gd_surrogate,Dy,quaternary,new-R3m,R3m,runs/quaternary/Dy/new-R3m/Fe9GdTiZr_sub,DyFe9TiZr,Dy,1,DyFe9TiZr,GNoME,-0.0147,structures/Gd_substituted/Fe9GdTiZr_from_DyFe9TiZr.CIF
Fe8Gd2LuRu_sub,Gd_surrogate,Er,quaternary,CaCu5-RT4X,R3m,runs/quaternary/Er/CaCu5-RT4X/Fe8Gd2LuRu_sub,Er2Fe8LuRu,Er,1,Er2Fe8LuRu,GNoME,-0.0085,structures/Gd_substituted/Fe8Gd2LuRu_from_Er2Fe8LuRu.CIF
Co2Fe4Gd3_sub,Gd_surrogate,Er,ternary,Laves,P-1,runs/ternary/Er/Laves/Co2Fe4Gd3_sub,Co2Er3Fe4,Dy Er Tb Tm,4,Co2Er3Fe4 Co2Fe4Tm3 Co2Fe4Tb3 Co2Dy3Fe4,GNoME,-0.0218,structures/Gd_substituted/Co2Fe4Gd3_from_Co2Er3Fe4.CIF
Co3FeGd2_sub,Gd_surrogate,Er,ternary,Laves-C14,R-3m,runs/ternary/Er/Laves-C14/Co3FeGd2_sub,Co3Er2Fe,Er Ho Tm,3,Co3Er2Fe Co3FeTm2 Co3FeHo2,GNoME,-0.0212,structures/Gd_substituted/Co3FeGd2_from_Co3Er2Fe.CIF
Co2Gd_sub,Gd_surrogate,Er,binary,Laves-C15,Fd-3m,runs/binary/Er/Laves-C15/Co2Gd_sub,Co4ErGd,Er Gd Ho Tm,2,Co4ErGd Co4HoTm,MP,0.0,structures/Gd_substituted/Co2Gd_from_Co4ErGd.CIF
Co2Fe7Gd3_sub,Gd_surrogate,Er,ternary,RT3-PuNi3,Cm,runs/ternary/Er/RT3-PuNi3/Co2Fe7Gd3_sub,Co2ErFe7Tb2,Er Tb,1,Co2ErFe7Tb2,GNoME,-0.0196,structures/Gd_substituted/Co2Fe7Gd3_from_Co2ErFe7Tb2.CIF
Co4Fe5Gd3_sub,Gd_surrogate,Er,ternary,RT3-PuNi3,Cm,runs/ternary/Er/RT3-PuNi3/Co4Fe5Gd3_sub,Co4Er3Fe5,Er,1,Co4Er3Fe5,GNoME,-0.0207,structures/Gd_substituted/Co4Fe5Gd3_from_Co4Er3Fe5.CIF
CoFe8Gd3_sub,Gd_surrogate,Er,ternary,RT3-PuNi3,R-3m,runs/ternary/Er/RT3-PuNi3/CoFe8Gd3_sub,CoEr2Fe8Tb,Er Ho Tb Tm,4,CoEr2Fe8Tb CoFe8TbTm2 CoFe8Tb3 CoFe8Ho2Tb,GNoME,-0.0173,structures/Gd_substituted/CoFe8Gd3_from_CoEr2Fe8Tb.CIF
CoFe8Gd3_sub_R3m,Gd_surrogate,Er,ternary,RT3-PuNi3,R3m,runs/ternary/Er/RT3-PuNi3/CoFe8Gd3_sub_R3m,CoErFe8Tb2,Er Tb,1,CoErFe8Tb2,GNoME,-0.0155,structures/Gd_substituted/CoFe8Gd3_from_CoErFe8Tb2.CIF
Fe3Gd_sub,Gd_surrogate,Er,binary,RT3-PuNi3,R-3m,runs/binary/Er/RT3-PuNi3/Fe3Gd_sub,Er2Fe9Tb,Dy Er Ho Tb Tm,7,Er2Fe9Tb Fe9Ho2Tb DyErFe9Tb DyErFe9Ho DyErFe9Tm Dy2Fe9Tb Fe9HoTb2,Alexandria;GNoME,-0.004,structures/Gd_substituted/Fe3Gd_from_Er2Fe9Tb.CIF
Be3C3Fe12Gd2Mn2_sub,Gd_surrogate,Er,quinary,new-C2,C2,runs/quinary/Er/new-C2/Be3C3Fe12Gd2Mn2_sub,Be3C3Er2Fe12Mn2,Er,1,Be3C3Er2Fe12Mn2,GNoME,-0.0033,structures/Gd_substituted/Be3C3Fe12Gd2Mn2_from_Be3C3Er2Fe12Mn2.CIF
Al2BeC3Fe14Gd2_sub,Gd_surrogate,Er,quinary,new-C2_m,C2/m,runs/quinary/Er/new-C2_m/Al2BeC3Fe14Gd2_sub,Al2BeC3Er2Fe14,Er Ho,2,Al2BeC3Er2Fe14 Al2BeC3Fe14Ho2,GNoME,-0.0182,structures/Gd_substituted/Al2BeC3Fe14Gd2_from_Al2BeC3Er2Fe14.CIF
Al2C3Fe14Gd2Si_sub,Gd_surrogate,Er,quinary,new-C2_m,C2/m,runs/quinary/Er/new-C2_m/Al2C3Fe14Gd2Si_sub,Al2C3Er2Fe14Si,Er Ho,2,Al2C3Er2Fe14Si Al2C3Fe14Ho2Si,GNoME,-0.0226,structures/Gd_substituted/Al2C3Fe14Gd2Si_from_Al2C3Er2Fe14Si.CIF
Al3C2Fe14Gd2_sub,Gd_surrogate,Er,quaternary,new-C2_m,C2/m,runs/quaternary/Er/new-C2_m/Al3C2Fe14Gd2_sub,Al3C2Er2Fe14,Er,1,Al3C2Er2Fe14,Alexandria;GNoME,-0.0132,structures/Gd_substituted/Al3C2Fe14Gd2_from_Al3C2Er2Fe14.CIF
AlBe2C3Fe14Gd2_sub,Gd_surrogate,Er,quinary,new-C2_m,C2/m,runs/quinary/Er/new-C2_m/AlBe2C3Fe14Gd2_sub,AlBe2C3Er2Fe14,Er Ho,2,AlBe2C3Er2Fe14 AlBe2C3Fe14Ho2,GNoME,-0.0179,structures/Gd_substituted/AlBe2C3Fe14Gd2_from_AlBe2C3Er2Fe14.CIF
Al3C2Fe14Gd2_sub,Gd_surrogate,Er,quaternary,new-Cm,Cm,runs/quaternary/Er/new-Cm/Al3C2Fe14Gd2_sub,Al3C2ErFe14Tb,Er Tb,1,Al3C2ErFe14Tb,GNoME,-0.0291,structures/Gd_substituted/Al3C2Fe14Gd2_from_Al3C2ErFe14Tb.CIF
B2Fe7Gd3_sub,Gd_surrogate,Er,ternary,new-Cm,Cm,runs/ternary/Er/new-Cm/B2Fe7Gd3_sub,B2Er2Fe7Tb,Er Tb,1,B2Er2Fe7Tb,GNoME,-0.0042,structures/Gd_substituted/B2Fe7Gd3_from_B2Er2Fe7Tb.CIF
Co2Fe7Gd2Sc_sub,Gd_surrogate,Er,quaternary,new-Cm,Cm,runs/quaternary/Er/new-Cm/Co2Fe7Gd2Sc_sub,Co2Er2Fe7Sc,Er,1,Co2Er2Fe7Sc,GNoME,-0.0127,structures/Gd_substituted/Co2Fe7Gd2Sc_from_Co2Er2Fe7Sc.CIF
CoFe6GdLu_sub,Gd_surrogate,Er,quaternary,new-Cm,Cm,runs/quaternary/Er/new-Cm/CoFe6GdLu_sub,CoErFe6Lu,Er Tm,2,CoErFe6Lu CoFe6LuTm,GNoME,-0.0163,structures/Gd_substituted/CoFe6GdLu_from_CoErFe6Lu.CIF
CoFe8GdZr2_sub,Gd_surrogate,Er,quaternary,new-Cm,Cm,runs/quaternary/Er/new-Cm/CoFe8GdZr2_sub,CoErFe8Zr2,Er,1,CoErFe8Zr2,GNoME,-0.0176,structures/Gd_substituted/CoFe8GdZr2_from_CoErFe8Zr2.CIF
Fe8GdSiZr2_sub,Gd_surrogate,Er,quaternary,new-Cm,Cm,runs/quaternary/Er/new-Cm/Fe8GdSiZr2_sub,ErFe8SiZr2,Dy Er Tm,3,ErFe8SiZr2 Fe8SiTmZr2 DyFe8SiZr2,GNoME,-0.017,structures/Gd_substituted/Fe8GdSiZr2_from_ErFe8SiZr2.CIF
Co16Fe7Gd6_sub,Gd_surrogate,Er,ternary,new-Fm-3m,Fm-3m,runs/ternary/Er/new-Fm-3m/Co16Fe7Gd6_sub,Co16Er6Fe7,Dy Er Ho Tb Tm,5,Co16Er6Fe7 Co16Fe7Tm6 Co16Fe7Ho6 Co16Dy6Fe7 Co16Fe7Tb6,GNoME,-0.0239,structures/Gd_substituted/Co16Fe7Gd6_from_Co16Er6Fe7.CIF
Co22GaGd6_sub,Gd_surrogate,Er,ternary,new-Fm-3m,Fm-3m,runs/ternary/Er/new-Fm-3m/Co22GaGd6_sub,Co22Er6Ga,Er,1,Co22Er6Ga,GNoME,-0.0077,structures/Gd_substituted/Co22GaGd6_from_Co22Er6Ga.CIF
Co22Gd6Hf_sub,Gd_surrogate,Er,ternary,new-Fm-3m,Fm-3m,runs/ternary/Er/new-Fm-3m/Co22Gd6Hf_sub,Co22Er6Hf,Er,1,Co22Er6Hf,GNoME,-0.0004,structures/Gd_substituted/Co22Gd6Hf_from_Co22Er6Hf.CIF
Co22Gd6Nb_sub,Gd_surrogate,Er,ternary,new-Fm-3m,Fm-3m,runs/ternary/Er/new-Fm-3m/Co22Gd6Nb_sub,Co22Er6Nb,Er,1,Co22Er6Nb,GNoME,-0.0033,structures/Gd_substituted/Co22Gd6Nb_from_Co22Er6Nb.CIF
Co22Gd6Ta_sub,Gd_surrogate,Er,ternary,new-Fm-3m,Fm-3m,runs/ternary/Er/new-Fm-3m/Co22Gd6Ta_sub,Co22Er6Ta,Er,1,Co22Er6Ta,GNoME,-0.0016,structures/Gd_substituted/Co22Gd6Ta_from_Co22Er6Ta.CIF
Co23Gd6N_sub,Gd_surrogate,Er,ternary,new-Fm-3m,Fm-3m,runs/ternary/Er/new-Fm-3m/Co23Gd6N_sub,Co23Er6N,Er,1,Co23Er6N,GNoME,-0.0037,structures/Gd_substituted/Co23Gd6N_from_Co23Er6N.CIF
Co23GdLu5_sub,Gd_surrogate,Er,ternary,new-I4mm,I4mm,runs/ternary/Er/new-I4mm/Co23GdLu5_sub,Co23ErLu5,Er,1,Co23ErLu5,GNoME,-0.0128,structures/Gd_substituted/Co23GdLu5_from_Co23ErLu5.CIF
Co6Fe2Gd3_sub,Gd_surrogate,Er,ternary,new-Im-3m,Im-3m,runs/ternary/Er/new-Im-3m/Co6Fe2Gd3_sub,Co6Er3Fe2,Dy Er Ho Tb Tm,5,Co6Er3Fe2 Co6Fe2Tm3 Co6Fe2Tb3 Co6Fe2Ho3 Co6Dy3Fe2,GNoME,-0.0225,structures/Gd_substituted/Co6Fe2Gd3_from_Co6Er3Fe2.CIF
Co23Gd4Y2_sub,Gd_surrogate,Er,ternary,new-Imm2,Imm2,runs/ternary/Er/new-Imm2/Co23Gd4Y2_sub,Co23Er4Y2,Er,1,Co23Er4Y2,GNoME,-0.004,structures/Gd_substituted/Co23Gd4Y2_from_Co23Er4Y2.CIF
Co23Gd6_sub,Gd_surrogate,Er,binary,new-Imm2,Imm2,runs/binary/Er/new-Imm2/Co23Gd6_sub,Co23Er4Tm2,Er Tm,1,Co23Er4Tm2,GNoME,-0.0055,structures/Gd_substituted/Co23Gd6_from_Co23Er4Tm2.CIF
Al2Fe10Gd_sub,Gd_surrogate,Er,ternary,new-Immm,Immm,runs/ternary/Er/new-Immm/Al2Fe10Gd_sub,Al2ErFe10,Er,1,Al2ErFe10,GNoME,-0.0061,structures/Gd_substituted/Al2Fe10Gd_from_Al2ErFe10.CIF
Co21Fe2Gd6_sub,Gd_surrogate,Er,ternary,new-Immm,Immm,runs/ternary/Er/new-Immm/Co21Fe2Gd6_sub,Co21Er6Fe2,Dy Er Tb,3,Co21Er6Fe2 Co21Dy6Fe2 Co21Fe2Tb6,GNoME,-0.0103,structures/Gd_substituted/Co21Fe2Gd6_from_Co21Er6Fe2.CIF
Ce4Fe19GdP12_sub,Gd_surrogate,Er,quaternary,new-P-6,P-6,runs/quaternary/Er/new-P-6/Ce4Fe19GdP12_sub,Ce4ErFe19P12,Er,1,Ce4ErFe19P12,GNoME,-0.004,structures/Gd_substituted/Ce4Fe19GdP12_from_Ce4ErFe19P12.CIF
Co2Fe16GdY5_sub,Gd_surrogate,Er,quaternary,new-P3m1,P3m1,runs/quaternary/Er/new-P3m1/Co2Fe16GdY5_sub,Co2ErFe16Y5,Er Ho Tm,3,Co2ErFe16Y5 Co2Fe16TmY5 Co2Fe16HoY5,GNoME,-0.0142,structures/Gd_substituted/Co2Fe16GdY5_from_Co2ErFe16Y5.CIF
AlCFe3Gd_sub,Gd_surrogate,Er,quaternary,new-P6_mmm,P6/mmm,runs/quaternary/Er/new-P6_mmm/AlCFe3Gd_sub,AlCErFe3,Er Ho,2,AlCErFe3 AlCFe3Ho,GNoME,-0.0216,structures/Gd_substituted/AlCFe3Gd_from_AlCErFe3.CIF
CFe3GaGd_sub,Gd_surrogate,Er,quaternary,new-P6_mmm,P6/mmm,runs/quaternary/Er/new-P6_mmm/CFe3GaGd_sub,CErFe3Ga,Er Ho,2,CErFe3Ga CFe3GaHo,GNoME,-0.022,structures/Gd_substituted/CFe3GaGd_from_CErFe3Ga.CIF
CrFe11Gd2P7_sub,Gd_surrogate,Er,quaternary,new-Pm,Pm,runs/quaternary/Er/new-Pm/CrFe11Gd2P7_sub,CrEr2Fe11P7,Er,1,CrEr2Fe11P7,GNoME,-0.0092,structures/Gd_substituted/CrFe11Gd2P7_from_CrEr2Fe11P7.CIF
CrFe9Gd2P6_sub,Gd_surrogate,Er,quaternary,new-Pmc2_1,Pmc2_1,runs/quaternary/Er/new-Pmc2_1/CrFe9Gd2P6_sub,CrEr2Fe9P6,Dy Er Ho Tb Tm,8,CrEr2Fe9P6 CrFe9HoP6Tm CrDy2Fe9P6 CrDyErFe9P6 CrFe9Ho2P6 CrDyFe9P6Tb Cr2Dy3Fe18P12Tb CrDyFe9P6Tm,GNoME,-0.0145,structures/Gd_substituted/CrFe9Gd2P6_from_CrEr2Fe9P6.CIF
Fe10GdP6Sc_sub,Gd_surrogate,Er,quaternary,new-Pmc2_1,Pmc2_1,runs/quaternary/Er/new-Pmc2_1/Fe10GdP6Sc_sub,ErFe10P6Sc,Er Tm,2,ErFe10P6Sc Fe10P6ScTm,GNoME,-0.0338,structures/Gd_substituted/Fe10GdP6Sc_from_ErFe10P6Sc.CIF
Fe5GdP3_sub,Gd_surrogate,Er,ternary,new-Pmc2_1,Pmc2_1,runs/ternary/Er/new-Pmc2_1/Fe5GdP3_sub,ErFe20HoP12Tm2,Er Ho Tm,1,ErFe20HoP12Tm2,GNoME,-0.0006,structures/Gd_substituted/Fe5GdP3_from_ErFe20HoP12Tm2.CIF
Fe9Gd2P6V_sub,Gd_surrogate,Er,quaternary,new-Pmc2_1,Pmc2_1,runs/quaternary/Er/new-Pmc2_1/Fe9Gd2P6V_sub,ErFe9HoP6V,Er Ho,2,ErFe9HoP6V Fe9Ho2P6V,GNoME,-0.0062,structures/Gd_substituted/Fe9Gd2P6V_from_ErFe9HoP6V.CIF
Fe9GdLuMnP6_sub,Gd_surrogate,Er,quinary,new-Pmc2_1,Pmc2_1,runs/quinary/Er/new-Pmc2_1/Fe9GdLuMnP6_sub,ErFe9LuMnP6,Er,1,ErFe9LuMnP6,GNoME,-0.0126,structures/Gd_substituted/Fe9GdLuMnP6_from_ErFe9LuMnP6.CIF
Fe9GdMnP6Sc_sub,Gd_surrogate,Er,quinary,new-Pmc2_1,Pmc2_1,runs/quinary/Er/new-Pmc2_1/Fe9GdMnP6Sc_sub,ErFe9MnP6Sc,Er,1,ErFe9MnP6Sc,GNoME,-0.0335,structures/Gd_substituted/Fe9GdMnP6Sc_from_ErFe9MnP6Sc.CIF
Fe5GdP3_sub,Gd_surrogate,Er,ternary,new-Pnma,Pnma,runs/ternary/Er/new-Pnma/Fe5GdP3_sub,ErFe10P6Tm,Dy Er Ho Tb Tm,7,ErFe10P6Tm ErFe20P12Tm3 Dy3Fe20P12Tb Fe10HoP6Tm ErFe10HoP6 Dy3Fe20HoP12 ErFe20Ho3P12,GNoME,-0.001,structures/Gd_substituted/Fe5GdP3_from_ErFe10P6Tm.CIF
C3Fe14Gd2Si3_sub,Gd_surrogate,Er,quaternary,new-R-3m,R-3m,runs/quaternary/Er/new-R-3m/C3Fe14Gd2Si3_sub,C3Er2Fe14Si3,Dy Er Ho Tb,6,C3Er2Fe14Si3 C3Fe14Ho2Si3 C3DyFe14HoSi3 C3Dy2Fe14Si3 C3DyFe14Si3Tb C3Fe14Si3Tb2,GNoME,-0.0429,structures/Gd_substituted/C3Fe14Gd2Si3_from_C3Er2Fe14Si3.CIF
CeCo9Gd2_sub,Gd_surrogate,Er,ternary,new-R-3m,R-3m,runs/ternary/Er/new-R-3m/CeCo9Gd2_sub,CeCo9Er2,Er,1,CeCo9Er2,GNoME,-0.0291,structures/Gd_substituted/CeCo9Gd2_from_CeCo9Er2.CIF
Co9Fe5Gd4_sub,Gd_surrogate,Er,ternary,new-R-3m,R-3m,runs/ternary/Er/new-R-3m/Co9Fe5Gd4_sub,Co9Er4Fe5,Er,1,Co9Er4Fe5,GNoME,-0.0231,structures/Gd_substituted/Co9Fe5Gd4_from_Co9Er4Fe5.CIF
Co9GdSc2_sub,Gd_surrogate,Er,ternary,new-R-3m,R-3m,runs/ternary/Er/new-R-3m/Co9GdSc2_sub,Co9ErSc2,Er Tb,2,Co9ErSc2 Co9Sc2Tb,GNoME,-0.0074,structures/Gd_substituted/Co9GdSc2_from_Co9ErSc2.CIF
Fe3Gd2Os_sub,Gd_surrogate,Er,ternary,new-R-3m,R-3m,runs/ternary/Er/new-R-3m/Fe3Gd2Os_sub,ErFe6Ho3Os2,Dy Er Ho Tm,4,ErFe6Ho3Os2 DyFe3OsTm DyFe3HoOs DyErFe3Os,GNoME,-0.0288,structures/Gd_substituted/Fe3Gd2Os_from_ErFe6Ho3Os2.CIF
Fe7Gd2_sub,Gd_surrogate,Er,binary,new-R-3m,R-3m,runs/binary/Er/new-R-3m/Fe7Gd2_sub,ErFe7Ho,Dy Er Ho Tb,2,ErFe7Ho DyFe14Tb3,GNoME,-0.0065,structures/Gd_substituted/Fe7Gd2_from_ErFe7Ho.CIF
Fe7GdY_sub,Gd_surrogate,Er,ternary,new-R-3m,R-3m,runs/ternary/Er/new-R-3m/Fe7GdY_sub,ErFe7Y,Er Ho Tb,3,ErFe7Y Fe7HoY Fe7TbY,GNoME,-0.0058,structures/Gd_substituted/Fe7GdY_from_ErFe7Y.CIF
Fe9GdNb2_sub,Gd_surrogate,Er,ternary,new-R-3m,R-3m,runs/ternary/Er/new-R-3m/Fe9GdNb2_sub,ErFe9Nb2,Dy Er Ho Tb Tm,5,ErFe9Nb2 Fe9HoNb2 Fe9Nb2Tm DyFe9Nb2 Fe9Nb2Tb,Alexandria;GNoME,-0.0147,structures/Gd_substituted/Fe9GdNb2_from_ErFe9Nb2.CIF
Fe9GdTa2_sub,Gd_surrogate,Er,ternary,new-R-3m,R-3m,runs/ternary/Er/new-R-3m/Fe9GdTa2_sub,ErFe9Ta2,Dy Er Ho Tm,4,ErFe9Ta2 Fe9HoTa2 Fe9Ta2Tm DyFe9Ta2,Alexandria;GNoME,-0.0181,structures/Gd_substituted/Fe9GdTa2_from_ErFe9Ta2.CIF
Fe9GdTi2_sub,Gd_surrogate,Er,ternary,new-R-3m,R-3m,runs/ternary/Er/new-R-3m/Fe9GdTi2_sub,ErFe9Ti2,Er Ho Tb Tm,4,ErFe9Ti2 Fe9HoTi2 Fe9TbTi2 Fe9Ti2Tm,Alexandria;GNoME,-0.0105,structures/Gd_substituted/Fe9GdTi2_from_ErFe9Ti2.CIF
Al5Fe18Gd6_sub,Gd_surrogate,Er,ternary,new-R3m,R3m,runs/ternary/Er/new-R3m/Al5Fe18Gd6_sub,Al5Er6Fe18,Er Tm,2,Al5Er6Fe18 Al5Fe18Tm6,GNoME,-0.0138,structures/Gd_substituted/Al5Fe18Gd6_from_Al5Er6Fe18.CIF
Be3C3Fe14Gd2_sub,Gd_surrogate,Er,quaternary,new-R3m,R3m,runs/quaternary/Er/new-R3m/Be3C3Fe14Gd2_sub,Be3C3ErFe14Tm,Dy Er Ho Tm,5,Be3C3ErFe14Tm Be3C3Fe14HoTm Be3C3ErFe14Ho Be3C3DyFe14Tm Be3C3DyErFe14,GNoME,-0.0183,structures/Gd_substituted/Be3C3Fe14Gd2_from_Be3C3ErFe14Tm.CIF
C3CeFe14GdSi3_sub,Gd_surrogate,Er,quinary,new-R3m,R3m,runs/quinary/Er/new-R3m/C3CeFe14GdSi3_sub,C3CeErFe14Si3,Er,1,C3CeErFe14Si3,GNoME,-0.0388,structures/Gd_substituted/C3CeFe14GdSi3_from_C3CeErFe14Si3.CIF
C3Fe14GdSi3Y_sub,Gd_surrogate,Er,quinary,new-R3m,R3m,runs/quinary/Er/new-R3m/C3Fe14GdSi3Y_sub,C3ErFe14Si3Y,Er Ho Tb,3,C3ErFe14Si3Y C3Fe14HoSi3Y C3Fe14Si3TbY,GNoME,-0.0197,structures/Gd_substituted/C3Fe14GdSi3Y_from_C3ErFe14Si3Y.CIF
Co23Gd6_sub,Gd_surrogate,Er,binary,new-R3m,R3m,runs/binary/Er/new-R3m/Co23Gd6_sub,Co23Er3Tm3,Dy Er Tm,3,Co23Er3Tm3 Co23Dy3Tm3 Co23Dy3Er3,GNoME,-0.0075,structures/Gd_substituted/Co23Gd6_from_Co23Er3Tm3.CIF
CoFe13Gd3Y_sub,Gd_surrogate,Er,quaternary,new-R3m,R3m,runs/quaternary/Er/new-R3m/CoFe13Gd3Y_sub,CoEr3Fe13Y,Er,1,CoEr3Fe13Y,GNoME,-0.0137,structures/Gd_substituted/CoFe13Gd3Y_from_CoEr3Fe13Y.CIF
CoFe13Gd4_sub,Gd_surrogate,Er,ternary,new-R3m,R3m,runs/ternary/Er/new-R3m/CoFe13Gd4_sub,CoEr3Fe13Tb,Er Ho Tb Tm,2,CoEr3Fe13Tb CoFe13Ho3Tm,GNoME,-0.0137,structures/Gd_substituted/CoFe13Gd4_from_CoEr3Fe13Tb.CIF
CoFe13GdY3_sub,Gd_surrogate,Er,quaternary,new-R3m,R3m,runs/quaternary/Er/new-R3m/CoFe13GdY3_sub,CoErFe13Y3,Er Ho,2,CoErFe13Y3 CoFe13HoY3,GNoME,-0.0141,structures/Gd_substituted/CoFe13GdY3_from_CoErFe13Y3.CIF
Fe14GdY3_sub,Gd_surrogate,Er,ternary,new-R3m,R3m,runs/ternary/Er/new-R3m/Fe14GdY3_sub,ErFe14Y3,Dy Er Tb,3,ErFe14Y3 DyFe14Y3 Fe14TbY3,GNoME,-0.0042,structures/Gd_substituted/Fe14GdY3_from_ErFe14Y3.CIF
Fe3GdOsY_sub,Gd_surrogate,Er,quaternary,new-R3m,R3m,runs/quaternary/Er/new-R3m/Fe3GdOsY_sub,ErFe3OsY,Dy Er Ho,3,ErFe3OsY Fe3HoOsY DyFe3OsY,GNoME,-0.022,structures/Gd_substituted/Fe3GdOsY_from_ErFe3OsY.CIF
Fe6GdLu_sub,Gd_surrogate,Er,ternary,new-R3m,R3m,runs/ternary/Er/new-R3m/Fe6GdLu_sub,ErFe18Lu3Tm2,Er Tm,1,ErFe18Lu3Tm2,GNoME,-0.0024,structures/Gd_substituted/Fe6GdLu_from_ErFe18Lu3Tm2.CIF
Fe8GdHfZr2_sub,Gd_surrogate,Er,quaternary,new-R3m,R3m,runs/quaternary/Er/new-R3m/Fe8GdHfZr2_sub,ErFe8HfZr2,Er,1,ErFe8HfZr2,GNoME,-0.0005,structures/Gd_substituted/Fe8GdHfZr2_from_ErFe8HfZr2.CIF
Fe9GdLuNb_sub,Gd_surrogate,Er,quaternary,new-R3m,R3m,runs/quaternary/Er/new-R3m/Fe9GdLuNb_sub,ErFe9LuNb,Er,1,ErFe9LuNb,GNoME,-0.0114,structures/Gd_substituted/Fe9GdLuNb_from_ErFe9LuNb.CIF
Fe9GdTaTi_sub,Gd_surrogate,Er,quaternary,new-R3m,R3m,runs/quaternary/Er/new-R3m/Fe9GdTaTi_sub,ErFe9TaTi,Er Tm,2,ErFe9TaTi Fe9TaTiTm,GNoME,-0.015,structures/Gd_substituted/Fe9GdTaTi_from_ErFe9TaTi.CIF
AlFe4Gd_nat,native,Gd,ternary,CaCu5-RT4X,F-43m,runs/ternary/Gd/CaCu5-RT4X/AlFe4Gd_nat,,,1,AlFe4Gd,Alexandria;GNoME,-0.0511,structures/Alexandria/GdAlFe4_alexandria_agm001170630.CIF
BCo4Gd_nat,native,Gd,ternary,CaCu5-RT4X,P6/mmm,runs/ternary/Gd/CaCu5-RT4X/BCo4Gd_nat,,,1,BCo4Gd,MP;OQMD,0.0,structures/MP/GdCo4B_mp-aaaaatqi.CIF
BFe4Gd_nat,native,Gd,ternary,CaCu5-RT4X,P6/mmm,runs/ternary/Gd/CaCu5-RT4X/BFe4Gd_nat,,,1,BFe4Gd,MP;OQMD,6.811583333407589e-05,structures/MP/GdFe4B_mp-aaackssb.CIF
Co4GdSi_nat,native,Gd,ternary,CaCu5-RT4X,P-6m2,runs/ternary/Gd/CaCu5-RT4X/Co4GdSi_nat,,,1,Co4GdSi,MP,0.0463,structures/MP/GdCo4Si_mp-aaacrtlh.CIF
Co4GdY_nat,native,Gd,ternary,CaCu5-RT4X,F-43m,runs/ternary/Gd/CaCu5-RT4X/Co4GdY_nat,,,1,Co4GdY,MP,0.0,structures/MP/GdYCo4_mp-aaacrsaz.CIF
Fe4GaGd_nat,native,Gd,ternary,CaCu5-RT4X,F-43m,runs/ternary/Gd/CaCu5-RT4X/Fe4GaGd_nat,,,1,Fe4GaGd,Alexandria;GNoME,-0.0092,structures/Alexandria/GdGaFe4_alexandria_agm001174805.CIF
CoFe3Gd2_nat,native,Gd,ternary,Laves-C14,R-3m,runs/ternary/Gd/Laves-C14/CoFe3Gd2_nat,,,1,CoFe3Gd2,GNoME,-0.0748,structures/GNoME/Gd2Fe3Co_be1a527992.CIF
BFe14Gd2_nat,native,Gd,ternary,Nd2Fe14B,P4_2/mnm,runs/ternary/Gd/Nd2Fe14B/BFe14Gd2_nat,,,1,BFe14Gd2,MP;OQMD,0.0,structures/MP/Gd2Fe14B_mp-aaacqern.CIF
CFe14Gd2_nat,native,Gd,ternary,Nd2Fe14B,P4_2/mnm,runs/ternary/Gd/Nd2Fe14B/CFe14Gd2_nat,,,1,CFe14Gd2,MP;OQMD,2.6321617647658002e-05,structures/MP/Gd2Fe14C_mp-aaacqdhk.CIF
C3Fe17Gd2_nat,native,Gd,ternary,Th2Zn17-interstitial,R-3m,runs/ternary/Gd/Th2Zn17-interstitial/C3Fe17Gd2_nat,,,1,C3Fe17Gd2,MP;OQMD,0.003162601241753993,structures/MP/Gd2Fe17C3_mp-aaacpuja.CIF
C3Fe34Gd4_nat,native,Gd,ternary,Th2Zn17-interstitial,P-1,runs/ternary/Gd/Th2Zn17-interstitial/C3Fe34Gd4_nat,,,1,C3Fe34Gd4,MP,0.0168,structures/MP/Gd4Fe34C3_mp-aaacrtkv.CIF
CFe17Gd2_nat,native,Gd,ternary,Th2Zn17-interstitial,C2/m,runs/ternary/Gd/Th2Zn17-interstitial/CFe17Gd2_nat,,,1,CFe17Gd2,MP,0.0217,structures/MP/Gd2Fe17C_mp-aaacrtap.CIF
Fe17Gd2H3_nat,native,Gd,ternary,Th2Zn17-interstitial,R-3m,runs/ternary/Gd/Th2Zn17-interstitial/Fe17Gd2H3_nat,,,1,Fe17Gd2H3,MP,0.102,structures/MP/Gd2Fe17H3_mp-aaacptzh.CIF
Fe17Gd2N2_nat,native,Gd,ternary,Th2Zn17-interstitial,C2/m,runs/ternary/Gd/Th2Zn17-interstitial/Fe17Gd2N2_nat,,,1,Fe17Gd2N2,MP,0.1689,structures/MP/Gd2Fe17N2_mp-aaacrskv.CIF
C2Fe12Ga5Gd2_nat,native,Gd,quaternary,new-C2_m,C2/m,runs/quaternary/Gd/new-C2_m/C2Fe12Ga5Gd2_nat,,,1,C2Fe12Ga5Gd2,GNoME,-0.0068,structures/GNoME/Gd2Ga5Fe6C2_2c8e7185cb.CIF
B4Co11Gd3_nat,native,Gd,ternary,new-Cmmm,Cmmm,runs/ternary/Gd/new-Cmmm/B4Co11Gd3_nat,,,1,B4Co11Gd3,MP;OQMD,0.0,structures/MP/Gd3Co11B4_mp-aaabimgc.CIF
Co9GdSi4_nat,native,Gd,ternary,new-I4_mcm,I4/mcm,runs/ternary/Gd/new-I4_mcm/Co9GdSi4_nat,,,1,Co9GdSi4,MP;OQMD,0.002280783039809553,structures/MP/Co9GdSi4_mp-aaacpxri.CIF
Fe11GdW_nat,native,Gd,ternary,new-Imm2,Imm2,runs/ternary/Gd/new-Imm2/Fe11GdW_nat,,,1,Fe11GdW,MP,0.0165,structures/MP/GdFe11W_mp-aaacrsku.CIF
Co5GdMo_nat,native,Gd,ternary,new-Immm,Immm,runs/ternary/Gd/new-Immm/Co5GdMo_nat,,,1,Co5GdMo,MP,0.0372,structures/MP/Gd(Co5Mo)2_mp-aaacrtev.CIF
Fe5GdSi_nat,native,Gd,ternary,new-Immm,Immm,runs/ternary/Gd/new-Immm/Fe5GdSi_nat,,,1,Fe5GdSi,MP,0.0277,structures/MP/GdFe5Si_mp-aaacrsmf.CIF
Fe5GdV_nat,native,Gd,ternary,new-Immm,Immm,runs/ternary/Gd/new-Immm/Fe5GdV_nat,,,1,Fe5GdV,MP,0.0328,structures/MP/Gd(VFe5)2_mp-aaacrtmk.CIF
Co17GdSm_nat,native,Gd,ternary,new-R3m,R3m,runs/ternary/Gd/new-R3m/Co17GdSm_nat,,,1,Co17GdSm,MP,0.0,structures/MP/SmGdCo17_mp-aaacrjrz.CIF
Co23Gd3Y3_nat,native,Gd,ternary,new-R3m,R3m,runs/ternary/Gd/new-R3m/Co23Gd3Y3_nat,,,1,Co23Gd3Y3,GNoME,-0.0316,structures/GNoME/Gd3Y3Co23_3e5bdbf9b3.CIF
Fe23Gd3Y3_nat,native,Gd,ternary,new-R3m,R3m,runs/ternary/Gd/new-R3m/Fe23Gd3Y3_nat,,,1,Fe23Gd3Y3,MP,0.0,structures/MP/Gd3Y3Fe23_mp-aaacrsjv.CIF
Co4GdLu_sub,Gd_surrogate,Ho,ternary,CaCu5-RT4X,F-43m,runs/ternary/Ho/CaCu5-RT4X/Co4GdLu_sub,Co4HoLu,Er Ho Tb,3,Co4HoLu Co4ErLu Co4LuTb,GNoME,-0.0146,structures/Gd_substituted/Co4GdLu_from_Co4HoLu.CIF
Co2Fe7Gd3_sub,Gd_surrogate,Ho,ternary,RT3-PuNi3,R3m,runs/ternary/Ho/RT3-PuNi3/Co2Fe7Gd3_sub,Co2Fe7Ho2Tb,Ho Tb,1,Co2Fe7Ho2Tb,GNoME,-0.0115,structures/Gd_substituted/Co2Fe7Gd3_from_Co2Fe7Ho2Tb.CIF
Co3Gd2_sub,Gd_surrogate,Ho,binary,new-Aem2,Aem2,runs/binary/Ho/new-Aem2/Co3Gd2_sub,Co3HoTb,Ho Tb,1,Co3HoTb,GNoME,-0.0068,structures/Gd_substituted/Co3Gd2_from_Co3HoTb.CIF
Al2C3Fe14GaGd2_sub,Gd_surrogate,Ho,quinary,new-C2_m,C2/m,runs/quinary/Ho/new-C2_m/Al2C3Fe14GaGd2_sub,Al2C3Fe14GaHo2,Ho,1,Al2C3Fe14GaHo2,GNoME,-0.0106,structures/Gd_substituted/Al2C3Fe14GaGd2_from_Al2C3Fe14GaHo2.CIF
Al2C3Fe15Gd2_sub,Gd_surrogate,Ho,quaternary,new-C2_m,C2/m,runs/quaternary/Ho/new-C2_m/Al2C3Fe15Gd2_sub,Al2C3Fe15Ho2,Er Ho,2,Al2C3Fe15Ho2 Al2C3Er2Fe15,Alexandria;GNoME,-0.0155,structures/Gd_substituted/Al2C3Fe15Gd2_from_Al2C3Fe15Ho2.CIF
AlC3Fe16Gd2_sub,Gd_surrogate,Ho,quaternary,new-C2_m,C2/m,runs/quaternary/Ho/new-C2_m/AlC3Fe16Gd2_sub,AlC3Fe16Ho2,Ho,1,AlC3Fe16Ho2,GNoME,-0.007,structures/Gd_substituted/AlC3Fe16Gd2_from_AlC3Fe16Ho2.CIF
Be2C3Fe15Gd2_sub,Gd_surrogate,Ho,quaternary,new-C2_m,C2/m,runs/quaternary/Ho/new-C2_m/Be2C3Fe15Gd2_sub,Be2C3Fe15Ho2,Ho,1,Be2C3Fe15Ho2,GNoME,-0.0106,structures/Gd_substituted/Be2C3Fe15Gd2_from_Be2C3Fe15Ho2.CIF
CoFe6Gd2_sub,Gd_surrogate,Ho,ternary,new-C2_m,C2/m,runs/ternary/Ho/new-C2_m/CoFe6Gd2_sub,CoFe6Ho2,Ho,1,CoFe6Ho2,GNoME,-0.012,structures/Gd_substituted/CoFe6Gd2_from_CoFe6Ho2.CIF
Fe3Gd2Os_sub,Gd_surrogate,Ho,ternary,new-C2_m,C2/m,runs/ternary/Ho/new-C2_m/Fe3Gd2Os_sub,Fe6Ho3Os2Tm,Dy Ho Tb Tm,6,Fe6Ho3Os2Tm DyFe6Ho3Os2 Fe6Ho3Os2Tb DyFe6Ho2Os2Tb Dy2Fe6HoOs2Tb Dy3Fe6Os2Tb,GNoME,-0.0287,structures/Gd_substituted/Fe3Gd2Os_from_Fe6Ho3Os2Tm.CIF
Co3Fe11Gd4_sub,Gd_surrogate,Ho,ternary,new-Cm,Cm,runs/ternary/Ho/new-Cm/Co3Fe11Gd4_sub,Co3Fe11Ho4,Ho,1,Co3Fe11Ho4,GNoME,-0.0122,structures/Gd_substituted/Co3Fe11Gd4_from_Co3Fe11Ho4.CIF
Fe6Gd3Os2Y_sub,Gd_surrogate,Ho,quaternary,new-Cm,Cm,runs/quaternary/Ho/new-Cm/Fe6Gd3Os2Y_sub,Fe6Ho3Os2Y,Ho,1,Fe6Ho3Os2Y,GNoME,-0.0239,structures/Gd_substituted/Fe6Gd3Os2Y_from_Fe6Ho3Os2Y.CIF
Fe7Gd4Os_sub,Gd_surrogate,Ho,ternary,new-Cm,Cm,runs/ternary/Ho/new-Cm/Fe7Gd4Os_sub,Fe7Ho3OsTb,Ho Tb,1,Fe7Ho3OsTb,GNoME,-0.0077,structures/Gd_substituted/Fe7Gd4Os_from_Fe7Ho3OsTb.CIF
CeCo22Gd_sub,Gd_surrogate,Ho,ternary,new-I-4m2,I-4m2,runs/ternary/Ho/new-I-4m2/CeCo22Gd_sub,CeCo22Ho,Ho,1,CeCo22Ho,GNoME,-0.006,structures/Gd_substituted/CeCo22Gd_from_CeCo22Ho.CIF
CoFe18Gd2Lu3P12_sub,Gd_surrogate,Ho,quinary,new-P-62m,P-62m,runs/quinary/Ho/new-P-62m/CoFe18Gd2Lu3P12_sub,CoFe18Ho2Lu3P12,Ho,1,CoFe18Ho2Lu3P12,GNoME,-0.0144,structures/Gd_substituted/CoFe18Gd2Lu3P12_from_CoFe18Ho2Lu3P12.CIF
Co3Fe4Gd2_sub,Gd_surrogate,Ho,ternary,new-P1,P1,runs/ternary/Ho/new-P1/Co3Fe4Gd2_sub,Co3Fe4Ho2,Ho,1,Co3Fe4Ho2,GNoME,-0.0097,structures/Gd_substituted/Co3Fe4Gd2_from_Co3Fe4Ho2.CIF
B4Fe14GdY5_sub,Gd_surrogate,Ho,quaternary,new-P3m1,P3m1,runs/quaternary/Ho/new-P3m1/B4Fe14GdY5_sub,B4Fe14HoY5,Dy Er Ho,3,B4Fe14HoY5 B4DyFe14Y5 B4ErFe14Y5,GNoME,-0.0045,structures/Gd_substituted/B4Fe14GdY5_from_B4Fe14HoY5.CIF
Co2Fe16Gd3Y3_sub,Gd_surrogate,Ho,quaternary,new-P3m1,P3m1,runs/quaternary/Ho/new-P3m1/Co2Fe16Gd3Y3_sub,Co2Fe16Ho3Y3,Ho,1,Co2Fe16Ho3Y3,GNoME,-0.0128,structures/Gd_substituted/Co2Fe16Gd3Y3_from_Co2Fe16Ho3Y3.CIF
Fe18GdLu3Y2_sub,Gd_surrogate,Ho,quaternary,new-P3m1,P3m1,runs/quaternary/Ho/new-P3m1/Fe18GdLu3Y2_sub,Fe18HoLu3Y2,Dy Ho,2,Fe18HoLu3Y2 DyFe18Lu3Y2,GNoME,-0.0077,structures/Gd_substituted/Fe18GdLu3Y2_from_Fe18HoLu3Y2.CIF
Fe18GdY5_sub,Gd_surrogate,Ho,ternary,new-P3m1,P3m1,runs/ternary/Ho/new-P3m1/Fe18GdY5_sub,Fe18HoY5,Dy Ho Tb,3,Fe18HoY5 DyFe18Y5 Fe18TbY5,GNoME,-0.0003,structures/Gd_substituted/Fe18GdY5_from_Fe18HoY5.CIF
Fe9Gd2Y_sub,Gd_surrogate,Ho,ternary,new-P3m1,P3m1,runs/ternary/Ho/new-P3m1/Fe9Gd2Y_sub,Fe18HoTm3Y2,Dy Ho Tm,2,Fe18HoTm3Y2 DyFe18Tm3Y2,GNoME,-0.0044,structures/Gd_substituted/Fe9Gd2Y_from_Fe18HoTm3Y2.CIF
B2Fe8GdLu_sub,Gd_surrogate,Ho,quaternary,new-P6_mmm,P6/mmm,runs/quaternary/Ho/new-P6_mmm/B2Fe8GdLu_sub,B2Fe8HoLu,Dy Er Ho Tb Tm,5,B2Fe8HoLu B2DyFe8Lu B2Fe8LuTb B2ErFe8Lu B2Fe8LuTm,GNoME,-0.0132,structures/Gd_substituted/B2Fe8GdLu_from_B2Fe8HoLu.CIF
Fe11Gd2NiP7_sub,Gd_surrogate,Ho,quaternary,new-Pm,Pm,runs/quaternary/Ho/new-Pm/Fe11Gd2NiP7_sub,Fe11Ho2NiP7,Dy Ho Tb Tm,4,Fe11Ho2NiP7 DyFe11NiP7Tb Dy2Fe11NiP7 Fe11NiP7Tm2,GNoME,-0.0174,structures/Gd_substituted/Fe11Gd2NiP7_from_Fe11Ho2NiP7.CIF
Fe11Gd2OsP7_sub,Gd_surrogate,Ho,quaternary,new-Pm,Pm,runs/quaternary/Ho/new-Pm/Fe11Gd2OsP7_sub,Fe11Ho2OsP7,Ho,1,Fe11Ho2OsP7,GNoME,-0.0091,structures/Gd_substituted/Fe11Gd2OsP7_from_Fe11Ho2OsP7.CIF
Fe20GdLu3P12_sub,Gd_surrogate,Ho,quaternary,new-Pm,Pm,runs/quaternary/Ho/new-Pm/Fe20GdLu3P12_sub,Fe20HoLu3P12,Ho,1,Fe20HoLu3P12,GNoME,-0.0004,structures/Gd_substituted/Fe20GdLu3P12_from_Fe20HoLu3P12.CIF
Fe20GdP12Y3_sub,Gd_surrogate,Ho,quaternary,new-Pm,Pm,runs/quaternary/Ho/new-Pm/Fe20GdP12Y3_sub,Fe20HoP12Y3,Dy Ho,2,Fe20HoP12Y3 DyFe20P12Y3,GNoME,-0.0463,structures/Gd_substituted/Fe20GdP12Y3_from_Fe20HoP12Y3.CIF
Fe9GdLuP6V_sub,Gd_surrogate,Ho,quinary,new-Pmc2_1,Pmc2_1,runs/quinary/Ho/new-Pmc2_1/Fe9GdLuP6V_sub,Fe9HoLuP6V,Ho,1,Fe9HoLuP6V,GNoME,-0.006,structures/Gd_substituted/Fe9GdLuP6V_from_Fe9HoLuP6V.CIF
CeFe18GdLu4P12_sub,Gd_surrogate,Ho,quinary,new-Pmm2,Pmm2,runs/quinary/Ho/new-Pmm2/CeFe18GdLu4P12_sub,CeFe18HoLu4P12,Ho,1,CeFe18HoLu4P12,GNoME,-0.0067,structures/Gd_substituted/CeFe18GdLu4P12_from_CeFe18HoLu4P12.CIF
Fe2GdZn_sub,Gd_surrogate,Ho,ternary,new-Pmm2,Pmm2,runs/ternary/Ho/new-Pmm2/Fe2GdZn_sub,Fe4HoTbZn2,Dy Ho Tb,2,Fe4HoTbZn2 DyFe4HoZn2,GNoME,-0.0066,structures/Gd_substituted/Fe2GdZn_from_Fe4HoTbZn2.CIF
Al3Fe6GdZr2_sub,Gd_surrogate,Ho,quaternary,new-R-3m,R-3m,runs/quaternary/Ho/new-R-3m/Al3Fe6GdZr2_sub,Al3Fe6HoZr2,Dy Ho Tb,3,Al3Fe6HoZr2 Al3DyFe6Zr2 Al3Fe6TbZr2,GNoME,-0.0172,structures/Gd_substituted/Al3Fe6GdZr2_from_Al3Fe6HoZr2.CIF
B2Fe7GdLu2_sub,Gd_surrogate,Ho,quaternary,new-R-3m,R-3m,runs/quaternary/Ho/new-R-3m/B2Fe7GdLu2_sub,B2Fe7HoLu2,Ho,1,B2Fe7HoLu2,GNoME,-0.0161,structures/Gd_substituted/B2Fe7GdLu2_from_B2Fe7HoLu2.CIF
Be3Fe6GdTa2_sub,Gd_surrogate,Ho,quaternary,new-R-3m,R-3m,runs/quaternary/Ho/new-R-3m/Be3Fe6GdTa2_sub,Be3Fe6HoTa2,Ho,1,Be3Fe6HoTa2,GNoME,-0.0261,structures/Gd_substituted/Be3Fe6GdTa2_from_Be3Fe6HoTa2.CIF
C3Fe14Ga3Gd2_sub,Gd_surrogate,Ho,quaternary,new-R-3m,R-3m,runs/quaternary/Ho/new-R-3m/C3Fe14Ga3Gd2_sub,C3Fe14Ga3Ho2,Er Ho,2,C3Fe14Ga3Ho2 C3Er2Fe14Ga3,GNoME,-0.0053,structures/Gd_substituted/C3Fe14Ga3Gd2_from_C3Fe14Ga3Ho2.CIF
Fe13Gd4Os_sub,Gd_surrogate,Ho,ternary,new-R-3m,R-3m,runs/ternary/Ho/new-R-3m/Fe13Gd4Os_sub,Fe13Ho4Os,Dy Er Ho,3,Fe13Ho4Os Er4Fe13Os Dy4Fe13Os,GNoME,-0.0138,structures/Gd_substituted/Fe13Gd4Os_from_Fe13Ho4Os.CIF
Fe13Gd4Ru_sub,Gd_surrogate,Ho,ternary,new-R-3m,R-3m,runs/ternary/Ho/new-R-3m/Fe13Gd4Ru_sub,Fe13Ho4Ru,Ho,1,Fe13Ho4Ru,GNoME,-0.0023,structures/Gd_substituted/Fe13Gd4Ru_from_Fe13Ho4Ru.CIF
Fe6GdHf2Si3_sub,Gd_surrogate,Ho,quaternary,new-R-3m,R-3m,runs/quaternary/Ho/new-R-3m/Fe6GdHf2Si3_sub,Fe6Hf2HoSi3,Ho,1,Fe6Hf2HoSi3,GNoME,-0.0075,structures/Gd_substituted/Fe6GdHf2Si3_from_Fe6Hf2HoSi3.CIF
Fe6GdSc2Si3_sub,Gd_surrogate,Ho,quaternary,new-R-3m,R-3m,runs/quaternary/Ho/new-R-3m/Fe6GdSc2Si3_sub,Fe6HoSc2Si3,Ho,1,Fe6HoSc2Si3,GNoME,-0.0023,structures/Gd_substituted/Fe6GdSc2Si3_from_Fe6HoSc2Si3.CIF
Fe6GdSi3Zr2_sub,Gd_surrogate,Ho,quaternary,new-R-3m,R-3m,runs/quaternary/Ho/new-R-3m/Fe6GdSi3Zr2_sub,Fe6HoSi3Zr2,Ho,1,Fe6HoSi3Zr2,GNoME,-0.0015,structures/Gd_substituted/Fe6GdSi3Zr2_from_Fe6HoSi3Zr2.CIF
Fe7Ga2GdHf2_sub,Gd_surrogate,Ho,quaternary,new-R-3m,R-3m,runs/quaternary/Ho/new-R-3m/Fe7Ga2GdHf2_sub,Fe7Ga2Hf2Ho,Ho,1,Fe7Ga2Hf2Ho,GNoME,-0.0091,structures/Gd_substituted/Fe7Ga2GdHf2_from_Fe7Ga2Hf2Ho.CIF
Fe8GdLu2Os_sub,Gd_surrogate,Ho,quaternary,new-R-3m,R-3m,runs/quaternary/Ho/new-R-3m/Fe8GdLu2Os_sub,Fe8HoLu2Os,Er Ho Tm,3,Fe8HoLu2Os ErFe8Lu2Os Fe8Lu2OsTm,GNoME,-0.0238,structures/Gd_substituted/Fe8GdLu2Os_from_Fe8HoLu2Os.CIF
Fe9Gd2Y_sub,Gd_surrogate,Ho,ternary,new-R-3m,R-3m,runs/ternary/Ho/new-R-3m/Fe9Gd2Y_sub,Fe9HoTmY,Dy Er Ho Tb Tm,4,Fe9HoTmY ErFe9TmY DyFe9TbY Fe9Tb2Y,GNoME,-0.0041,structures/Gd_substituted/Fe9Gd2Y_from_Fe9HoTmY.CIF
Fe9GdZr2_sub,Gd_surrogate,Ho,ternary,new-R-3m,R-3m,runs/ternary/Ho/new-R-3m/Fe9GdZr2_sub,Fe9HoZr2,Er Ho Tb Tm,4,Fe9HoZr2 Fe9TbZr2 ErFe9Zr2 Fe9TmZr2,Alexandria;GNoME,-0.0238,structures/Gd_substituted/Fe9GdZr2_from_Fe9HoZr2.CIF
B2Fe7Gd2Y_sub,Gd_surrogate,Ho,quaternary,new-R3m,R3m,runs/quaternary/Ho/new-R3m/B2Fe7Gd2Y_sub,B2Fe7Ho2Y,Er Ho,2,B2Fe7Ho2Y B2Er2Fe7Y,GNoME,-0.0097,structures/Gd_substituted/B2Fe7Gd2Y_from_B2Fe7Ho2Y.CIF
Be3C3Fe14GdLu_sub,Gd_surrogate,Ho,quinary,new-R3m,R3m,runs/quinary/Ho/new-R3m/Be3C3Fe14GdLu_sub,Be3C3Fe14HoLu,Dy Ho,2,Be3C3Fe14HoLu Be3C3DyFe14Lu,GNoME,-0.0174,structures/Gd_substituted/Be3C3Fe14GdLu_from_Be3C3Fe14HoLu.CIF
C3Fe14GdNdSi3_sub,Gd_surrogate,Ho,quinary,new-R3m,R3m,runs/quinary/Ho/new-R3m/C3Fe14GdNdSi3_sub,C3Fe14HoNdSi3,Dy Ho Tb,3,C3Fe14HoNdSi3 C3DyFe14NdSi3 C3Fe14NdSi3Tb,GNoME,-0.0345,structures/Gd_substituted/C3Fe14GdNdSi3_from_C3Fe14HoNdSi3.CIF
C3Fe14GdScSi3_sub,Gd_surrogate,Ho,quinary,new-R3m,R3m,runs/quinary/Ho/new-R3m/C3Fe14GdScSi3_sub,C3Fe14HoScSi3,Dy Er Ho Tb,4,C3Fe14HoScSi3 C3ErFe14ScSi3 C3DyFe14ScSi3 C3Fe14ScSi3Tb,GNoME,-0.0283,structures/Gd_substituted/C3Fe14GdScSi3_from_C3Fe14HoScSi3.CIF
C3Fe14GdSi3Sm_sub,Gd_surrogate,Ho,quinary,new-R3m,R3m,runs/quinary/Ho/new-R3m/C3Fe14GdSi3Sm_sub,C3Fe14HoSi3Sm,Ho Tb,2,C3Fe14HoSi3Sm C3Fe14Si3SmTb,GNoME,-0.0304,structures/Gd_substituted/C3Fe14GdSi3Sm_from_C3Fe14HoSi3Sm.CIF
Co15Fe8Gd6_sub,Gd_surrogate,Ho,ternary,new-R3m,R3m,runs/ternary/Ho/new-R3m/Co15Fe8Gd6_sub,Co15Fe8Ho6,Ho,1,Co15Fe8Ho6,GNoME,-0.02,structures/Gd_substituted/Co15Fe8Gd6_from_Co15Fe8Ho6.CIF
CoFe8GdHf2_sub,Gd_surrogate,Ho,quaternary,new-R3m,R3m,runs/quaternary/Ho/new-R3m/CoFe8GdHf2_sub,CoFe8Hf2Ho,Ho,1,CoFe8Hf2Ho,GNoME,-0.0165,structures/Gd_substituted/CoFe8GdHf2_from_CoFe8Hf2Ho.CIF
Fe9GdHfNb_sub,Gd_surrogate,Ho,quaternary,new-R3m,R3m,runs/quaternary/Ho/new-R3m/Fe9GdHfNb_sub,Fe9HfHoNb,Ho Tm,2,Fe9HfHoNb Fe9HfNbTm,GNoME,-0.0189,structures/Gd_substituted/Fe9GdHfNb_from_Fe9HfHoNb.CIF
Fe9GdHfTi_sub,Gd_surrogate,Ho,quaternary,new-R3m,R3m,runs/quaternary/Ho/new-R3m/Fe9GdHfTi_sub,Fe9HfHoTi,Dy Ho Tb Tm,4,Fe9HfHoTi Fe9HfTbTi DyFe9HfTi Fe9HfTiTm,GNoME,-0.0151,structures/Gd_substituted/Fe9GdHfTi_from_Fe9HfHoTi.CIF
Fe9GdLuZr_sub,Gd_surrogate,Ho,quaternary,new-R3m,R3m,runs/quaternary/Ho/new-R3m/Fe9GdLuZr_sub,Fe9HoLuZr,Dy Ho Tm,3,Fe9HoLuZr DyFe9LuZr Fe9LuTmZr,GNoME,-0.019,structures/Gd_substituted/Fe9GdLuZr_from_Fe9HoLuZr.CIF
Fe9GdNbTa_sub,Gd_surrogate,Ho,quaternary,new-R3m,R3m,runs/quaternary/Ho/new-R3m/Fe9GdNbTa_sub,Fe9HoNbTa,Ho,1,Fe9HoNbTa,GNoME,-0.0161,structures/Gd_substituted/Fe9GdNbTa_from_Fe9HoNbTa.CIF
Fe9GdScTa_sub,Gd_surrogate,Ho,quaternary,new-R3m,R3m,runs/quaternary/Ho/new-R3m/Fe9GdScTa_sub,Fe9HoScTa,Dy Er Ho Tb Tm,5,Fe9HoScTa Fe9ScTaTb ErFe9ScTa DyFe9ScTa Fe9ScTaTm,GNoME,-0.0111,structures/Gd_substituted/Fe9GdScTa_from_Fe9HoScTa.CIF
AlB2Fe12Gd3_sub,Gd_surrogate,Tb,quaternary,CaCu5-RT4X,Cmmm,runs/quaternary/Tb/CaCu5-RT4X/AlB2Fe12Gd3_sub,AlB2Fe12Tb3,Tb,1,AlB2Fe12Tb3,GNoME,-0.021,structures/Gd_substituted/AlB2Fe12Gd3_from_AlB2Fe12Tb3.CIF
Fe8Gd2LuOs_sub,Gd_surrogate,Tb,quaternary,CaCu5-RT4X,R3m,runs/quaternary/Tb/CaCu5-RT4X/Fe8Gd2LuOs_sub,Fe8LuOsTb2,Ho Tb,2,Fe8LuOsTb2 Fe8Ho2LuOs,GNoME,-0.0187,structures/Gd_substituted/Fe8Gd2LuOs_from_Fe8LuOsTb2.CIF
Co11Fe7Gd6_sub,Gd_surrogate,Tb,ternary,RT3-PuNi3,Cm,runs/ternary/Tb/RT3-PuNi3/Co11Fe7Gd6_sub,Co11Fe7Tb6,Ho Tb,2,Co11Fe7Tb6 Co11Fe7Ho6,GNoME,-0.0198,structures/Gd_substituted/Co11Fe7Gd6_from_Co11Fe7Tb6.CIF
Co5Fe13Gd6_sub,Gd_surrogate,Tb,ternary,RT3-PuNi3,Cm,runs/ternary/Tb/RT3-PuNi3/Co5Fe13Gd6_sub,Co5Fe13Tb6,Tb,1,Co5Fe13Tb6,GNoME,-0.0156,structures/Gd_substituted/Co5Fe13Gd6_from_Co5Fe13Tb6.CIF
Fe3Gd_sub,Gd_surrogate,Tb,binary,RT3-PuNi3,P3m1,runs/binary/Tb/RT3-PuNi3/Fe3Gd_sub,Fe6TbTm,Ho Tb Tm,2,Fe6TbTm Fe6HoTm,GNoME,-0.0025,structures/Gd_substituted/Fe3Gd_from_Fe6TbTm.CIF
Fe3Gd_sub_R3m,Gd_surrogate,Tb,binary,RT3-PuNi3,R3m,runs/binary/Tb/RT3-PuNi3/Fe3Gd_sub_R3m,Fe9Tb2Tm,Er Tb Tm,2,Fe9Tb2Tm ErFe9Tb2,Alexandria;GNoME,-0.0014,structures/Gd_substituted/Fe3Gd_from_Fe9Tb2Tm.CIF
Co16FeGd2_sub,Gd_surrogate,Tb,ternary,Th2Zn17,R3m,runs/ternary/Tb/Th2Zn17/Co16FeGd2_sub,Co16FeTb2,Er Ho Tb Tm,4,Co16FeTb2 Co16FeHo2 Co16FeTm2 Co16Er2Fe,GNoME,-0.0068,structures/Gd_substituted/Co16FeGd2_from_Co16FeTb2.CIF
Co17Gd2_sub,Gd_surrogate,Tb,binary,Th2Zn17,R3m,runs/binary/Tb/Th2Zn17/Co17Gd2_sub,Co17GdTb,Dy Er Gd Ho Tb Tm,8,Co17GdTb Co17HoTb Co17ErTb Co17DyHo Co17DyEr Co17ErHo Co17TbTm Co17HoTm,GNoME,-0.023,structures/Gd_substituted/Co17Gd2_from_Co17GdTb.CIF
Co3GdY_sub,Gd_surrogate,Tb,ternary,new-Aem2,Aem2,runs/ternary/Tb/new-Aem2/Co3GdY_sub,Co3TbY,Dy Tb,2,Co3TbY Co3DyY,GNoME,-0.0041,structures/Gd_substituted/Co3GdY_from_Co3TbY.CIF
Co5FeGd4_sub,Gd_surrogate,Tb,ternary,new-C2_m,C2/m,runs/ternary/Tb/new-C2_m/Co5FeGd4_sub,Co5FeTb4,Dy Tb,2,Co5FeTb4 Co5Dy4Fe,GNoME,-0.0185,structures/Gd_substituted/Co5FeGd4_from_Co5FeTb4.CIF
Al3C2Fe14GdSm_sub,Gd_surrogate,Tb,quinary,new-Cm,Cm,runs/quinary/Tb/new-Cm/Al3C2Fe14GdSm_sub,Al3C2Fe14SmTb,Dy Er Tb Tm,4,Al3C2Fe14SmTb Al3C2DyFe14Sm Al3C2ErFe14Sm Al3C2Fe14SmTm,GNoME,-0.0188,structures/Gd_substituted/Al3C2Fe14GdSm_from_Al3C2Fe14SmTb.CIF
Ce2Fe29Gd2Si5_sub,Gd_surrogate,Tb,quaternary,new-Cm,Cm,runs/quaternary/Tb/new-Cm/Ce2Fe29Gd2Si5_sub,Ce2Fe29Si5Tb2,Tb,1,Ce2Fe29Si5Tb2,GNoME,-1.0582,structures/Gd_substituted/Ce2Fe29Gd2Si5_from_Ce2Fe29Si5Tb2.CIF
Co2Fe12GdY3_sub,Gd_surrogate,Tb,quaternary,new-Cm,Cm,runs/quaternary/Tb/new-Cm/Co2Fe12GdY3_sub,Co2Fe12TbY3,Tb,1,Co2Fe12TbY3,GNoME,-0.0151,structures/Gd_substituted/Co2Fe12GdY3_from_Co2Fe12TbY3.CIF
Co6Gd3Y_sub,Gd_surrogate,Tb,ternary,new-Cm,Cm,runs/ternary/Tb/new-Cm/Co6Gd3Y_sub,Co6Tb3Y,Dy Tb,2,Co6Tb3Y Co6Dy3Y,GNoME,-0.0094,structures/Gd_substituted/Co6Gd3Y_from_Co6Tb3Y.CIF
Co6GdY3_sub,Gd_surrogate,Tb,ternary,new-Cm,Cm,runs/ternary/Tb/new-Cm/Co6GdY3_sub,Co6TbY3,Tb,1,Co6TbY3,GNoME,-0.0061,structures/Gd_substituted/Co6GdY3_from_Co6TbY3.CIF
CoFe6GdY_sub,Gd_surrogate,Tb,quaternary,new-Cm,Cm,runs/quaternary/Tb/new-Cm/CoFe6GdY_sub,CoFe6TbY,Tb,1,CoFe6TbY,GNoME,-0.0159,structures/Gd_substituted/CoFe6GdY_from_CoFe6TbY.CIF
Fe7GdRe5_sub,Gd_surrogate,Tb,ternary,new-Imm2,Imm2,runs/ternary/Tb/new-Imm2/Fe7GdRe5_sub,Fe7Re5Tb,Tb,1,Fe7Re5Tb,GNoME,-0.0094,structures/Gd_substituted/Fe7GdRe5_from_Fe7Re5Tb.CIF
Al2Fe8GdRe2_sub,Gd_surrogate,Tb,quaternary,new-Immm,Immm,runs/quaternary/Tb/new-Immm/Al2Fe8GdRe2_sub,Al2Fe8Re2Tb,Dy Er Ho Tb Tm,5,Al2Fe8Re2Tb Al2DyFe8Re2 Al2Fe8HoRe2 Al2ErFe8Re2 Al2Fe8Re2Tm,GNoME,-0.0207,structures/Gd_substituted/Al2Fe8GdRe2_from_Al2Fe8Re2Tb.CIF
B2Fe7Gd2Lu_sub,Gd_surrogate,Tb,quaternary,new-P-3m1,P-3m1,runs/quaternary/Tb/new-P-3m1/B2Fe7Gd2Lu_sub,B2Fe7LuTb2,Tb,1,B2Fe7LuTb2,GNoME,-0.0064,structures/Gd_substituted/B2Fe7Gd2Lu_from_B2Fe7LuTb2.CIF
B4Fe14GdY5_sub,Gd_surrogate,Tb,quaternary,new-P-6m2,P-6m2,runs/quaternary/Tb/new-P-6m2/B4Fe14GdY5_sub,B4Fe14TbY5,Tb Tm,2,B4Fe14TbY5 B4Fe14TmY5,GNoME,-0.0052,structures/Gd_substituted/B4Fe14GdY5_from_B4Fe14TbY5.CIF
Fe18GdLu4Y_sub,Gd_surrogate,Tb,quaternary,new-P-6m2,P-6m2,runs/quaternary/Tb/new-P-6m2/Fe18GdLu4Y_sub,Fe18Lu4TbY,Ho Tb Tm,3,Fe18Lu4TbY Fe18HoLu4Y Fe18Lu4TmY,GNoME,-0.0104,structures/Gd_substituted/Fe18GdLu4Y_from_Fe18Lu4TbY.CIF
Fe6GdGe4Lu_sub,Gd_surrogate,Tb,quaternary,new-P-6m2,P-6m2,runs/quaternary/Tb/new-P-6m2/Fe6GdGe4Lu_sub,Fe6Ge4LuTb,Tb Tm,2,Fe6Ge4LuTb Fe6Ge4LuTm,GNoME,-0.0334,structures/Gd_substituted/Fe6GdGe4Lu_from_Fe6Ge4LuTb.CIF
Co3Fe11Gd2Y2_sub,Gd_surrogate,Tb,quaternary,new-P1,P1,runs/quaternary/Tb/new-P1/Co3Fe11Gd2Y2_sub,Co3Fe11Tb2Y2,Tb,1,Co3Fe11Tb2Y2,GNoME,-0.0153,structures/Gd_substituted/Co3Fe11Gd2Y2_from_Co3Fe11Tb2Y2.CIF
Co3Fe11Gd3Y_sub,Gd_surrogate,Tb,quaternary,new-P1,P1,runs/quaternary/Tb/new-P1/Co3Fe11Gd3Y_sub,Co3Fe11Tb3Y,Tb,1,Co3Fe11Tb3Y,GNoME,-0.0157,structures/Gd_substituted/Co3Fe11Gd3Y_from_Co3Fe11Tb3Y.CIF
Co3Fe11Gd4_sub,Gd_surrogate,Tb,ternary,new-P1,P1,runs/ternary/Tb/new-P1/Co3Fe11Gd4_sub,Co3Fe11Tb4,Dy Tb,2,Co3Fe11Tb4 Co3Dy4Fe11,GNoME,-0.0162,structures/Gd_substituted/Co3Fe11Gd4_from_Co3Fe11Tb4.CIF
Co7Fe7Gd4_sub,Gd_surrogate,Tb,ternary,new-P1,P1,runs/ternary/Tb/new-P1/Co7Fe7Gd4_sub,Co7Fe7Tb4,Tb,1,Co7Fe7Tb4,GNoME,-0.0186,structures/Gd_substituted/Co7Fe7Gd4_from_Co7Fe7Tb4.CIF
Co2Fe16Gd5Y_sub,Gd_surrogate,Tb,quaternary,new-P3m1,P3m1,runs/quaternary/Tb/new-P3m1/Co2Fe16Gd5Y_sub,Co2Fe16Tb5Y,Tb,1,Co2Fe16Tb5Y,GNoME,-0.0141,structures/Gd_substituted/Co2Fe16Gd5Y_from_Co2Fe16Tb5Y.CIF
CoFe8GdY2_sub,Gd_surrogate,Tb,quaternary,new-P3m1,P3m1,runs/quaternary/Tb/new-P3m1/CoFe8GdY2_sub,CoFe8TbY2,Tb,1,CoFe8TbY2,GNoME,-0.0134,structures/Gd_substituted/CoFe8GdY2_from_CoFe8TbY2.CIF
AlBFe3Gd_sub,Gd_surrogate,Tb,quaternary,new-P6_mmm,P6/mmm,runs/quaternary/Tb/new-P6_mmm/AlBFe3Gd_sub,AlBFe3Tb,Dy Er Ho Tb Tm,9,AlBFe3Tb AlBDyFe3 AlBFe3Ho Al2B2DyErFe6 Al2B2Fe6HoTm Al2B2DyFe6Tm AlBErFe3 Al2B2Fe6TbTm AlBFe3Tm,GNoME,-0.0295,structures/Gd_substituted/AlBFe3Gd_from_AlBFe3Tb.CIF
B2Fe8GdSm_sub,Gd_surrogate,Tb,quaternary,new-P6_mmm,P6/mmm,runs/quaternary/Tb/new-P6_mmm/B2Fe8GdSm_sub,B2Fe8SmTb,Tb,1,B2Fe8SmTb,GNoME,-0.0087,structures/Gd_substituted/B2Fe8GdSm_from_B2Fe8SmTb.CIF
B2Fe8GdY_sub,Gd_surrogate,Tb,quaternary,new-P6_mmm,P6/mmm,runs/quaternary/Tb/new-P6_mmm/B2Fe8GdY_sub,B2Fe8TbY,Tb,1,B2Fe8TbY,GNoME,-0.0163,structures/Gd_substituted/B2Fe8GdY_from_B2Fe8TbY.CIF
Fe11Gd2P7Ti_sub,Gd_surrogate,Tb,quaternary,new-Pm,Pm,runs/quaternary/Tb/new-Pm/Fe11Gd2P7Ti_sub,Fe11P7Tb2Ti,Tb,1,Fe11P7Tb2Ti,GNoME,-0.0033,structures/Gd_substituted/Fe11Gd2P7Ti_from_Fe11P7Tb2Ti.CIF
Fe11Gd2P7V_sub,Gd_surrogate,Tb,quaternary,new-Pm,Pm,runs/quaternary/Tb/new-Pm/Fe11Gd2P7V_sub,Fe11P7Tb2V,Tb,1,Fe11P7Tb2V,GNoME,-0.0041,structures/Gd_substituted/Fe11Gd2P7V_from_Fe11P7Tb2V.CIF
Fe4Ga2GdY_sub,Gd_surrogate,Tb,quaternary,new-Pmm2,Pmm2,runs/quaternary/Tb/new-Pmm2/Fe4Ga2GdY_sub,Fe4Ga2TbY,Tb,1,Fe4Ga2TbY,GNoME,-0.0089,structures/Gd_substituted/Fe4Ga2GdY_from_Fe4Ga2TbY.CIF
Fe4GaGd2Zn_sub,Gd_surrogate,Tb,quaternary,new-Pmm2,Pmm2,runs/quaternary/Tb/new-Pmm2/Fe4GaGd2Zn_sub,Fe4GaTb2Zn,Ho Tb Tm,3,Fe4GaTb2Zn Fe4GaHo2Zn Fe4GaTm2Zn,GNoME,-0.0221,structures/Gd_substituted/Fe4GaGd2Zn_from_Fe4GaTb2Zn.CIF
Fe10GdY_sub,Gd_surrogate,Tb,ternary,new-Pmmm,Pmmm,runs/ternary/Tb/new-Pmmm/Fe10GdY_sub,Fe10TbY,Tb,1,Fe10TbY,Alexandria;GNoME,-0.0006,structures/Gd_substituted/Fe10GdY_from_Fe10TbY.CIF
Al3C3Fe14Gd2_sub,Gd_surrogate,Tb,quaternary,new-R-3m,R-3m,runs/quaternary/Tb/new-R-3m/Al3C3Fe14Gd2_sub,Al3C3Fe14Tb2,Dy Er Ho Tb Tm,6,Al3C3Fe14Tb2 Al3C3Dy2Fe14 Al3C3Fe14Tm2 Al3C3Fe14Ho2 Al3C3DyFe14Ho Al3C3Er2Fe14,GNoME,-0.0204,structures/Gd_substituted/Al3C3Fe14Gd2_from_Al3C3Fe14Tb2.CIF
Be3Fe6GdNb2_sub,Gd_surrogate,Tb,quaternary,new-R-3m,R-3m,runs/quaternary/Tb/new-R-3m/Be3Fe6GdNb2_sub,Be3Fe6Nb2Tb,Tb,1,Be3Fe6Nb2Tb,GNoME,-0.0133,structures/Gd_substituted/Be3Fe6GdNb2_from_Be3Fe6Nb2Tb.CIF
Co13Fe6Gd5_sub,Gd_surrogate,Tb,ternary,new-R-3m,R-3m,runs/ternary/Tb/new-R-3m/Co13Fe6Gd5_sub,Co13Fe6Tb5,Tb,1,Co13Fe6Tb5,GNoME,-0.02,structures/Gd_substituted/Co13Fe6Gd5_from_Co13Fe6Tb5.CIF
Co5Fe2Gd2_sub,Gd_surrogate,Tb,ternary,new-R-3m,R-3m,runs/ternary/Tb/new-R-3m/Co5Fe2Gd2_sub,Co5Fe2Tb2,Tb,1,Co5Fe2Tb2,GNoME,-0.0196,structures/Gd_substituted/Co5Fe2Gd2_from_Co5Fe2Tb2.CIF
CoFe13Gd4_sub,Gd_surrogate,Tb,ternary,new-R-3m,R-3m,runs/ternary/Tb/new-R-3m/CoFe13Gd4_sub,CoFe13Tb2Tm2,Dy Er Ho Tb Tm,8,CoFe13Tb2Tm2 CoEr4Fe13 CoEr3Fe13Ho CoEr3Fe13Tm CoFe13Tb4 CoDy4Fe13 CoFe13Ho2Tm2 CoFe13Ho4,GNoME,-0.0133,structures/Gd_substituted/CoFe13Gd4_from_CoFe13Tb2Tm2.CIF
CoFe8GdLu2_sub,Gd_surrogate,Tb,quaternary,new-R-3m,R-3m,runs/quaternary/Tb/new-R-3m/CoFe8GdLu2_sub,CoFe8Lu2Tb,Tb,1,CoFe8Lu2Tb,GNoME,-0.0218,structures/Gd_substituted/CoFe8GdLu2_from_CoFe8Lu2Tb.CIF
CoFe8GdSc2_sub,Gd_surrogate,Tb,quaternary,new-R-3m,R-3m,runs/quaternary/Tb/new-R-3m/CoFe8GdSc2_sub,CoFe8Sc2Tb,Ho Tb,2,CoFe8Sc2Tb CoFe8HoSc2,GNoME,-0.0085,structures/Gd_substituted/CoFe8GdSc2_from_CoFe8Sc2Tb.CIF
Fe8Gd3Os_sub,Gd_surrogate,Tb,ternary,new-R-3m,R-3m,runs/ternary/Tb/new-R-3m/Fe8Gd3Os_sub,Fe8OsTbTm2,Dy Er Ho Tb Tm,17,Fe8OsTbTm2 Er2Fe8OsTb DyFe8OsTm2 DyEr2Fe8Os Fe8HoOsTm2 Dy2Fe8OsTm DyFe8Ho2Os ErFe8Ho2Os Dy2ErFe8Os DyFe8OsTb2 ErFe8OsTm2 Dy2Fe8HoOs Fe8OsTb3 Er3Fe8Os Er2Fe8OsTm Dy3Fe8Os Fe8OsTm3,GNoME,-0.0209,structures/Gd_substituted/Fe8Gd3Os_from_Fe8OsTbTm2.CIF
Fe8GdOsSc2_sub,Gd_surrogate,Tb,quaternary,new-R-3m,R-3m,runs/quaternary/Tb/new-R-3m/Fe8GdOsSc2_sub,Fe8OsSc2Tb,Dy Ho Tb,3,Fe8OsSc2Tb DyFe8OsSc2 Fe8HoOsSc2,GNoME,-0.0102,structures/Gd_substituted/Fe8GdOsSc2_from_Fe8OsSc2Tb.CIF
Fe8GdOsZr2_sub,Gd_surrogate,Tb,quaternary,new-R-3m,R-3m,runs/quaternary/Tb/new-R-3m/Fe8GdOsZr2_sub,Fe8OsTbZr2,Dy Er Ho Tb Tm,5,Fe8OsTbZr2 Fe8HoOsZr2 DyFe8OsZr2 ErFe8OsZr2 Fe8OsTmZr2,GNoME,-0.0176,structures/Gd_substituted/Fe8GdOsZr2_from_Fe8OsTbZr2.CIF
Fe9GdHf2_sub,Gd_surrogate,Tb,ternary,new-R-3m,R-3m,runs/ternary/Tb/new-R-3m/Fe9GdHf2_sub,Fe9Hf2Tb,Dy Er Ho Tb,4,Fe9Hf2Tb Fe9Hf2Ho ErFe9Hf2 DyFe9Hf2,Alexandria;GNoME,-0.0205,structures/Gd_substituted/Fe9GdHf2_from_Fe9Hf2Tb.CIF
Fe9GdLu2_sub,Gd_surrogate,Tb,ternary,new-R-3m,R-3m,runs/ternary/Tb/new-R-3m/Fe9GdLu2_sub,Fe9Lu2Tb,Tb,1,Fe9Lu2Tb,GNoME,-0.0115,structures/Gd_substituted/Fe9GdLu2_from_Fe9Lu2Tb.CIF
Fe9GdSc2_sub,Gd_surrogate,Tb,ternary,new-R-3m,R-3m,runs/ternary/Tb/new-R-3m/Fe9GdSc2_sub,Fe9Sc2Tb,Er Ho Tb Tm,4,Fe9Sc2Tb Fe9HoSc2 ErFe9Sc2 Fe9Sc2Tm,Alexandria;GNoME,-0.0049,structures/Gd_substituted/Fe9GdSc2_from_Fe9Sc2Tb.CIF
Co16Gd2Mn_sub,Gd_surrogate,Tb,ternary,new-R3m,R3m,runs/ternary/Tb/new-R3m/Co16Gd2Mn_sub,Co16MnTb2,Dy Er Ho Tb Tm,5,Co16MnTb2 Co16Dy2Mn Co16Ho2Mn Co16MnTm2 Co16Er2Mn,GNoME,-0.0079,structures/Gd_substituted/Co16Gd2Mn_from_Co16MnTb2.CIF
Co16Gd2Ti_sub,Gd_surrogate,Tb,ternary,new-R3m,R3m,runs/ternary/Tb/new-R3m/Co16Gd2Ti_sub,Co16Tb2Ti,Dy Er Ho Tb Tm,5,Co16Tb2Ti Co16Dy2Ti Co16Ho2Ti Co16TiTm2 Co16Er2Ti,GNoME,-0.0076,structures/Gd_substituted/Co16Gd2Ti_from_Co16Tb2Ti.CIF
Co17GdY_sub,Gd_surrogate,Tb,ternary,new-R3m,R3m,runs/ternary/Tb/new-R3m/Co17GdY_sub,Co17TbY,Dy Er Ho Tb,4,Co17TbY Co17DyY Co17HoY Co17ErY,GNoME,-0.0003,structures/Gd_substituted/Co17GdY_from_Co17TbY.CIF
Co2Fe7GdLu2_sub,Gd_surrogate,Tb,quaternary,new-R3m,R3m,runs/quaternary/Tb/new-R3m/Co2Fe7GdLu2_sub,Co2Fe7Lu2Tb,Tb,1,Co2Fe7Lu2Tb,GNoME,-0.0228,structures/Gd_substituted/Co2Fe7GdLu2_from_Co2Fe7Lu2Tb.CIF
Co2Fe7GdSc2_sub,Gd_surrogate,Tb,quaternary,new-R3m,R3m,runs/quaternary/Tb/new-R3m/Co2Fe7GdSc2_sub,Co2Fe7Sc2Tb,Tb,1,Co2Fe7Sc2Tb,GNoME,-0.0083,structures/Gd_substituted/Co2Fe7GdSc2_from_Co2Fe7Sc2Tb.CIF
CoFe8GdZr2_sub,Gd_surrogate,Tb,quaternary,new-R3m,R3m,runs/quaternary/Tb/new-R3m/CoFe8GdZr2_sub,CoFe8TbZr2,Ho Tb,2,CoFe8TbZr2 CoFe8HoZr2,GNoME,-0.0223,structures/Gd_substituted/CoFe8GdZr2_from_CoFe8TbZr2.CIF
Fe8Gd3Os_sub,Gd_surrogate,Tb,ternary,new-R3m,R3m,runs/ternary/Tb/new-R3m/Fe8Gd3Os_sub,Fe8OsTb2Tm,Er Ho Tb Tm,4,Fe8OsTb2Tm ErFe8OsTb2 Fe8Ho2OsTm Fe8HoOsTb2,GNoME,-0.017,structures/Gd_substituted/Fe8Gd3Os_from_Fe8OsTb2Tm.CIF
Fe9Gd2Lu_sub,Gd_surrogate,Tb,ternary,new-R3m,R3m,runs/ternary/Tb/new-R3m/Fe9Gd2Lu_sub,Fe9LuTbTm,Dy Ho Tb Tm,3,Fe9LuTbTm DyFe9LuTm Fe9HoLuTm,GNoME,-0.0084,structures/Gd_substituted/Fe9Gd2Lu_from_Fe9LuTbTm.CIF
Fe9Gd2Zr_sub,Gd_surrogate,Tb,ternary,new-R3m,R3m,runs/ternary/Tb/new-R3m/Fe9Gd2Zr_sub,Fe9TbTmZr,Dy Tb Tm,3,Fe9TbTmZr Fe9Tm2Zr Dy2Fe9Zr,GNoME,-0.0132,structures/Gd_substituted/Fe9Gd2Zr_from_Fe9TbTmZr.CIF
Fe9GdHfSc_sub,Gd_surrogate,Tb,quaternary,new-R3m,R3m,runs/quaternary/Tb/new-R3m/Fe9GdHfSc_sub,Fe9HfScTb,Dy Ho Tb,3,Fe9HfScTb Fe9HfHoSc DyFe9HfSc,GNoME,-0.0144,structures/Gd_substituted/Fe9GdHfSc_from_Fe9HfScTb.CIF
Fe9GdHfTa_sub,Gd_surrogate,Tb,quaternary,new-R3m,R3m,runs/quaternary/Tb/new-R3m/Fe9GdHfTa_sub,Fe9HfTaTb,Tb Tm,2,Fe9HfTaTb Fe9HfTaTm,GNoME,-0.0159,structures/Gd_substituted/Fe9GdHfTa_from_Fe9HfTaTb.CIF
Fe9GdScTi_sub,Gd_surrogate,Tb,quaternary,new-R3m,R3m,runs/quaternary/Tb/new-R3m/Fe9GdScTi_sub,Fe9ScTbTi,Dy Er Ho Tb Tm,5,Fe9ScTbTi Fe9HoScTi DyFe9ScTi ErFe9ScTi Fe9ScTiTm,GNoME,-0.0081,structures/Gd_substituted/Fe9GdScTi_from_Fe9ScTbTi.CIF
Fe9GdScZr_sub,Gd_surrogate,Tb,quaternary,new-R3m,R3m,runs/quaternary/Tb/new-R3m/Fe9GdScZr_sub,Fe9ScTbZr,Er Tb Tm,3,Fe9ScTbZr ErFe9ScZr Fe9ScTmZr,GNoME,-0.0115,structures/Gd_substituted/Fe9GdScZr_from_Fe9ScTbZr.CIF
Fe9GdY2_sub,Gd_surrogate,Tb,ternary,new-R3m,R3m,runs/ternary/Tb/new-R3m/Fe9GdY2_sub,Fe9TbY2,Tb,1,Fe9TbY2,Alexandria;GNoME,-0.0001,structures/Gd_substituted/Fe9GdY2_from_Fe9TbY2.CIF
CoFe3GdLu_sub,Gd_surrogate,Tm,quaternary,CaCu5-RT4X,R3m,runs/quaternary/Tm/CaCu5-RT4X/CoFe3GdLu_sub,CoFe3LuTm,Er Ho Tm,3,CoFe3LuTm CoErFe3Lu CoFe3HoLu,GNoME,-0.0187,structures/Gd_substituted/CoFe3GdLu_from_CoFe3LuTm.CIF
Fe4GdLu_sub,Gd_surrogate,Tm,ternary,CaCu5-RT4X,F-43m,runs/ternary/Tm/CaCu5-RT4X/Fe4GdLu_sub,Fe4LuTm,Er Tm,2,Fe4LuTm ErFe4Lu,Alexandria;GNoME,0.0,structures/Gd_substituted/Fe4GdLu_from_Fe4LuTm.CIF
Fe4GdSi_sub,Gd_surrogate,Tm,ternary,CaCu5-RT4X,Cmmm,runs/ternary/Tm/CaCu5-RT4X/Fe4GdSi_sub,Fe4SiTm,Dy Ho Tb Tm,4,Fe4SiTm Fe4HoSi DyFe4Si Fe4SiTb,Alexandria;GNoME,-0.0341,structures/Gd_substituted/Fe4GdSi_from_Fe4SiTm.CIF
Fe8Gd2OsY_sub,Gd_surrogate,Tm,quaternary,CaCu5-RT4X,R-3m,runs/quaternary/Tm/CaCu5-RT4X/Fe8Gd2OsY_sub,Fe8OsTm2Y,Dy Ho Tb Tm,4,Fe8OsTm2Y Fe8Ho2OsY Dy2Fe8OsY Fe8OsTb2Y,GNoME,-0.0206,structures/Gd_substituted/Fe8Gd2OsY_from_Fe8OsTm2Y.CIF
Fe8Gd2RuY_sub,Gd_surrogate,Tm,quaternary,CaCu5-RT4X,R-3m,runs/quaternary/Tm/CaCu5-RT4X/Fe8Gd2RuY_sub,Fe8RuTm2Y,Er Tm,2,Fe8RuTm2Y Er2Fe8RuY,GNoME,-0.0094,structures/Gd_substituted/Fe8Gd2RuY_from_Fe8RuTm2Y.CIF
Co5Fe4Gd3_sub,Gd_surrogate,Tm,ternary,RT3-PuNi3,Cm,runs/ternary/Tm/RT3-PuNi3/Co5Fe4Gd3_sub,Co5Fe4Tm3,Tm,1,Co5Fe4Tm3,GNoME,-0.0213,structures/Gd_substituted/Co5Fe4Gd3_from_Co5Fe4Tm3.CIF
Fe12GdMoP7_sub,Gd_surrogate,Tm,quaternary,ThMn12-stabilized,P-6,runs/quaternary/Tm/ThMn12-stabilized/Fe12GdMoP7_sub,Fe12MoP7Tm,Tm,1,Fe12MoP7Tm,GNoME,-0.0036,structures/Gd_substituted/Fe12GdMoP7_from_Fe12MoP7Tm.CIF
Fe12GdNbP7_sub,Gd_surrogate,Tm,quaternary,ThMn12-stabilized,P-6,runs/quaternary/Tm/ThMn12-stabilized/Fe12GdNbP7_sub,Fe12NbP7Tm,Tm,1,Fe12NbP7Tm,GNoME,-0.0244,structures/Gd_substituted/Fe12GdNbP7_from_Fe12NbP7Tm.CIF
Fe12GdP7Ta_sub,Gd_surrogate,Tm,quaternary,ThMn12-stabilized,P-6,runs/quaternary/Tm/ThMn12-stabilized/Fe12GdP7Ta_sub,Fe12P7TaTm,Tm,1,Fe12P7TaTm,GNoME,-0.023,structures/Gd_substituted/Fe12GdP7Ta_from_Fe12P7TaTm.CIF
CoFe18Gd4P12Y_sub,Gd_surrogate,Tm,quinary,new-Amm2,Amm2,runs/quinary/Tm/new-Amm2/CoFe18Gd4P12Y_sub,CoFe18P12Tm4Y,Tm,1,CoFe18P12Tm4Y,GNoME,-0.0129,structures/Gd_substituted/CoFe18Gd4P12Y_from_CoFe18P12Tm4Y.CIF
CoFe18GdP12Sc4_sub,Gd_surrogate,Tm,quinary,new-Amm2,Amm2,runs/quinary/Tm/new-Amm2/CoFe18GdP12Sc4_sub,CoFe18P12Sc4Tm,Tm,1,CoFe18P12Sc4Tm,GNoME,-0.058,structures/Gd_substituted/CoFe18GdP12Sc4_from_CoFe18P12Sc4Tm.CIF
Be3C3Fe13Gd2Mn_sub,Gd_surrogate,Tm,quinary,new-C2,C2,runs/quinary/Tm/new-C2/Be3C3Fe13Gd2Mn_sub,Be3C3Fe13MnTm2,Ho Tm,2,Be3C3Fe13MnTm2 Be3C3Fe13Ho2Mn,GNoME,-0.0148,structures/Gd_substituted/Be3C3Fe13Gd2Mn_from_Be3C3Fe13MnTm2.CIF
Al4CFe13Gd2_sub,Gd_surrogate,Tm,quaternary,new-C2_m,C2/m,runs/quaternary/Tm/new-C2_m/Al4CFe13Gd2_sub,Al4CFe13Tm2,Tm,1,Al4CFe13Tm2,GNoME,-0.0117,structures/Gd_substituted/Al4CFe13Gd2_from_Al4CFe13Tm2.CIF
BeCo16Gd2_sub,Gd_surrogate,Tm,ternary,new-C2_m,C2/m,runs/ternary/Tm/new-C2_m/BeCo16Gd2_sub,BeCo16Tm2,Dy Tb Tm,3,BeCo16Tm2 BeCo16Dy2 BeCo16Tb2,GNoME,-0.0033,structures/Gd_substituted/BeCo16Gd2_from_BeCo16Tm2.CIF
Co18Fe5Gd6_sub,Gd_surrogate,Tm,ternary,new-C2_m,C2/m,runs/ternary/Tm/new-C2_m/Co18Fe5Gd6_sub,Co18Fe5Tm6,Dy Er Ho Tb Tm,5,Co18Fe5Tm6 Co18Er6Fe5 Co18Fe5Ho6 Co18Dy6Fe5 Co18Fe5Tb6,GNoME,-0.0218,structures/Gd_substituted/Co18Fe5Gd6_from_Co18Fe5Tm6.CIF
Co2Fe12Gd3Lu_sub,Gd_surrogate,Tm,quaternary,new-Cm,Cm,runs/quaternary/Tm/new-Cm/Co2Fe12Gd3Lu_sub,Co2Fe12LuTm3,Tm,1,Co2Fe12LuTm3,GNoME,-0.0134,structures/Gd_substituted/Co2Fe12Gd3Lu_from_Co2Fe12LuTm3.CIF
Co2Fe7GdZr2_sub,Gd_surrogate,Tm,quaternary,new-Cm,Cm,runs/quaternary/Tm/new-Cm/Co2Fe7GdZr2_sub,Co2Fe7TmZr2,Tm,1,Co2Fe7TmZr2,GNoME,-0.0125,structures/Gd_substituted/Co2Fe7GdZr2_from_Co2Fe7TmZr2.CIF
Co22FeGd6_sub,Gd_surrogate,Tm,ternary,new-Fm-3m,Fm-3m,runs/ternary/Tm/new-Fm-3m/Co22FeGd6_sub,Co22FeTm6,Dy Er Tb Tm,4,Co22FeTm6 Co22Er6Fe Co22Dy6Fe Co22FeTb6,GNoME,-0.0197,structures/Gd_substituted/Co22FeGd6_from_Co22FeTm6.CIF
Co7Fe16Gd6_sub,Gd_surrogate,Tm,ternary,new-Fm-3m,Fm-3m,runs/ternary/Tm/new-Fm-3m/Co7Fe16Gd6_sub,Co7Fe16Tm6,Tm,1,Co7Fe16Tm6,GNoME,-0.0166,structures/Gd_substituted/Co7Fe16Gd6_from_Co7Fe16Tm6.CIF
Co23GdY5_sub,Gd_surrogate,Tm,ternary,new-I4mm,I4mm,runs/ternary/Tm/new-I4mm/Co23GdY5_sub,Co23TmY5,Tm,1,Co23TmY5,GNoME,-0.0127,structures/Gd_substituted/Co23GdY5_from_Co23TmY5.CIF
Al6Fe17Gd6_sub,Gd_surrogate,Tm,ternary,new-Imm2,Imm2,runs/ternary/Tm/new-Imm2/Al6Fe17Gd6_sub,Al6Fe17Tm6,Tm,1,Al6Fe17Tm6,GNoME,-0.0129,structures/Gd_substituted/Al6Fe17Gd6_from_Al6Fe17Tm6.CIF
Al2Fe8GdMo2_sub,Gd_surrogate,Tm,quaternary,new-Immm,Immm,runs/quaternary/Tm/new-Immm/Al2Fe8GdMo2_sub,Al2Fe8Mo2Tm,Tm,1,Al2Fe8Mo2Tm,GNoME,-0.0077,structures/Gd_substituted/Al2Fe8GdMo2_from_Al2Fe8Mo2Tm.CIF
Co17Fe6Gd6_sub,Gd_surrogate,Tm,ternary,new-Immm,Immm,runs/ternary/Tm/new-Immm/Co17Fe6Gd6_sub,Co17Fe6Tm6,Dy Tb Tm,3,Co17Fe6Tm6 Co17Dy6Fe6 Co17Fe6Tb6,GNoME,-0.0216,structures/Gd_substituted/Co17Fe6Gd6_from_Co17Fe6Tm6.CIF
Fe8Ga2GdRe2_sub,Gd_surrogate,Tm,quaternary,new-Immm,Immm,runs/quaternary/Tm/new-Immm/Fe8Ga2GdRe2_sub,Fe8Ga2Re2Tm,Dy Tm,2,Fe8Ga2Re2Tm DyFe8Ga2Re2,GNoME,-0.0109,structures/Gd_substituted/Fe8Ga2GdRe2_from_Fe8Ga2Re2Tm.CIF
Co16Gd2Hf_sub,Gd_surrogate,Tm,ternary,new-P-3m1,P-3m1,runs/ternary/Tm/new-P-3m1/Co16Gd2Hf_sub,Co16HfTm2,Tm,1,Co16HfTm2,GNoME,-0.0211,structures/Gd_substituted/Co16Gd2Hf_from_Co16HfTm2.CIF
Fe9GdLuY_sub,Gd_surrogate,Tm,quaternary,new-P-3m1,P-3m1,runs/quaternary/Tm/new-P-3m1/Fe9GdLuY_sub,Fe9LuTmY,Dy Er Tm,3,Fe9LuTmY ErFe9LuY DyFe9LuY,GNoME,-0.0077,structures/Gd_substituted/Fe9GdLuY_from_Fe9LuTmY.CIF
Ce4CoFe18GdP12_sub,Gd_surrogate,Tm,quinary,new-P-6,P-6,runs/quinary/Tm/new-P-6/Ce4CoFe18GdP12_sub,Ce4CoFe18P12Tm,Tm,1,Ce4CoFe18P12Tm,GNoME,-0.0145,structures/Gd_substituted/Ce4CoFe18GdP12_from_Ce4CoFe18P12Tm.CIF
CoFe18GdLu4P12_sub,Gd_surrogate,Tm,quinary,new-P-6,P-6,runs/quinary/Tm/new-P-6/CoFe18GdLu4P12_sub,CoFe18Lu4P12Tm,Tm,1,CoFe18Lu4P12Tm,GNoME,-0.0185,structures/Gd_substituted/CoFe18GdLu4P12_from_CoFe18Lu4P12Tm.CIF
CoFe18Gd3P12Sc2_sub,Gd_surrogate,Tm,quinary,new-P-62m,P-62m,runs/quinary/Tm/new-P-62m/CoFe18Gd3P12Sc2_sub,CoFe18P12Sc2Tm3,Tm,1,CoFe18P12Sc2Tm3,GNoME,-0.0257,structures/Gd_substituted/CoFe18Gd3P12Sc2_from_CoFe18P12Sc2Tm3.CIF
CoFe18Gd5P12_sub,Gd_surrogate,Tm,quaternary,new-P-62m,P-62m,runs/quaternary/Tm/new-P-62m/CoFe18Gd5P12_sub,CoFe18P12Tm5,Er Ho Tm,7,CoFe18P12Tm5 CoEr2Fe18P12Tm3 CoEr4Fe18P12Tm CoEr5Fe18P12 CoFe18HoP12Tm4 CoFe18Ho2P12Tm3 CoFe18Ho5P12,GNoME,-0.0185,structures/Gd_substituted/CoFe18Gd5P12_from_CoFe18P12Tm5.CIF
Fe18Gd5P12Pt_sub,Gd_surrogate,Tm,quaternary,new-P-62m,P-62m,runs/quaternary/Tm/new-P-62m/Fe18Gd5P12Pt_sub,Fe18P12PtTm5,Ho Tm,2,Fe18P12PtTm5 Fe18Ho5P12Pt,GNoME,-0.0156,structures/Gd_substituted/Fe18Gd5P12Pt_from_Fe18P12PtTm5.CIF
Fe19Gd2P12Zr3_sub,Gd_surrogate,Tm,quaternary,new-P-62m,P-62m,runs/quaternary/Tm/new-P-62m/Fe19Gd2P12Zr3_sub,Fe19P12Tm2Zr3,Tm,1,Fe19P12Tm2Zr3,GNoME,-0.0085,structures/Gd_substituted/Fe19Gd2P12Zr3_from_Fe19P12Tm2Zr3.CIF
Fe18Gd5Y_sub,Gd_surrogate,Tm,ternary,new-P-6m2,P-6m2,runs/ternary/Tm/new-P-6m2/Fe18Gd5Y_sub,Fe18Tm5Y,Dy Er Tb Tm,4,Fe18Tm5Y Er5Fe18Y Dy3Fe18Tb2Y Dy5Fe18Y,GNoME,-0.0021,structures/Gd_substituted/Fe18Gd5Y_from_Fe18Tm5Y.CIF
Fe18GdHf4Lu_sub,Gd_surrogate,Tm,quaternary,new-P-6m2,P-6m2,runs/quaternary/Tm/new-P-6m2/Fe18GdHf4Lu_sub,Fe18Hf4LuTm,Tm,1,Fe18Hf4LuTm,GNoME,-0.0166,structures/Gd_substituted/Fe18GdHf4Lu_from_Fe18Hf4LuTm.CIF
Fe20Gd9Y_sub,Gd_surrogate,Tm,ternary,new-P1,P1,runs/ternary/Tm/new-P1/Fe20Gd9Y_sub,Fe20Tm9Y,Tm,1,Fe20Tm9Y,GNoME,0.0009,structures/Gd_substituted/Fe20Gd9Y_from_Fe20Tm9Y.CIF
B4Fe14Gd5Lu_sub,Gd_surrogate,Tm,quaternary,new-P3m1,P3m1,runs/quaternary/Tm/new-P3m1/B4Fe14Gd5Lu_sub,B4Fe14LuTm5,Tb Tm,2,B4Fe14LuTm5 B4Fe14LuTb5,GNoME,-0.0138,structures/Gd_substituted/B4Fe14Gd5Lu_from_B4Fe14LuTm5.CIF
Co8GdLu3_sub,Gd_surrogate,Tm,ternary,new-P3m1,P3m1,runs/ternary/Tm/new-P3m1/Co8GdLu3_sub,Co8Lu3Tm,Tm,1,Co8Lu3Tm,GNoME,-0.0076,structures/Gd_substituted/Co8GdLu3_from_Co8Lu3Tm.CIF
Fe18Gd2LuY3_sub,Gd_surrogate,Tm,quaternary,new-P3m1,P3m1,runs/quaternary/Tm/new-P3m1/Fe18Gd2LuY3_sub,Fe18LuTm2Y3,Tm,1,Fe18LuTm2Y3,GNoME,-0.0042,structures/Gd_substituted/Fe18Gd2LuY3_from_Fe18LuTm2Y3.CIF
Fe18Gd3LuY2_sub,Gd_surrogate,Tm,quaternary,new-P3m1,P3m1,runs/quaternary/Tm/new-P3m1/Fe18Gd3LuY2_sub,Fe18LuTm3Y2,Dy Er Tm,3,Fe18LuTm3Y2 Er3Fe18LuY2 Dy3Fe18LuY2,GNoME,-0.0064,structures/Gd_substituted/Fe18Gd3LuY2_from_Fe18LuTm3Y2.CIF
Fe6GdY_sub,Gd_surrogate,Tm,ternary,new-P3m1,P3m1,runs/ternary/Tm/new-P3m1/Fe6GdY_sub,Fe6TmY,Dy Er Ho Tm,6,Fe6TmY ErFe18Tm2Y3 Fe18Ho2TmY3 DyFe18Tm2Y3 Dy2Fe18HoY3 DyFe6Y,GNoME,-0.0033,structures/Gd_substituted/Fe6GdY_from_Fe6TmY.CIF
AlFe3Gd2_sub,Gd_surrogate,Tm,ternary,new-P6_3_mmc,P6_3/mmc,runs/ternary/Tm/new-P6_3_mmc/AlFe3Gd2_sub,AlFe3Tm2,Tm,1,AlFe3Tm2,Alexandria;GNoME,-0.0068,structures/Gd_substituted/AlFe3Gd2_from_AlFe3Tm2.CIF
B2Fe7Gd3_sub,Gd_surrogate,Tm,ternary,new-P6_3_mmc,P6_3/mmc,runs/ternary/Tm/new-P6_3_mmc/B2Fe7Gd3_sub,B2Fe7Tm3,Dy Er Tb Tm,8,B2Fe7Tm3 B2Er3Fe7 B2Dy3Fe7 B4Dy5Fe14Tb B2Dy2Fe7Tb B2DyEr2Fe7 B2Fe7TbTm2 B2Fe7Tb3,Alexandria;GNoME,-0.0149,structures/Gd_substituted/B2Fe7Gd3_from_B2Fe7Tm3.CIF
Al2B2Fe6GdSm_sub,Gd_surrogate,Tm,quinary,new-P6_mmm,P6/mmm,runs/quinary/Tm/new-P6_mmm/Al2B2Fe6GdSm_sub,Al2B2Fe6SmTm,Tm,1,Al2B2Fe6SmTm,GNoME,-0.0205,structures/Gd_substituted/Al2B2Fe6GdSm_from_Al2B2Fe6SmTm.CIF
B2Fe6GdLuSi2_sub,Gd_surrogate,Tm,quinary,new-P6_mmm,P6/mmm,runs/quinary/Tm/new-P6_mmm/B2Fe6GdLuSi2_sub,B2Fe6LuSi2Tm,Tm,1,B2Fe6LuSi2Tm,GNoME,-0.0292,structures/Gd_substituted/B2Fe6GdLuSi2_from_B2Fe6LuSi2Tm.CIF
B2Fe6GdScSi2_sub,Gd_surrogate,Tm,quinary,new-P6_mmm,P6/mmm,runs/quinary/Tm/new-P6_mmm/B2Fe6GdScSi2_sub,B2Fe6ScSi2Tm,Er Tm,2,B2Fe6ScSi2Tm B2ErFe6ScSi2,GNoME,-0.0157,structures/Gd_substituted/B2Fe6GdScSi2_from_B2Fe6ScSi2Tm.CIF
B2Fe6GdSi2Y_sub,Gd_surrogate,Tm,quinary,new-P6_mmm,P6/mmm,runs/quinary/Tm/new-P6_mmm/B2Fe6GdSi2Y_sub,B2Fe6Si2TmY,Er Tm,2,B2Fe6Si2TmY B2ErFe6Si2Y,GNoME,-0.022,structures/Gd_substituted/B2Fe6GdSi2Y_from_B2Fe6Si2TmY.CIF
BFe3GdSi_sub,Gd_surrogate,Tm,quaternary,new-P6_mmm,P6/mmm,runs/quaternary/Tm/new-P6_mmm/BFe3GdSi_sub,BFe3SiTm,Dy Er Ho Tb Tm,9,BFe3SiTm BErFe3Si B2ErFe6Si2Tm B2Fe6HoSi2Tm B2DyFe6Si2Tm BFe3HoSi B2Fe6Si2TbTm B2ErFe6Si2Tb BDyFe3Si,GNoME,-0.0318,structures/Gd_substituted/BFe3GdSi_from_BFe3SiTm.CIF
CrFe19Gd3P12Sc_sub,Gd_surrogate,Tm,quinary,new-Pm,Pm,runs/quinary/Tm/new-Pm/CrFe19Gd3P12Sc_sub,CrFe19P12ScTm3,Tm,1,CrFe19P12ScTm3,GNoME,-0.0159,structures/Gd_substituted/CrFe19Gd3P12Sc_from_CrFe19P12ScTm3.CIF
CrFe19Gd3P12Y_sub,Gd_surrogate,Tm,quinary,new-Pm,Pm,runs/quinary/Tm/new-Pm/CrFe19Gd3P12Y_sub,CrFe19P12Tm3Y,Tm,1,CrFe19P12Tm3Y,GNoME,-0.0098,structures/Gd_substituted/CrFe19Gd3P12Y_from_CrFe19P12Tm3Y.CIF
CrFe19Gd4P12_sub,Gd_surrogate,Tm,quaternary,new-Pm,Pm,runs/quaternary/Tm/new-Pm/CrFe19Gd4P12_sub,CrFe19P12Tm4,Dy Tb Tm,3,CrFe19P12Tm4 CrDy4Fe19P12 CrDy3Fe19P12Tb,GNoME,-0.0079,structures/Gd_substituted/CrFe19Gd4P12_from_CrFe19P12Tm4.CIF
CrFe19GdP12Sc3_sub,Gd_surrogate,Tm,quinary,new-Pm,Pm,runs/quinary/Tm/new-Pm/CrFe19GdP12Sc3_sub,CrFe19P12Sc3Tm,Tm,1,CrFe19P12Sc3Tm,GNoME,-0.0519,structures/Gd_substituted/CrFe19GdP12Sc3_from_CrFe19P12Sc3Tm.CIF
Fe11Gd2MnP7_sub,Gd_surrogate,Tm,quaternary,new-Pm,Pm,runs/quaternary/Tm/new-Pm/Fe11Gd2MnP7_sub,Fe11MnP7Tm2,Er Tm,2,Fe11MnP7Tm2 Er2Fe11MnP7,GNoME,-0.0104,structures/Gd_substituted/Fe11Gd2MnP7_from_Fe11MnP7Tm2.CIF
Fe11Gd2P7Re_sub,Gd_surrogate,Tm,quaternary,new-Pm,Pm,runs/quaternary/Tm/new-Pm/Fe11Gd2P7Re_sub,Fe11P7ReTm2,Tm,1,Fe11P7ReTm2,GNoME,-0.0116,structures/Gd_substituted/Fe11Gd2P7Re_from_Fe11P7ReTm2.CIF
Fe11GdMnNbP7_sub,Gd_surrogate,Tm,quinary,new-Pm,Pm,runs/quinary/Tm/new-Pm/Fe11GdMnNbP7_sub,Fe11MnNbP7Tm,Tm,1,Fe11MnNbP7Tm,GNoME,-0.0243,structures/Gd_substituted/Fe11GdMnNbP7_from_Fe11MnNbP7Tm.CIF
Fe11GdMnP7Zr_sub,Gd_surrogate,Tm,quinary,new-Pm,Pm,runs/quinary/Tm/new-Pm/Fe11GdMnP7Zr_sub,Fe11MnP7TmZr,Tm,1,Fe11MnP7TmZr,GNoME,-0.011,structures/Gd_substituted/Fe11GdMnP7Zr_from_Fe11MnP7TmZr.CIF
Fe7Gd2NiSi4_sub,Gd_surrogate,Tm,quaternary,new-Pm,Pm,runs/quaternary/Tm/new-Pm/Fe7Gd2NiSi4_sub,Fe7NiSi4Tm2,Tm,1,Fe7NiSi4Tm2,GNoME,0.0015,structures/Gd_substituted/Fe7Gd2NiSi4_from_Fe7NiSi4Tm2.CIF
Fe7Gd2OsSi4_sub,Gd_surrogate,Tm,quaternary,new-Pm,Pm,runs/quaternary/Tm/new-Pm/Fe7Gd2OsSi4_sub,Fe7OsSi4Tm2,Tm,1,Fe7OsSi4Tm2,GNoME,-0.0063,structures/Gd_substituted/Fe7Gd2OsSi4_from_Fe7OsSi4Tm2.CIF
Fe10GdP6Y_sub,Gd_surrogate,Tm,quaternary,new-Pmc2_1,Pmc2_1,runs/quaternary/Tm/new-Pmc2_1/Fe10GdP6Y_sub,Fe10P6TmY,Tm,1,Fe10P6TmY,GNoME,-0.0268,structures/Gd_substituted/Fe10GdP6Y_from_Fe10P6TmY.CIF
Fe9Gd2MnP6_sub,Gd_surrogate,Tm,quaternary,new-Pmc2_1,Pmc2_1,runs/quaternary/Tm/new-Pmc2_1/Fe9Gd2MnP6_sub,Fe9MnP6Tm2,Dy Er Tm,4,Fe9MnP6Tm2 Er2Fe9MnP6 ErFe18Mn2P12Tm3 Dy2Fe9MnP6,GNoME,-0.0131,structures/Gd_substituted/Fe9Gd2MnP6_from_Fe9MnP6Tm2.CIF
Fe18GdLu5P12_sub,Gd_surrogate,Tm,quaternary,new-Pmm2,Pmm2,runs/quaternary/Tm/new-Pmm2/Fe18GdLu5P12_sub,Fe18Lu5P12Tm,Tm,1,Fe18Lu5P12Tm,GNoME,-0.0085,structures/Gd_substituted/Fe18GdLu5P12_from_Fe18Lu5P12Tm.CIF
Fe9Gd2LuP6_sub,Gd_surrogate,Tm,quaternary,new-Pmm2,Pmm2,runs/quaternary/Tm/new-Pmm2/Fe9Gd2LuP6_sub,Fe9LuP6Tm2,Tm,1,Fe9LuP6Tm2,GNoME,-0.0064,structures/Gd_substituted/Fe9Gd2LuP6_from_Fe9LuP6Tm2.CIF
Fe9GdLu2P6_sub,Gd_surrogate,Tm,quaternary,new-Pmmn,Pmmn,runs/quaternary/Tm/new-Pmmn/Fe9GdLu2P6_sub,Fe9Lu2P6Tm,Tm,1,Fe9Lu2P6Tm,GNoME,-0.0079,structures/Gd_substituted/Fe9GdLu2P6_from_Fe9Lu2P6Tm.CIF
Be3C3Fe14Gd2_sub,Gd_surrogate,Tm,quaternary,new-R-3m,R-3m,runs/quaternary/Tm/new-R-3m/Be3C3Fe14Gd2_sub,Be3C3Fe14Tm2,Dy Er Ho Tm,4,Be3C3Fe14Tm2 Be3C3Er2Fe14 Be3C3Fe14Ho2 Be3C3DyFe14Ho,GNoME,-0.0199,structures/Gd_substituted/Be3C3Fe14Gd2_from_Be3C3Fe14Tm2.CIF
Co19Fe4Gd6_sub,Gd_surrogate,Tm,ternary,new-R-3m,R-3m,runs/ternary/Tm/new-R-3m/Co19Fe4Gd6_sub,Co19Fe4Tm6,Er Ho Tm,3,Co19Fe4Tm6 Co19Er6Fe4 Co19Fe4Ho6,GNoME,-0.0219,structures/Gd_substituted/Co19Fe4Gd6_from_Co19Fe4Tm6.CIF
Co9Gd2Nd_sub,Gd_surrogate,Tm,ternary,new-R-3m,R-3m,runs/ternary/Tm/new-R-3m/Co9Gd2Nd_sub,Co9NdTm2,Er Tm,2,Co9NdTm2 Co9Er2Nd,GNoME,-0.0086,structures/Gd_substituted/Co9Gd2Nd_from_Co9NdTm2.CIF
CoFe13Gd2Y2_sub,Gd_surrogate,Tm,quaternary,new-R-3m,R-3m,runs/quaternary/Tm/new-R-3m/CoFe13Gd2Y2_sub,CoFe13Tm2Y2,Tb Tm,2,CoFe13Tm2Y2 CoFe13Tb2Y2,GNoME,-0.0132,structures/Gd_substituted/CoFe13Gd2Y2_from_CoFe13Tm2Y2.CIF
Fe3Gd2Ru_sub,Gd_surrogate,Tm,ternary,new-R-3m,R-3m,runs/ternary/Tm/new-R-3m/Fe3Gd2Ru_sub,Fe3RuTm2,Er Tm,2,Fe3RuTm2 Er2Fe3Ru,Alexandria;GNoME,-0.0192,structures/Gd_substituted/Fe3Gd2Ru_from_Fe3RuTm2.CIF
Al3Fe20Gd6_sub,Gd_surrogate,Tm,ternary,new-R3m,R3m,runs/ternary/Tm/new-R3m/Al3Fe20Gd6_sub,Al3Fe20Tm6,Tm,1,Al3Fe20Tm6,GNoME,-0.0104,structures/Gd_substituted/Al3Fe20Gd6_from_Al3Fe20Tm6.CIF
Be3C3Fe14GdY_sub,Gd_surrogate,Tm,quinary,new-R3m,R3m,runs/quinary/Tm/new-R3m/Be3C3Fe14GdY_sub,Be3C3Fe14TmY,Tm,1,Be3C3Fe14TmY,GNoME,-0.0169,structures/Gd_substituted/Be3C3Fe14GdY_from_Be3C3Fe14TmY.CIF
Co14Ga3Gd2_sub,Gd_surrogate,Tm,ternary,new-R3m,R3m,runs/ternary/Tm/new-R3m/Co14Ga3Gd2_sub,Co14Ga3Tm2,Dy Er Ho Tm,4,Co14Ga3Tm2 Co14Dy2Ga3 Co14Er2Ga3 Co14Ga3Ho2,GNoME,-0.0224,structures/Gd_substituted/Co14Ga3Gd2_from_Co14Ga3Tm2.CIF
Co17GdLu_sub,Gd_surrogate,Tm,ternary,new-R3m,R3m,runs/ternary/Tm/new-R3m/Co17GdLu_sub,Co17LuTm,Tm,1,Co17LuTm,GNoME,0.0008,structures/Gd_substituted/Co17GdLu_from_Co17LuTm.CIF
Co23Gd3Lu3_sub,Gd_surrogate,Tm,ternary,new-R3m,R3m,runs/ternary/Tm/new-R3m/Co23Gd3Lu3_sub,Co23Lu3Tm3,Tm,1,Co23Lu3Tm3,GNoME,-0.0132,structures/Gd_substituted/Co23Gd3Lu3_from_Co23Lu3Tm3.CIF
Co8Gd3Mg_sub,Gd_surrogate,Tm,ternary,new-R3m,R3m,runs/ternary/Tm/new-R3m/Co8Gd3Mg_sub,Co8MgTm3,Tm,1,Co8MgTm3,GNoME,-0.0152,structures/Gd_substituted/Co8Gd3Mg_from_Co8MgTm3.CIF
Fe18Gd2Lu3Zr_sub,Gd_surrogate,Tm,quaternary,new-R3m,R3m,runs/quaternary/Tm/new-R3m/Fe18Gd2Lu3Zr_sub,Fe18Lu3Tm2Zr,Tm,1,Fe18Lu3Tm2Zr,GNoME,-0.0086,structures/Gd_substituted/Fe18Gd2Lu3Zr_from_Fe18Lu3Tm2Zr.CIF
Fe6GdHf_sub,Gd_surrogate,Tm,ternary,new-R3m,R3m,runs/ternary/Tm/new-R3m/Fe6GdHf_sub,Fe6HfTm,Tm,1,Fe6HfTm,GNoME,-0.0073,structures/Gd_substituted/Fe6GdHf_from_Fe6HfTm.CIF
Fe8GdOsY2_sub,Gd_surrogate,Tm,quaternary,new-R3m,R3m,runs/quaternary/Tm/new-R3m/Fe8GdOsY2_sub,Fe8OsTmY2,Dy Er Ho Tm,4,Fe8OsTmY2 ErFe8OsY2 Fe8HoOsY2 DyFe8OsY2,GNoME,-0.0165,structures/Gd_substituted/Fe8GdOsY2_from_Fe8OsTmY2.CIF
Fe8GdScZr2_sub,Gd_surrogate,Tm,quaternary,new-R3m,R3m,runs/quaternary/Tm/new-R3m/Fe8GdScZr2_sub,Fe8ScTmZr2,Tm,1,Fe8ScTmZr2,GNoME,-0.0032,structures/Gd_substituted/Fe8GdScZr2_from_Fe8ScTmZr2.CIF
Fe8GdZr3_sub,Gd_surrogate,Tm,ternary,new-R3m,R3m,runs/ternary/Tm/new-R3m/Fe8GdZr3_sub,Fe8TmZr3,Ho Tm,2,Fe8TmZr3 Fe8HoZr3,Alexandria;GNoME,-0.0054,structures/Gd_substituted/Fe8GdZr3_from_Fe8TmZr3.CIF
Fe9GdYZr_sub,Gd_surrogate,Tm,quaternary,new-R3m,R3m,runs/quaternary/Tm/new-R3m/Fe9GdYZr_sub,Fe9TmYZr,Er Tm,2,Fe9TmYZr ErFe9YZr,GNoME,-0.0125,structures/Gd_substituted/Fe9GdYZr_from_Fe9TmYZr.CIF
