id,formula,composition,elements,nelements,fe_frac,nsites,volume,spacegroup,crystal_system,e_form,e_decomp,ms_fm_T,ms_ferri_T,alex_id,alex_mag_uB_cell,alex_ehull,re_coupling,fe_moment_avg,re_moment_avg
e3d22fe7b4,Ho2Fe3Co,Co1Fe3Ho2,Fe Co Ho,3,0.5,6,94.6695,R-3m,trigonal,-0.1507,-0.0094,3.24,1.69,agm005848321,6.6768746,0.0,AFM(5d antiparallel)->ferrimagnet,2.192,-0.572
cd0a0d8652,Dy2Fe3Co,Co1Dy2Fe3,Fe Co Dy,3,0.5,6,95.9363,R-3m,trigonal,-0.13,-0.0127,3.19,1.66,agm005848315,6.688045,0.0,AFM(5d antiparallel)->ferrimagnet,2.2,-0.552
32e2ec720e,DyHoFe3Os,Dy1Fe3Ho1Os1,Fe Dy Ho Os,4,0.5,6,98.5939,R3m,trigonal,-0.1761,-0.024,3.11,1.62,,,,,,
6bcd8b8b87,DyHo3(Fe3Os)2,Dy1Fe6Ho3Os2,Fe Dy Ho Os,4,0.5,12,197.2929,Cm,monoclinic,-0.1817,-0.0253,3.11,1.62,,,,,,
bf952b19fb,TbHo3(Fe3Co)2,Co2Fe6Ho3Tb1,Fe Co Tb Ho,4,0.5,12,191.843,Cm,monoclinic,-0.1404,-0.0094,3.13,1.6,,,,,,
d062499c9e,HoErFe3Co,Co1Er1Fe3Ho1,Fe Co Ho Er,4,0.5,6,95.0731,R3m,trigonal,-0.1609,-0.009,3.1,1.56,,,,,,
174cf0b7cd,Ho3Er(Fe3Os)2,Er1Fe6Ho3Os2,Fe Ho Er Os,4,0.5,12,196.6141,Cm,monoclinic,-0.1923,-0.0288,3.06,1.56,,,,,,
9233ec60e1,TbHo3(Fe3Os)2,Fe6Ho3Os2Tb1,Fe Tb Ho Os,4,0.5,12,196.9288,Cm,monoclinic,-0.1758,-0.0215,3.05,1.56,,,,,,
9195f1c159,TbDy2Ho(Fe3Os)2,Dy2Fe6Ho1Os2Tb1,Fe Tb Dy Ho Os,5,0.5,12,198.3061,Cm,monoclinic,-0.1656,-0.0206,3.03,1.55,,,,,,
e3c4e1c9fb,TbDyHo2(Fe3Os)2,Dy1Fe6Ho2Os2Tb1,Fe Tb Dy Ho Os,5,0.5,12,198.1626,Cm,monoclinic,-0.1708,-0.0209,3.03,1.55,,,,,,
8ff19fe50c,TbDy3(Fe3Os)2,Dy3Fe6Os2Tb1,Fe Tb Dy Os,4,0.5,12,199.051,Cm,monoclinic,-0.1605,-0.0206,3.02,1.55,,,,,,
dda778d82b,DyErFe3Os,Dy1Er1Fe3Os1,Fe Dy Er Os,4,0.5,6,98.2916,R3m,trigonal,-0.1862,-0.024,3.0,1.51,,,,,,
b1cca7dadc,TbHo3Fe7Os,Fe7Ho3Os1Tb1,Fe Tb Ho Os,4,0.583,12,194.6887,Cm,monoclinic,-0.1337,-0.0077,3.21,1.45,,,,,,
0776de5619,Er2Fe3Co,Co1Er2Fe3,Fe Co Er,3,0.5,6,94.3299,R-3m,trigonal,-0.1717,-0.0202,3.0,1.45,agm005848293,6.6605306,0.0,AFM(5d antiparallel)->ferrimagnet,2.181,-0.592
237c62e17a,Ho3Tm(Fe3Os)2,Fe6Ho3Os2Tm1,Fe Ho Tm Os,4,0.5,12,196.4177,Cm,monoclinic,-0.1975,-0.0287,2.94,1.45,,,,,,
cfc9116b1c,DyHoFe4,Dy1Fe4Ho1,Fe Dy Ho,3,0.667,6,94.7875,F-43m,cubic,-0.089,0.0002,3.49,1.43,agm001174764,6.9084964,6.4111664e-05,AFM(5d antiparallel)->ferrimagnet,2.014,-0.55
f717449428,Dy3HoFe8,Dy3Fe8Ho1,Fe Dy Ho,3,0.667,12,191.648,R3m,trigonal,-0.0841,-0.0001,3.45,1.41,agm005995096,13.630972,0.00026622583,AFM(5d antiparallel)->ferrimagnet,1.998,-0.55
50fbe0dad5,Er2Fe3Ru,Er2Fe3Ru1,Fe Ru Er,3,0.5,6,97.4501,R-3m,trigonal,-0.2067,-0.0068,2.91,1.4,agm005841695,5.7041407,0.0011476189,AFM(5d antiparallel)->ferrimagnet,2.076,-0.477
de938254f9,HoErFe4,Er1Fe4Ho1,Fe Ho Er,3,0.667,6,93.2553,F-43m,cubic,-0.1093,0.001,3.42,1.32,agm001174879,6.69482,0.00014113111,AFM(5d antiparallel)->ferrimagnet,1.963,-0.574
3b5c640476,HoTmFe3Co,Co1Fe3Ho1Tm1,Fe Co Ho Tm,4,0.5,6,94.4567,R3m,trigonal,-0.1718,-0.0088,2.87,1.32,,,,,,
2667ef432f,DyErFe4,Dy1Er1Fe4,Fe Dy Er,3,0.667,6,94.9823,F-43m,cubic,-0.0991,0.0008,3.36,1.3,agm001174762,6.8324313,0.00029635668,AFM(5d antiparallel)->ferrimagnet,1.995,-0.56
c4ca5c8c6f,DyTmFe3Os,Dy1Fe3Os1Tm1,Fe Dy Tm Os,4,0.5,6,98.504,R3m,trigonal,-0.1962,-0.0242,2.76,1.27,,,,,,
2105fa47a0,ErTmFe3Co,Co1Er1Fe3Tm1,Fe Co Er Tm,4,0.5,6,94.0683,R3m,trigonal,-0.1823,-0.0197,2.76,1.2,,,,,,
9539b879df,Dy2HoFe7B2,B2Dy2Fe7Ho1,B Fe Dy Ho,4,0.583,12,163.8474,R-3m,trigonal,-0.2432,-0.0122,3.18,1.09,,,,,,
f94682ef14,DyHo2Fe7B2,B2Dy1Fe7Ho2,B Fe Dy Ho,4,0.583,12,163.965,R3m,trigonal,-0.2488,-0.0128,3.18,1.09,,,,,,
a3cb1289aa,Dy3Fe7B2,B4Dy6Fe14,B Fe Dy,3,0.583,24,331.2478,P6_3/mmc,hexagonal,-0.2355,-0.0098,3.15,1.08,agm002361419,11.015448,0.0,AFM(5d antiparallel)->ferrimagnet,1.815,-0.432
b7ad129164,TmLu(Hf2Fe9)2,Fe18Hf4Lu1Tm1,Fe Tm Lu Hf,4,0.75,24,339.9167,P-6m2,hexagonal,-0.2306,-0.0166,1.54,1.06,,,,,,
4d5df43366,TbDy5(Fe7B2)2,B4Dy5Fe14Tb1,B Fe Tb Dy,4,0.583,24,330.0222,P-6m2,hexagonal,-0.2327,-0.0084,3.12,1.05,,,,,,
6291cc8e15,YTm(Hf2Fe9)2,Fe18Hf4Tm1Y1,Fe Y Tm Hf,4,0.75,24,340.7479,P-6m2,hexagonal,-0.2209,-0.0184,1.53,1.05,,,,,,
cdf8cd0c31,YTmBe3Fe14C3,Be3C3Fe14Tm1Y1,Be C Fe Y Tm,5,0.636,22,250.9696,R3m,trigonal,-0.1581,-0.0169,1.69,1.04,,,,,,
f19ba1d89f,Ho2ErFe7B2,B2Er1Fe7Ho2,B Fe Ho Er,4,0.583,12,163.4062,R-3m,trigonal,-0.2595,-0.0116,3.12,1.02,,,,,,
8329b7f15b,TbHo2Fe7B2,B2Fe7Ho2Tb1,B Fe Tb Ho,4,0.583,12,164.1132,R-3m,trigonal,-0.2437,-0.0107,3.1,1.02,,,,,,
d22dcf9f6f,YHo3(Fe3Os)2,Fe6Ho3Os2Y1,Fe Y Ho Os,4,0.5,12,198.0298,Cm,monoclinic,-0.1783,-0.0239,2.51,1.02,,,,,,
767267baef,Ho2ZnGaFe4,Fe4Ga1Ho2Zn1,Fe Zn Ga Ho,4,0.5,8,133.6948,Pmm2,orthorhombic,-0.2722,-0.0209,2.48,1.01,,,,,,
bad9cee146,YTm(Lu2Fe9)2,Fe18Lu4Tm1Y1,Fe Y Tm Lu,4,0.75,24,354.0103,P-6m2,hexagonal,-0.1248,-0.0076,1.47,1.01,,,,,,
5110588020,TbDy2Fe7B2,B4Dy4Fe14Tb2,B Fe Tb Dy,4,0.583,24,331.7873,P6_3/mmc,hexagonal,-0.23,-0.0072,3.07,1.0,,,,,,
8f6575d5bc,Tb2Ce2Fe29Si5,Ce2Fe29Si5Tb2,Si Fe Ce Tb,4,0.763,38,500.6422,Cm,monoclinic,-1.2834,-1.0582,1.84,1.0,,,,,,
206ff5aafc,DyHo(ZnFe2)2,Dy1Fe4Ho1Zn2,Fe Zn Dy Ho,4,0.5,8,137.1296,Pmm2,orthorhombic,-0.1912,-0.0024,2.41,0.99,,,,,,
81dec251a6,YEr(Hf2Fe9)2,Er1Fe18Hf4Y1,Fe Y Er Hf,4,0.75,24,340.0485,P-6m2,hexagonal,-0.2191,-0.019,1.6,0.99,,,,,,
25b9fc1987,Dy5Tm(Fe7B2)2,B4Dy5Fe14Tm1,B Fe Dy Tm,4,0.583,24,328.889,P3m1,trigonal,-0.2436,-0.0073,3.06,0.98,,,,,,
0797052a6b,SmTmAl3(Fe7C)2,Al3C2Fe14Sm1Tm1,C Al Fe Sm Tm,5,0.667,21,267.7747,Cm,monoclinic,-0.2024,-0.0155,1.58,0.97,,,,,,
e069103869,Tm2Fe3Co,Co1Fe3Tm2,Fe Co Tm,3,0.5,6,93.517,R-3m,trigonal,-0.193,-0.0197,2.53,0.96,agm005848280,6.644811,0.0,AFM(5d antiparallel)->ferrimagnet,2.169,-0.599
ed49964dc5,HoEr2Fe7B2,B2Er2Fe7Ho1,B Fe Ho Er,4,0.583,12,162.8999,R-3m,trigonal,-0.2658,-0.0126,3.05,0.95,,,,,,
0b816d1d65,DyEr2Fe7B2,B4Dy2Er4Fe14,B Fe Dy Er,4,0.583,24,327.7103,P6_3mc,hexagonal,-0.2562,-0.0062,3.04,0.95,,,,,,
947a163555,Tb2HoFe7B2,B2Fe7Ho1Tb2,B Fe Tb Ho,4,0.583,12,163.9637,R-3m,trigonal,-0.2312,-0.0082,3.03,0.95,,,,,,
1083dc6221,YHo(Hf2Fe9)2,Fe18Hf4Ho1Y1,Fe Y Ho Hf,4,0.75,24,340.3283,P-6m2,hexagonal,-0.2171,-0.0196,1.64,0.95,,,,,,
12aed8b2ea,DyY(Hf2Fe9)2,Dy1Fe18Hf4Y1,Fe Y Dy Hf,4,0.75,24,342.0023,P-6m2,hexagonal,-0.2148,-0.0198,1.63,0.95,,,,,,
1dee5c6f60,TbY(Lu2Fe9)2,Fe18Lu4Tb1Y1,Fe Y Tb Lu,4,0.75,24,353.5661,P-6m2,hexagonal,-0.1176,-0.0104,1.54,0.95,,,,,,
2c248288e9,TmSc3(Fe5P3)4,Fe20P12Sc3Tm1,P Sc Fe Tm,4,0.556,36,429.6665,Pm,monoclinic,-0.7525,-0.0526,1.33,0.95,,,,,,
9a334783f6,Tm2Fe3Ru,Fe3Ru1Tm2,Fe Ru Tm,3,0.5,6,96.5512,R-3m,trigonal,-0.2263,-0.0192,2.45,0.93,agm005841688,5.6509433,0.0,AFM(5d antiparallel)->ferrimagnet,2.053,-0.482
59a336fcd4,TbHo(ZnFe2)2,Fe4Ho1Tb1Zn2,Fe Zn Tb Ho,4,0.5,8,133.4094,Pmm2,orthorhombic,-0.1959,-0.0066,2.39,0.93,,,,,,
12199886ff,ErScFe14(SiC)3,C3Er1Fe14Sc1Si3,C Si Sc Fe Er,5,0.636,22,256.9645,R3m,trigonal,-0.2951,-0.0282,1.74,0.93,,,,,,
be1a527992,Gd2Fe3Co,Co1Fe3Gd2,Fe Co Gd,3,0.5,6,97.3962,R-3m,trigonal,-0.1246,-0.0748,2.43,0.92,,,,,,
c6029f1bbd,Tm2AlFe3,Al2Fe6Tm4,Al Fe Tm,3,0.5,12,194.6205,P6_3/mmc,hexagonal,-0.2448,-0.0068,2.43,0.92,agm005687899,8.171697,0.0,AFM(5d antiparallel)->ferrimagnet,1.685,-0.403
c460e37fea,TbScFe14(SiC)3,C3Fe14Sc1Si3Tb1,C Si Sc Fe Tb,5,0.636,22,259.039,R3m,trigonal,-0.2911,-0.0276,1.73,0.92,,,,,,
87e6f26bf1,TbHo2Fe7Co2,Co2Fe7Ho2Tb1,Fe Co Tb Ho,4,0.583,12,183.1639,R3m,trigonal,-0.1211,-0.0115,2.78,0.91,,,,,,
53c95a1917,TbDy(GaFe2)2,Dy1Fe4Ga2Tb1,Fe Ga Tb Dy,4,0.5,8,135.3605,Pmm2,orthorhombic,-0.334,-0.0199,2.36,0.91,,,,,,
89edeecaf5,DyEr(AlFe2)2,Al2Dy1Er1Fe4,Al Fe Dy Er,4,0.5,8,135.0948,Pmm2,orthorhombic,-0.2961,-0.0341,2.36,0.91,,,,,,
bb85dd88fd,TbHo(AlFe2)2,Al2Fe4Ho1Tb1,Al Fe Tb Ho,4,0.5,8,135.9642,Pmm2,orthorhombic,-0.2914,-0.0408,2.35,0.91,,,,,,
2334524df8,DyLuBe3Fe14C3,Be3C3Dy1Fe14Lu1,Be C Fe Dy Lu,5,0.636,22,248.9979,R3m,trigonal,-0.1617,-0.0163,1.84,0.91,,,,,,
50fe5487eb,HoLuBe3Fe14C3,Be3C3Fe14Ho1Lu1,Be C Fe Ho Lu,5,0.636,22,249.0202,R3m,trigonal,-0.1641,-0.0174,1.84,0.91,,,,,,
0126095d08,YErFe14(SiC)3,C3Er1Fe14Si3Y1,C Si Fe Y Er,5,0.636,22,262.0759,R3m,trigonal,-0.299,-0.0197,1.71,0.91,,,,,,
16973f93f8,YHo(Lu2Fe9)2,Fe18Ho1Lu4Y1,Fe Y Ho Lu,4,0.75,24,355.8129,P-6m2,hexagonal,-0.1216,-0.0094,1.57,0.91,,,,,,
f64a5a2110,DyY2(LuFe6)3,Dy1Fe18Lu3Y2,Fe Y Dy Lu,4,0.75,24,356.9931,P3m1,trigonal,-0.1054,-0.0071,1.56,0.91,,,,,,
76e5da10c8,TbY5Fe18,Fe18Tb1Y5,Fe Y Tb,3,0.75,24,369.9728,P3m1,trigonal,-0.0593,0.0006,1.47,0.91,,,,,,
21acc229a8,TbDy(AlFe2)2,Al2Dy1Fe4Tb1,Al Fe Tb Dy,4,0.5,8,136.6602,Pmm2,orthorhombic,-0.2893,-0.0465,2.34,0.9,,,,,,
305af6ef71,TbYFe14(SiC)3,C3Fe14Si3Tb1Y1,C Si Fe Y Tb,5,0.636,22,263.2871,R3m,trigonal,-0.2942,-0.0189,1.7,0.9,,,,,,
7759ad953a,CeErFe14(SiC)3,C3Ce1Er1Fe14Si3,C Si Fe Ce Er,5,0.636,22,263.7009,R3m,trigonal,-0.2876,-0.0388,1.7,0.9,,,,,,
533a182d73,TbSmFe14(SiC)3,C3Fe14Si3Sm1Tb1,C Si Fe Sm Tb,5,0.636,22,265.2233,R3m,trigonal,-0.2792,-0.029,1.69,0.9,,,,,,
9ab5ffe7e6,Y2Ho(LuFe6)3,Fe18Ho1Lu3Y2,Fe Y Ho Lu,4,0.75,24,358.3261,P3m1,trigonal,-0.1084,-0.0077,1.55,0.9,,,,,,
902db07126,Y3ErFe14,Er1Fe14Y3,Fe Y Er,3,0.778,18,266.3907,R3m,trigonal,-0.0675,-0.0042,1.68,0.89,,,,,,
24ca52186a,TbNdFe14(SiC)3,C3Fe14Nd1Si3Tb1,C Si Fe Nd Tb,5,0.636,22,266.389,R3m,trigonal,-0.2708,-0.0336,1.68,0.89,,,,,,
9d741bdfb5,TbY3Fe14,Fe14Tb1Y3,Fe Y Tb,3,0.778,18,268.5997,R3m,trigonal,-0.0557,-0.0023,1.67,0.89,,,,,,
d4fe78b3e4,Y5HoFe18,Fe18Ho1Y5,Fe Y Ho,3,0.75,24,365.5327,P3m1,trigonal,-0.0652,-0.0003,1.52,0.89,,,,,,
0488e8afe4,TmSc3CrFe19P12,Cr1Fe19P12Sc3Tm1,P Sc Cr Fe Tm,5,0.528,36,430.4029,Pm,monoclinic,-0.758,-0.0519,1.27,0.89,,,,,,
d4d5873ef6,Er3Fe7B2,B4Er6Fe14,B Fe Er,3,0.583,24,325.8509,P6_3/mmc,hexagonal,-0.2671,-0.0109,2.98,0.88,agm002361420,11.057501,0.0,AFM(5d antiparallel)->ferrimagnet,1.817,-0.463
0c15ea3d4b,DyScFe14(SiC)3,C3Dy1Fe14Sc1Si3,C Si Sc Fe Dy,5,0.636,22,258.027,R3m,trigonal,-0.2928,-0.028,1.78,0.88,,,,,,
8a2a472d08,HoScFe14(SiC)3,C3Fe14Ho1Sc1Si3,C Si Sc Fe Ho,5,0.636,22,257.9156,R3m,trigonal,-0.2942,-0.0283,1.78,0.88,,,,,,
164a6cfe31,SmErAl3(Fe7C)2,Al3C2Er1Fe14Sm1,C Al Fe Sm Er,5,0.667,21,268.7017,Cm,monoclinic,-0.2017,-0.0165,1.67,0.88,,,,,,
dcc4eace71,TbSmAl3(Fe7C)2,Al3C2Fe14Sm1Tb1,C Al Fe Sm Tb,5,0.667,21,270.1998,Cm,monoclinic,-0.1977,-0.0188,1.66,0.88,,,,,,
36e5d973ca,DyY5Fe18,Dy1Fe18Y5,Fe Y Dy,3,0.75,24,367.1435,P3m1,trigonal,-0.0623,0.0001,1.52,0.88,,,,,,
570fca5980,TbEr2Fe7B2,B4Er4Fe14Tb2,B Fe Tb Er,4,0.583,24,329.5714,P3m1,trigonal,-0.2507,-0.0042,2.95,0.87,,,,,,
1700714135,TmTaFe12P7,Fe12P7Ta1Tm1,P Fe Tm Ta,4,0.571,21,243.0355,P-6,hexagonal,-0.6657,-0.023,1.54,0.87,,,,,,
3c9f546006,TmFe12MoP7,Fe12Mo1P7Tm1,P Fe Mo Tm,4,0.571,21,243.1081,P-6,hexagonal,-0.6108,-0.0036,1.54,0.87,,,,,,
bc798743c1,TmNbFe12P7,Fe12Nb1P7Tm1,P Fe Nb Tm,4,0.571,21,244.6362,P-6,hexagonal,-0.6724,-0.0244,1.53,0.87,,,,,,
9f62347120,Tb3Fe7B2,B4Fe14Tb6,B Fe Tb,3,0.583,24,334.5111,P6_3/mmc,hexagonal,-0.2184,-0.006,2.91,0.86,agm002361426,10.99369,0.0,AFM(5d antiparallel)->ferrimagnet,1.813,-0.411
5448ea46de,TmTaTiFe9,Fe9Ta1Ti1Tm1,Ti Fe Tm Ta,4,0.75,12,161.4191,R3m,trigonal,-0.1715,-0.0136,1.87,0.86,,,,,,
7bd52706aa,TmTi2Fe9,Fe9Ti2Tm1,Ti Fe Tm,3,0.75,12,161.3339,R-3m,trigonal,-0.189,-0.0092,1.87,0.86,agm045766423,30.26377,0.0,AFM(5d antiparallel)->ferrimagnet,1.962,-0.399
4f1e2e5c16,YHoFe14(SiC)3,C3Fe14Ho1Si3Y1,C Si Fe Y Ho,5,0.636,22,262.6989,R3m,trigonal,-0.2978,-0.0197,1.75,0.86,,,,,,
26c8269412,SmHoFe14(SiC)3,C3Fe14Ho1Si3Sm1,C Si Fe Sm Ho,5,0.636,22,263.7827,R3m,trigonal,-0.2828,-0.0304,1.74,0.86,,,,,,
56e6fbe111,TmZrFe12P7,Fe12P7Tm1Zr1,P Fe Zr Tm,4,0.571,21,247.9167,P-6,hexagonal,-0.7266,0.0005,1.51,0.86,,,,,,
9656d72042,TmMgFe12P7,Fe12Mg1P7Tm1,Mg P Fe Tm,4,0.571,21,247.8721,P-6,hexagonal,-0.615,-0.0168,1.51,0.86,,,,,,
fb9e924341,DySc3(Fe5P3)4,Dy1Fe20P12Sc3,P Sc Fe Dy,4,0.556,36,431.3372,Pm,monoclinic,-0.7496,-0.053,1.4,0.86,,,,,,
d5e58dc722,TmTa2Fe9,Fe9Ta2Tm1,Fe Tm Ta,3,0.75,12,162.2796,R-3m,trigonal,-0.1532,-0.0171,1.86,0.85,agm005943805,15.773772,0.0,AFM(5d antiparallel)->ferrimagnet,1.929,-0.329
4222895dfc,TmNb2Fe9,Fe9Nb2Tm1,Fe Nb Tm,3,0.75,12,163.1296,R-3m,trigonal,-0.1191,-0.0136,1.85,0.85,agm054127814,30.597567,0.0,AFM(5d antiparallel)->ferrimagnet,1.902,-0.33
6f17608a5c,NdHoFe14(SiC)3,C3Fe14Ho1Nd1Si3,C Si Fe Nd Ho,5,0.636,22,265.6027,R3m,trigonal,-0.2744,-0.0345,1.73,0.85,,,,,,
b7f38e3f0c,NdDyFe14(SiC)3,C3Dy1Fe14Nd1Si3,C Si Fe Nd Dy,5,0.636,22,265.7652,R3m,trigonal,-0.2728,-0.0341,1.73,0.85,,,,,,
bde1c1735b,DyY3Fe14,Dy1Fe14Y3,Fe Y Dy,3,0.778,18,267.3246,R3m,trigonal,-0.0595,-0.0028,1.72,0.85,,,,,,
64f4d8f598,YTmFe12P7,Fe12P7Tm1Y1,P Fe Y Tm,4,0.571,21,249.9168,P-6,hexagonal,-0.7126,-0.0329,1.5,0.85,,,,,,
ff25380018,TmLuFe12P7,Fe12Lu1P7Tm1,P Fe Tm Lu,4,0.571,21,250.048,P-6,hexagonal,-0.7194,-0.0012,1.5,0.85,,,,,,
40d6e43b60,HoLu3(Fe5P3)4,Fe20Ho1Lu3P12,P Fe Ho Lu,4,0.556,36,437.9653,Pm,monoclinic,-0.7509,-0.0004,1.38,0.85,,,,,,
0c30ae3f4a,Y5Tm(Fe8Co)2,Co2Fe16Tm1Y5,Fe Co Y Tm,4,0.667,24,366.0084,P3m1,trigonal,-0.1001,-0.014,1.29,0.85,,,,,,
f4eb18762b,Tb6Fe13Co5,Co5Fe13Tb6,Fe Co Tb,3,0.542,24,370.4595,Cm,monoclinic,-0.1082,-0.0156,2.56,0.84,,,,,,
60d9dbb94d,TmHfTiFe9,Fe9Hf1Ti1Tm1,Ti Fe Tm Hf,4,0.75,12,164.3221,R3m,trigonal,-0.2081,-0.0127,1.84,0.84,,,,,,
8eb8899391,TmScTiFe9,Fe9Sc1Ti1Tm1,Sc Ti Fe Tm,4,0.75,12,165.2942,R3m,trigonal,-0.1835,-0.0061,1.83,0.84,,,,,,
c90ce584b5,TmScTaFe9,Fe9Sc1Ta1Tm1,Sc Fe Tm Ta,4,0.75,12,164.5113,R3m,trigonal,-0.1645,-0.0089,1.83,0.84,,,,,,
f8f319fc29,TmHfNbFe9,Fe9Hf1Nb1Tm1,Fe Nb Tm Hf,4,0.75,12,165.5851,R3m,trigonal,-0.1749,-0.0167,1.82,0.84,,,,,,
d465c50718,SmDyAl3(Fe7C)2,Al3C2Dy1Fe14Sm1,C Al Fe Sm Dy,5,0.667,21,269.4566,Cm,monoclinic,-0.1993,-0.0181,1.7,0.84,,,,,,
6329554e34,Y3Ho(Fe5P3)4,Fe20Ho1P12Y3,P Fe Y Ho,4,0.556,36,446.5429,Pm,monoclinic,-0.738,-0.0463,1.36,0.84,,,,,,
2d2496ffe9,Ho3Fe8Ru,Fe8Ho3Ru1,Fe Ru Ho,3,0.667,12,184.8968,R-3m,trigonal,-0.1274,-0.0042,2.95,0.83,,,,,,
25a3ff2c7f,DyHo2Fe8Ru,Dy1Fe8Ho2Ru1,Fe Ru Dy Ho,4,0.667,12,185.2455,R-3m,trigonal,-0.1241,-0.0029,2.94,0.83,,,,,,
3ec3e7ff54,Dy2HoFe8Os,Dy2Fe8Ho1Os1,Fe Dy Ho Os,4,0.667,12,185.6589,R3m,trigonal,-0.1162,-0.0149,2.94,0.83,,,,,,
ed4c114624,DyHo2Fe8Os,Dy1Fe8Ho2Os1,Fe Dy Ho Os,4,0.667,12,185.4179,R-3m,trigonal,-0.1221,-0.0158,2.94,0.83,,,,,,
5645e002b6,Er(AlFe5)2,Al2Er1Fe10,Al Fe Er,3,0.769,13,169.2312,Immm,orthorhombic,-0.159,-0.0061,2.07,0.83,,,,,,
3d85bf0fa7,TmHfTaFe9,Fe9Hf1Ta1Tm1,Fe Tm Hf Ta,4,0.75,12,166.0966,R3m,trigonal,-0.189,-0.0155,1.82,0.83,,,,,,
b869009586,DyY3(Fe5P3)4,Dy1Fe20P12Y3,P Fe Y Dy,4,0.556,36,446.7986,Pm,monoclinic,-0.7367,-0.0459,1.36,0.83,,,,,,
b15213e3af,Dy3Fe8Os,Dy3Fe8Os1,Fe Dy Os,3,0.667,12,186.6565,R-3m,trigonal,-0.1104,-0.014,2.92,0.82,,,,,,
fa441220ab,Tb2ZnGaFe4,Fe4Ga1Tb2Zn1,Fe Zn Ga Tb,4,0.5,8,135.7272,Pmm2,orthorhombic,-0.2657,-0.0221,2.27,0.82,,,,,,
3e6b6a3c85,TmSc2Fe9,Fe9Sc2Tm1,Sc Fe Tm,3,0.75,12,168.5289,R-3m,trigonal,-0.1777,-0.0026,1.79,0.82,agm005929197,15.1696415,0.0,AFM(5d antiparallel)->ferrimagnet,1.894,-0.437
15e68b29be,TmZr2Fe9,Fe9Tm1Zr2,Fe Zr Tm,3,0.75,12,169.2616,R-3m,trigonal,-0.1973,-0.019,1.78,0.82,agm053976541,32.327995,0.0,AFM(5d antiparallel)->ferrimagnet,2.034,-0.422
acd45cc6b6,TmHfZrFe9,Fe9Hf1Tm1Zr1,Fe Zr Tm Hf,4,0.75,12,169.9456,R3m,trigonal,-0.2125,-0.0179,1.78,0.82,,,,,,
3109f9c6e4,Tm2Zr(ScFe6)3,Fe18Sc3Tm2Zr1,Sc Fe Zr Tm,4,0.75,24,340.2613,R3m,trigonal,-0.1844,-0.0046,1.77,0.82,,,,,,
e92b0278be,TmSc4Fe18CoP12,Co1Fe18P12Sc4Tm1,P Sc Fe Co Tm,5,0.5,36,438.3581,Amm2,orthorhombic,-0.8161,-0.058,1.19,0.82,,,,,,
18c0f3e496,Dy3YFe8,Dy3Fe8Y1,Fe Y Dy,3,0.667,12,190.8976,R3m,trigonal,-0.0742,0.0005,2.86,0.81,agm005982434,13.553432,0.0008312258,AFM(5d antiparallel)->ferrimagnet,2.002,-0.556
ddbfedaafc,TbYFe10,Fe10Tb1Y1,Fe Y Tb,3,0.833,12,171.6115,Pmmm,orthorhombic,-0.0401,-0.0006,2.04,0.81,agm005588364,19.485804,0.0006552656,AFM(5d antiparallel)->ferrimagnet,2.06,-0.389
8c57fa6564,TmZrScFe9,Fe9Sc1Tm1Zr1,Sc Fe Zr Tm,4,0.75,12,170.7914,R3m,trigonal,-0.1917,-0.0071,1.77,0.81,,,,,,
9b5188ff18,TmLuScFe9,Fe9Lu1Sc1Tm1,Sc Fe Tm Lu,4,0.75,12,171.7523,R3m,trigonal,-0.1531,-0.0027,1.76,0.81,,,,,,
24571258c3,TmLuZrFe9,Fe9Lu1Tm1Zr1,Fe Zr Tm Lu,4,0.75,12,173.0131,R3m,trigonal,-0.1661,-0.0141,1.74,0.8,,,,,,
5071c9dc88,Tm2Lu3ZrFe18,Fe18Lu3Tm2Zr1,Fe Zr Tm Lu,4,0.75,24,347.3967,R3m,trigonal,-0.1474,-0.0086,1.74,0.8,,,,,,
e78be84431,YTmZrFe9,Fe9Tm1Y1Zr1,Fe Y Zr Tm,4,0.75,12,174.4169,R3m,trigonal,-0.1415,-0.0125,1.73,0.8,,,,,,
1f3b6e718b,Y3ErFe13Co,Co1Er1Fe13Y3,Fe Co Y Er,4,0.722,18,268.1068,R3m,trigonal,-0.0883,-0.0141,1.58,0.8,,,,,,
c0dd8e7979,TmLu4Fe18CoP12,Co1Fe18Lu4P12Tm1,P Fe Co Tm Lu,5,0.5,36,447.9268,P-6,hexagonal,-0.8166,-0.0185,1.17,0.8,,,,,,
fe7a055368,Y5Tm(Fe7B2)2,B4Fe14Tm1Y5,B Fe Y Tm,4,0.583,24,331.058,P-6m2,hexagonal,-0.2323,-0.0038,1.28,0.79,,,,,,
bb9b064e20,TbHo2Fe8Co,Co1Fe8Ho2Tb1,Fe Co Tb Ho,4,0.667,12,183.1197,R-3m,trigonal,-0.1063,-0.0143,2.91,0.78,,,,,,
151d9e79d0,Tb2ErFe7Co2,Co2Er1Fe7Tb2,Fe Co Tb Er,4,0.583,12,183.4292,Cm,monoclinic,-0.1195,-0.0196,2.65,0.78,,,,,,
3f26140d1d,YTmLuFe9,Fe18Lu2Tm2Y2,Fe Y Tm Lu,4,0.75,24,357.2863,P-3m1,trigonal,-0.1104,-0.0077,1.69,0.78,,,,,,
811e63b322,Y5Er(Fe8Co)2,Co2Er1Fe16Y5,Fe Co Y Er,4,0.667,24,368.2478,P3m1,trigonal,-0.0977,-0.0142,1.35,0.78,,,,,,
a46759ecd6,Ho2ErFe8Os,Er1Fe8Ho2Os1,Fe Ho Er Os,4,0.667,12,184.1005,R3m,trigonal,-0.132,-0.0158,2.9,0.77,,,,,,
cb10f6068f,Ho2ErFe8Ru,Er1Fe8Ho2Ru1,Fe Ru Ho Er,4,0.667,12,183.8649,R3m,trigonal,-0.1323,-0.005,2.9,0.77,,,,,,
0839214860,Dy2ErFe8Os,Dy2Er1Fe8Os1,Fe Dy Er Os,4,0.667,12,185.2356,R3m,trigonal,-0.1218,-0.0155,2.88,0.77,,,,,,
54a5c41aa1,Y3Tm2LuFe18,Fe18Lu1Tm2Y3,Fe Y Tm Lu,4,0.75,24,362.2047,P3m1,trigonal,-0.0949,-0.0042,1.67,0.77,,,,,,
47d5388093,Ce4ErFe19P12,Ce4Er1Fe19P12,P Fe Ce Er,4,0.528,36,469.649,P-6,hexagonal,-0.7917,-0.004,1.21,0.77,,,,,,
368c845cbc,TmLu5(Fe3P2)6,Fe18Lu5P12Tm1,P Fe Tm Lu,4,0.5,36,463.7573,Pmm2,orthorhombic,-0.838,-0.0085,1.13,0.77,,,,,,
8244e5ad19,Ce4TmFe18CoP12,Ce4Co1Fe18P12Tm1,P Fe Co Ce Tm,5,0.5,36,464.0857,P-6,hexagonal,-0.8088,-0.0145,1.13,0.77,,,,,,
63d1951575,TmMnNbFe11P7,Fe11Mn1Nb1P7Tm1,P Mn Fe Nb Tm,5,0.524,21,246.207,Pm,monoclinic,-0.6863,-0.0243,1.42,0.76,,,,,,
4bf93bf2e2,TmZrMnFe11P7,Fe11Mn1P7Tm1Zr1,P Mn Fe Zr Tm,5,0.524,21,248.2736,Pm,monoclinic,-0.7405,-0.011,1.41,0.76,,,,,,
f4d790866f,Y3HoFe13Co,Co1Fe13Ho1Y3,Fe Co Y Ho,4,0.722,18,268.5508,R3m,trigonal,-0.0823,-0.0103,1.62,0.75,,,,,,
1f6857259d,TmSc(Fe5P3)2,Fe20P12Sc2Tm2,P Sc Fe Tm,4,0.556,36,432.9925,Pmc2_1,orthorhombic,-0.7523,-0.0332,1.51,0.75,,,,,,
5c1e5234df,Y5Ho(Fe8Co)2,Co2Fe16Ho1Y5,Fe Co Y Ho,4,0.667,24,367.5644,P3m1,trigonal,-0.0951,-0.0131,1.38,0.75,,,,,,
5810d0dd06,DyTm(AlFe2)2,Al2Dy1Fe4Tm1,Al Fe Dy Tm,4,0.5,8,134.8387,Pmm2,orthorhombic,-0.2973,-0.0271,2.2,0.74,,,,,,
6fd0311dc2,TmLu(Fe4B)2,B2Fe8Lu1Tm1,B Fe Tm Lu,4,0.667,12,153.8431,P6/mmm,hexagonal,-0.2633,-0.0011,1.8,0.74,,,,,,
0271126fc4,YTm(Fe5P3)2,Fe20P12Tm2Y2,P Fe Y Tm,4,0.556,36,442.868,Pmc2_1,orthorhombic,-0.7434,-0.0268,1.47,0.74,,,,,,
a4840f8579,YTmFe11NiP7,Fe11Ni1P7Tm1Y1,P Fe Ni Y Tm,5,0.524,21,252.3637,Pm,monoclinic,-0.7312,-0.0341,1.39,0.74,,,,,,
77304e1af5,Dy5Y(Fe7B2)2,B4Dy5Fe14Y1,B Fe Y Dy,4,0.583,24,330.866,P-6m2,hexagonal,-0.2328,-0.0074,2.8,0.73,,,,,,
a4e5d8eb66,Ho4Fe11Co3,Co3Fe11Ho4,Fe Co Ho,3,0.611,18,268.3968,Cm,monoclinic,-0.1224,-0.0122,2.74,0.73,,,,,,
5dd35678d1,Dy4Fe11Co3,Co3Dy4Fe11,Fe Co Dy,3,0.611,18,269.4484,P1,triclinic,-0.108,-0.0124,2.73,0.73,,,,,,
a5661ee22c,Tm2Be3Fe14C3,Be3C3Fe14Tm2,Be C Fe Tm,4,0.636,22,247.692,R-3m,trigonal,-0.1664,-0.0199,2.04,0.72,,,,,,
d1127b401b,ErTi2Fe9,Er1Fe9Ti2,Ti Fe Er,3,0.75,12,161.1558,R-3m,trigonal,-0.1853,-0.0105,2.02,0.72,agm054477770,30.351917,0.0,AFM(5d antiparallel)->ferrimagnet,1.97,-0.395
05e7679cca,TbY5(Fe7B2)2,B4Fe14Tb1Y5,B Fe Y Tb,4,0.583,24,331.5159,P-6m2,hexagonal,-0.2225,-0.0052,1.35,0.72,,,,,,
9edebf5fea,Y5Er(Fe7B2)2,B4Er1Fe14Y5,B Fe Y Er,4,0.583,24,331.1755,P3m1,trigonal,-0.2298,-0.0034,1.35,0.72,,,,,,
204baf5d08,HoEr2Fe8Ru,Er2Fe8Ho1Ru1,Fe Ru Ho Er,4,0.667,12,184.15,R-3m,trigonal,-0.1374,-0.007,2.84,0.71,,,,,,
73a2ffdf15,DyEr2Fe8Os,Dy1Er2Fe8Os1,Fe Dy Er Os,4,0.667,12,184.7273,R-3m,trigonal,-0.1348,-0.0184,2.83,0.71,,,,,,
f73111eb6c,DyEr2Fe8Ru,Dy1Er2Fe8Ru1,Fe Ru Dy Er,4,0.667,12,184.6645,R-3m,trigonal,-0.134,-0.0056,2.83,0.71,,,,,,
5f0765334e,ErTaTiFe9,Er1Fe9Ta1Ti1,Ti Fe Er Ta,4,0.75,12,162.569,R3m,trigonal,-0.168,-0.015,2.0,0.71,,,,,,
8eb1f0ce71,TbTi2Fe9,Fe9Tb1Ti2,Ti Fe Tb,3,0.75,12,162.3328,R-3m,trigonal,-0.1693,-0.0094,2.0,0.71,agm047230189,30.610876,0.0,AFM(5d antiparallel)->ferrimagnet,1.991,-0.353
81affb61e7,ErNb2Fe9,Er1Fe9Nb2,Fe Nb Er,3,0.75,12,163.6165,R-3m,trigonal,-0.1152,-0.0147,1.99,0.71,agm043999881,30.60719,0.0,AFM(5d antiparallel)->ferrimagnet,1.905,-0.328
9f38555801,ErTa2Fe9,Er1Fe9Ta2,Fe Er Ta,3,0.75,12,163.1194,R-3m,trigonal,-0.1492,-0.0181,1.99,0.71,agm005943811,15.807322,0.0,AFM(5d antiparallel)->ferrimagnet,1.934,-0.326
c5f104e26a,DyScFe12P7,Dy1Fe12P7Sc1,P Sc Fe Dy,4,0.571,21,247.8072,P-6,hexagonal,-0.7173,-0.0393,1.66,0.71,,,,,,
4c4e373814,DyZrFe12P7,Dy1Fe12P7Zr1,P Fe Zr Dy,4,0.571,21,248.2101,P-6,hexagonal,-0.7234,-0.0018,1.65,0.71,,,,,,
503390febb,DyMgFe12P7,Dy1Fe12Mg1P7,Mg P Fe Dy,4,0.571,21,248.2844,P-6,hexagonal,-0.6114,-0.0188,1.65,0.71,,,,,,
d4df814ff8,DyHfFe12P7,Dy1Fe12Hf1P7,P Fe Dy Hf,4,0.571,21,247.9312,P-6,hexagonal,-0.7161,-0.0503,1.65,0.71,,,,,,
d9135127f4,DyYFe12P7,Dy1Fe12P7Y1,P Fe Y Dy,4,0.571,21,251.1778,P-6,hexagonal,-0.7076,-0.0335,1.63,0.71,,,,,,
6acf043c3f,Tb2HoFe8Os,Fe8Ho1Os1Tb2,Fe Tb Ho Os,4,0.667,12,187.1321,R3m,trigonal,-0.1075,-0.0162,2.79,0.7,,,,,,
405fd57c13,TbNb2Fe9,Fe9Nb2Tb1,Fe Nb Tb,3,0.75,12,164.4452,R-3m,trigonal,-0.0986,-0.013,1.98,0.7,agm047757273,30.62163,0.0,AFM(5d antiparallel)->ferrimagnet,1.911,-0.294
0a501b0ae2,ErScNbFe9,Er1Fe9Nb1Sc1,Sc Fe Nb Er,4,0.75,12,164.9252,R3m,trigonal,-0.1487,-0.0135,1.97,0.7,,,,,,
06663d0f6f,ErScTaFe9,Er1Fe9Sc1Ta1,Sc Fe Er Ta,4,0.75,12,165.7634,R3m,trigonal,-0.1613,-0.0107,1.96,0.7,,,,,,
aca2d3bcbb,ErScTiFe9,Er1Fe9Sc1Ti1,Sc Ti Fe Er,4,0.75,12,165.911,R3m,trigonal,-0.1797,-0.0073,1.96,0.7,,,,,,
c67ec79847,DyLuFe12P7,Dy1Fe12Lu1P7,P Fe Dy Lu,4,0.571,21,251.7522,P-6,hexagonal,-0.7144,-0.0018,1.63,0.7,,,,,,
55ebfa6dbc,TbY3(Fe6Co)2,Co2Fe12Tb1Y3,Fe Co Y Tb,4,0.667,18,271.0992,Cm,monoclinic,-0.0897,-0.0151,1.47,0.7,,,,,,
71d9bdac2e,Tb2DyFe8Os,Dy1Fe8Os1Tb2,Fe Tb Dy Os,4,0.667,12,187.8741,R3m,trigonal,-0.1019,-0.0155,2.78,0.69,,,,,,
21463ef758,TbHfTiFe9,Fe9Hf1Tb1Ti1,Ti Fe Tb Hf,4,0.75,12,166.3137,R3m,trigonal,-0.1903,-0.0149,1.96,0.69,,,,,,
7c59ad2917,TbScTaFe9,Fe9Sc1Ta1Tb1,Sc Fe Tb Ta,4,0.75,12,166.8395,R3m,trigonal,-0.1466,-0.011,1.95,0.69,,,,,,
6967cd4da9,TbHfTaFe9,Fe9Hf1Ta1Tb1,Fe Tb Hf Ta,4,0.75,12,167.8251,R3m,trigonal,-0.1696,-0.0159,1.94,0.69,,,,,,
cf871b4a37,TbScTiFe9,Fe9Sc1Tb1Ti1,Sc Ti Fe Tb,4,0.75,12,167.6693,R3m,trigonal,-0.1655,-0.0081,1.94,0.69,,,,,,
e5266fd061,CeHoLu4(Fe3P2)6,Ce1Fe18Ho1Lu4P12,P Fe Ce Ho Lu,5,0.5,36,469.6961,Pmm2,orthorhombic,-0.8368,-0.0067,1.19,0.69,,,,,,
12b16e6d3a,TbDy5Fe18,Dy5Fe18Tb1,Fe Tb Dy,3,0.75,24,365.9158,P-6m2,hexagonal,-0.0667,0.0001,3.08,0.68,,,,,,
8c62e98d11,ErHfZrFe9,Er1Fe9Hf1Zr1,Fe Zr Er Hf,4,0.75,12,169.7249,R3m,trigonal,-0.21,-0.0204,1.92,0.68,,,,,,
bf14335cbb,ErHf2Fe9,Er1Fe9Hf2,Fe Er Hf,3,0.75,12,169.1817,R-3m,trigonal,-0.2252,-0.0192,1.92,0.68,agm053510147,32.189384,0.0,AFM(5d antiparallel)->ferrimagnet,1.999,-0.408
0c80e83806,ErZrScFe9,Er1Fe9Sc1Zr1,Sc Fe Zr Er,4,0.75,12,170.1362,R3m,trigonal,-0.1892,-0.0096,1.91,0.68,,,,,,
c2dda2c344,ErSc2Fe9,Er1Fe9Sc2,Sc Fe Er,3,0.75,12,170.6631,R-3m,trigonal,-0.1729,-0.0028,1.91,0.68,agm005929217,15.207146,0.0,AFM(5d antiparallel)->ferrimagnet,1.901,-0.435
e619525ab6,ErZr2Fe9,Er1Fe9Zr2,Fe Zr Er,3,0.75,12,169.8357,R-3m,trigonal,-0.1949,-0.0216,1.91,0.68,agm043150978,32.37214,0.0,AFM(5d antiparallel)->ferrimagnet,2.039,-0.421
89b9902a14,TbHf2Fe9,Fe9Hf2Tb1,Fe Tb Hf,3,0.75,12,170.8504,R-3m,trigonal,-0.2115,-0.0205,1.9,0.68,agm055155429,32.274086,0.0,AFM(5d antiparallel)->ferrimagnet,2.008,-0.367
de1a0125d2,Tm2Zr3Fe19P12,Fe19P12Tm2Zr3,P Fe Zr Tm,4,0.528,36,441.164,P-62m,hexagonal,-0.8053,-0.0085,1.42,0.68,,,,,,
200bab401c,DyY5(Fe7B2)2,B4Dy1Fe14Y5,B Fe Y Dy,4,0.583,24,332.9363,P3m1,trigonal,-0.2243,-0.0043,1.38,0.68,,,,,,
c0cadd33e3,Y5Ho(Fe7B2)2,B4Fe14Ho1Y5,B Fe Y Ho,4,0.583,24,331.7945,P3m1,trigonal,-0.2271,-0.0045,1.38,0.68,,,,,,
00749f6e90,HoTm2Fe7B2,B2Fe7Ho1Tm2,B Fe Ho Tm,4,0.583,12,161.3094,R3m,trigonal,-0.2755,-0.0119,2.8,0.67,,,,,,
b72095073e,DyTm2Fe7B2,B4Dy2Fe14Tm4,B Fe Dy Tm,4,0.583,24,324.239,P3m1,trigonal,-0.2674,-0.0069,2.78,0.67,,,,,,
6b2dfe2ed5,TbHfScFe9,Fe9Hf1Sc1Tb1,Sc Fe Tb Hf,4,0.75,12,171.0995,R3m,trigonal,-0.1874,-0.0144,1.9,0.67,,,,,,
c466f6ebfe,ErLuNbFe9,Er1Fe9Lu1Nb1,Fe Nb Er Lu,4,0.75,12,171.3246,R3m,trigonal,-0.122,-0.0114,1.9,0.67,,,,,,
6144502e97,TbSc2Fe9,Fe9Sc2Tb1,Sc Fe Tb,3,0.75,12,171.6652,R-3m,trigonal,-0.1599,-0.0049,1.89,0.67,agm005929270,15.316603,0.0,AFM(5d antiparallel)->ferrimagnet,1.919,-0.395
b4ba653a2b,TbZr2Fe9,Fe9Tb1Zr2,Fe Zr Tb,3,0.75,12,171.7814,R-3m,trigonal,-0.1821,-0.0237,1.89,0.67,agm044244099,32.445896,0.0,AFM(5d antiparallel)->ferrimagnet,2.049,-0.381
8ae7dc3a5e,Tm2Al3Fe14C3,Al3C3Fe14Tm2,C Al Fe Tm,4,0.636,22,267.04,R-3m,trigonal,-0.2177,-0.02,1.89,0.67,,,,,,
d364efe2c3,TbZrScFe9,Fe9Sc1Tb1Zr1,Sc Fe Zr Tb,4,0.75,12,172.9269,R3m,trigonal,-0.1762,-0.0115,1.88,0.67,,,,,,
1b3cb863fb,TmZr2Fe8Si,Fe8Si1Tm1Zr2,Si Fe Zr Tm,4,0.667,12,169.6318,Cm,monoclinic,-0.3157,-0.0159,1.64,0.67,,,,,,
2ec5aa6b19,Tb3Tm3(Fe7B2)2,B4Fe14Tb3Tm3,B Fe Tb Tm,4,0.583,24,327.9518,P3m1,trigonal,-0.2515,-0.0054,2.75,0.66,,,,,,
99649ae659,TmAl2(Fe4Re)2,Al2Fe8Re2Tm1,Al Fe Tm Re,4,0.615,13,173.6595,Immm,orthorhombic,-0.2008,-0.0108,1.6,0.66,,,,,,
13308b01a6,TbDy2Fe9,Dy2Fe9Tb1,Fe Tb Dy,3,0.75,12,180.8437,R-3m,trigonal,-0.0654,-0.0011,3.09,0.65,agm054742267,34.150852,0.004686931,AFM(5d antiparallel)->ferrimagnet,2.093,-0.502
70e9dc1258,DyHoErFe9,Dy1Er1Fe9Ho1,Fe Dy Ho Er,4,0.75,12,180.9338,R3m,trigonal,-0.0864,-0.0021,3.09,0.65,,,,,,
7afac0e6cf,TbHo2Fe9,Fe9Ho2Tb1,Fe Tb Ho,3,0.75,12,181.3991,R-3m,trigonal,-0.0769,-0.0025,3.08,0.65,agm043627393,33.64944,0.0031134621,AFM(5d antiparallel)->ferrimagnet,2.066,-0.516
a7b600ba63,Ho2Fe6Co,Co2Fe12Ho4,Fe Co Ho,3,0.667,18,267.0254,C2/m,monoclinic,-0.1104,-0.012,2.85,0.65,,,,,,
e15832a20a,TbEr2Fe8Co,Co1Er2Fe8Tb1,Fe Co Tb Er,4,0.667,12,182.0078,R-3m,trigonal,-0.117,-0.0173,2.8,0.65,,,,,,
396c6d1683,Er3Fe8Ru,Er3Fe8Ru1,Fe Ru Er,3,0.667,12,183.2173,R-3m,trigonal,-0.1402,-0.0066,2.79,0.65,,,,,,
2c0fe326f9,Er3Fe8Os,Er3Fe8Os1,Fe Er Os,3,0.667,12,183.8837,R-3m,trigonal,-0.1407,-0.0145,2.78,0.65,agm005991984,15.704974,0.10311913,AFM(5d antiparallel)->ferrimagnet,2.057,-0.475
37136cb6a1,Ho2TmFe8Os,Fe8Ho2Os1Tm1,Fe Ho Tm Os,4,0.667,12,184.1772,R3m,trigonal,-0.1377,-0.0165,2.77,0.65,,,,,,
54b14d391d,Tb2ErFe8Co,Co1Er1Fe8Tb2,Fe Co Tb Er,4,0.667,12,184.131,R3m,trigonal,-0.1002,-0.0155,2.77,0.65,,,,,,
928ea60abb,Ho2TmFe8Ru,Fe8Ho2Ru1Tm1,Fe Ru Ho Tm,4,0.667,12,184.2518,R3m,trigonal,-0.1356,-0.0043,2.77,0.65,,,,,,
fc07892573,TbTm(AlFe2)2,Al2Fe4Tb1Tm1,Al Fe Tb Tm,4,0.5,8,135.2831,Pmm2,orthorhombic,-0.2944,-0.0275,2.1,0.65,,,,,,
96bc088aa7,YErZrFe9,Er1Fe9Y1Zr1,Fe Y Zr Er,4,0.75,12,176.2898,R3m,trigonal,-0.1344,-0.0104,1.84,0.65,,,,,,
c95486b47f,YErLuFe9,Er2Fe18Lu2Y2,Fe Y Er Lu,4,0.75,24,355.4427,P-3m1,trigonal,-0.104,-0.0064,1.83,0.65,,,,,,
12672be7d0,TbLu2Fe9,Fe9Lu2Tb1,Fe Tb Lu,3,0.75,12,178.3642,R-3m,trigonal,-0.1171,-0.0115,1.82,0.65,,,,,,
9278e3bb2d,TmGa2(Fe4Re)2,Fe8Ga2Re2Tm1,Fe Ga Tm Re,4,0.615,13,174.5204,Immm,orthorhombic,-0.1647,-0.0109,1.59,0.65,,,,,,
a82318adad,TmAl2(Fe4Mo)2,Al2Fe8Mo2Tm1,Al Fe Mo Tm,4,0.615,13,176.3361,Immm,orthorhombic,-0.1745,-0.0077,1.57,0.65,,,,,,
5817bd0b37,TbEr2Fe8Os,Er2Fe8Os1Tb1,Fe Tb Er Os,4,0.667,12,185.1222,R-3m,trigonal,-0.1311,-0.0199,2.76,0.64,,,,,,
ca711b5932,Dy2TmFe8Os,Dy2Fe8Os1Tm1,Fe Dy Tm Os,4,0.667,12,184.9227,R3m,trigonal,-0.1274,-0.0161,2.76,0.64,,,,,,
3f07ceb629,Tb3Fe8Co,Co1Fe8Tb3,Fe Co Tb,3,0.667,12,185.7151,R-3m,trigonal,-0.0847,-0.015,2.75,0.64,agm017220265,35.42551,0.0,AFM(5d antiparallel)->ferrimagnet,2.278,-0.47
d8eb50fb1d,Tb2ErFe8Os,Er1Fe8Os1Tb2,Fe Tb Er Os,4,0.667,12,186.5712,R3m,trigonal,-0.1128,-0.0166,2.74,0.64,,,,,,
16f0bf6c6e,Tb3Fe8Os,Fe8Os1Tb3,Fe Tb Os,3,0.667,12,186.8854,R-3m,trigonal,-0.0958,-0.0149,2.73,0.64,,,,,,
d34e2ca5d8,HoTi2Fe9,Fe9Ho1Ti2,Ti Fe Ho,3,0.75,12,161.9057,R-3m,trigonal,-0.1803,-0.0105,2.08,0.64,agm045765416,30.445578,0.0,AFM(5d antiparallel)->ferrimagnet,1.978,-0.383
32e46e1415,HoTa2Fe9,Fe9Ho1Ta2,Fe Ho Ta,3,0.75,12,162.766,R-3m,trigonal,-0.1441,-0.018,2.07,0.64,agm005943840,15.839569,0.0,AFM(5d antiparallel)->ferrimagnet,1.939,-0.316
1b91251285,DyTa2Fe9,Dy1Fe9Ta2,Fe Dy Ta,3,0.75,12,163.219,R-3m,trigonal,-0.1378,-0.0166,2.06,0.64,agm005943830,15.857952,0.0,AFM(5d antiparallel)->ferrimagnet,1.942,-0.306
0bfb4d52c7,ErSc(Fe5P3)2,Er2Fe20P12Sc2,P Sc Fe Er,4,0.556,36,434.4639,Pmc2_1,orthorhombic,-0.7506,-0.0338,1.61,0.64,,,,,,
01e80dfd53,ErLu(Fe5P3)2,Er2Fe20Lu2P12,P Fe Er Lu,4,0.556,36,440.3046,Pmc2_1,orthorhombic,-0.7509,-0.0006,1.59,0.64,,,,,,
d245d22d5d,TmZr2Fe8Os,Fe8Os1Tm1Zr2,Fe Zr Tm Os,4,0.667,12,177.1416,R-3m,trigonal,-0.2165,-0.0114,1.57,0.64,,,,,,
e4ed2e9ff6,TmZr2ScFe8,Fe8Sc1Tm1Zr2,Sc Fe Zr Tm,4,0.667,12,177.1348,R3m,trigonal,-0.2556,-0.0032,1.57,0.64,,,,,,
db1b6013eb,TmZr3Fe8,Fe8Tm1Zr3,Fe Zr Tm,3,0.667,12,178.8702,R3m,trigonal,-0.2515,-0.0054,1.55,0.64,agm005993724,12.717102,0.0,AFM(5d antiparallel)->ferrimagnet,1.954,-0.579
debd454451,ErTmBe3Fe14C3,Be3C3Er1Fe14Tm1,Be C Fe Er Tm,5,0.636,22,249.4513,R3m,trigonal,-0.1647,-0.0183,2.12,0.63,,,,,,
ebe55b7e90,HoTaNbFe9,Fe9Ho1Nb1Ta1,Fe Nb Ho Ta,4,0.75,12,163.6251,R3m,trigonal,-0.1269,-0.0161,2.06,0.63,,,,,,
216a2580b7,HoNb2Fe9,Fe9Ho1Nb2,Fe Nb Ho,3,0.75,12,164.399,R-3m,trigonal,-0.11,-0.0145,2.05,0.63,agm044281407,30.608103,0.0,AFM(5d antiparallel)->ferrimagnet,1.907,-0.318
51321de1b0,DyTiNbFe9,Dy1Fe9Nb1Ti1,Ti Fe Nb Dy,4,0.75,12,164.0872,R3m,trigonal,-0.1405,-0.0128,2.05,0.63,,,,,,
7aadf7d11d,DyNb2Fe9,Dy1Fe9Nb2,Fe Nb Dy,3,0.75,12,164.3828,R-3m,trigonal,-0.1036,-0.0131,2.05,0.63,agm056016514,30.611876,0.0,AFM(5d antiparallel)->ferrimagnet,1.909,-0.309
1aa4ed623e,HoHfTiFe9,Fe9Hf1Ho1Ti1,Ti Fe Ho Hf,4,0.75,12,165.5449,R3m,trigonal,-0.2005,-0.0151,2.03,0.63,,,,,,
56294c3d71,HoScTiFe9,Fe9Ho1Sc1Ti1,Sc Ti Fe Ho,4,0.75,12,165.6606,R3m,trigonal,-0.1752,-0.0078,2.03,0.63,,,,,,
5d96ce49ec,TbY2Fe9,Fe9Tb1Y2,Fe Y Tb,3,0.75,12,183.821,R3m,trigonal,-0.0589,-0.0001,1.77,0.63,agm055249248,17.515747,0.0,AFM(5d antiparallel)->ferrimagnet,2.16,-0.551
125b99eb65,TmLu2Fe8Os,Fe8Lu2Os1Tm1,Fe Tm Lu Os,4,0.667,12,180.7145,R-3m,trigonal,-0.1706,-0.0182,1.53,0.63,,,,,,
f5479176f0,TmLu2Fe8Ru,Fe8Lu2Ru1Tm1,Fe Ru Tm Lu,4,0.667,12,181.2852,R-3m,trigonal,-0.1671,-0.0072,1.53,0.63,,,,,,
9fd3294b3c,SmDyAl5(Fe6C)2,Al5C2Dy1Fe12Sm1,C Al Fe Sm Dy,5,0.571,21,279.4973,Cm,monoclinic,-0.2627,-0.0086,1.47,0.63,,,,,,
b439cdb92f,DyHfTiFe9,Dy1Fe9Hf1Ti1,Ti Fe Dy Hf,4,0.75,12,166.1964,R3m,trigonal,-0.1946,-0.0142,2.03,0.62,,,,,,
243a9e8126,HoHfNbFe9,Fe9Hf1Ho1Nb1,Fe Nb Ho Hf,4,0.75,12,167.0737,R3m,trigonal,-0.1671,-0.0189,2.02,0.62,,,,,,
45626f1830,DyScTiFe9,Dy1Fe9Sc1Ti1,Sc Ti Fe Dy,4,0.75,12,167.1264,R3m,trigonal,-0.1699,-0.0075,2.02,0.62,,,,,,
f9f97bc894,HoScTaFe9,Fe9Ho1Sc1Ta1,Sc Fe Ho Ta,4,0.75,12,167.1178,R3m,trigonal,-0.1567,-0.0111,2.02,0.62,,,,,,
062a7d2ae3,DyScTaFe9,Dy1Fe9Sc1Ta1,Sc Fe Dy Ta,4,0.75,12,167.4745,R3m,trigonal,-0.1509,-0.0103,2.01,0.62,,,,,,
8abc230406,DyScNbFe9,Dy1Fe9Nb1Sc1,Sc Fe Nb Dy,4,0.75,12,167.6699,R3m,trigonal,-0.1393,-0.014,2.01,0.62,,,,,,
42e67880bc,DyZrTiFe9,Dy1Fe9Ti1Zr1,Ti Fe Zr Dy,4,0.75,12,168.5848,R3m,trigonal,-0.1788,-0.0147,2.0,0.62,,,,,,
39ba89c02c,Tm2MnBe3Fe13C3,Be3C3Fe13Mn1Tm2,Be C Mn Fe Tm,5,0.591,22,248.1163,C2,monoclinic,-0.1712,-0.0148,1.94,0.62,,,,,,
bf9d2baa6a,DyZrNbFe9,Dy1Fe9Nb1Zr1,Fe Zr Nb Dy,4,0.75,12,168.908,R3m,trigonal,-0.1426,-0.0157,1.99,0.61,,,,,,
c176a0f312,HoHf2Fe9,Fe9Hf2Ho1,Fe Ho Hf,3,0.75,12,169.1888,R-3m,trigonal,-0.2208,-0.0199,1.99,0.61,agm055354199,32.22435,0.0,AFM(5d antiparallel)->ferrimagnet,2.003,-0.396
fc8f8e1369,HoHfScFe9,Fe9Hf1Ho1Sc1,Sc Fe Ho Hf,4,0.75,12,169.5984,R3m,trigonal,-0.1967,-0.0137,1.99,0.61,,,,,,
03fc0c2326,DyLuTiFe9,Dy1Fe9Lu1Ti1,Ti Fe Dy Lu,4,0.75,12,170.2513,R3m,trigonal,-0.1432,-0.0055,1.98,0.61,,,,,,
a9a08ca1da,DyHfScFe9,Dy1Fe9Hf1Sc1,Sc Fe Dy Hf,4,0.75,12,169.95,R3m,trigonal,-0.1911,-0.0131,1.98,0.61,,,,,,
e5558cb591,DyHf2Fe9,Dy1Fe9Hf2,Fe Dy Hf,3,0.75,12,170.9843,R-3m,trigonal,-0.2148,-0.0188,1.97,0.61,agm055418264,32.250233,0.0,AFM(5d antiparallel)->ferrimagnet,2.006,-0.385
ee70f31b53,Dy2Zr(ScFe6)3,Dy2Fe18Sc3Zr1,Sc Fe Zr Dy,4,0.75,24,341.2219,R3m,trigonal,-0.1725,-0.0076,1.97,0.61,,,,,,
2e614669cf,Y2TmFe8Os,Fe8Os1Tm1Y2,Fe Y Tm Os,4,0.667,12,185.9537,R3m,trigonal,-0.1223,-0.0165,1.49,0.61,,,,,,
1d106c2beb,HoSc2Fe9,Fe9Ho1Sc2,Sc Fe Ho,3,0.75,12,171.4809,R-3m,trigonal,-0.1686,-0.0036,1.96,0.6,agm005929250,15.246009,0.0,AFM(5d antiparallel)->ferrimagnet,1.908,-0.424
47653224db,DyHfZrFe9,Dy1Fe9Hf1Zr1,Fe Zr Dy Hf,4,0.75,12,171.5073,R3m,trigonal,-0.2002,-0.0206,1.96,0.6,,,,,,
91c5708db8,HoZr2Fe9,Fe9Ho1Zr2,Fe Zr Ho,3,0.75,12,172.0545,R-3m,trigonal,-0.1921,-0.0238,1.96,0.6,agm055544939,32.40001,0.0,AFM(5d antiparallel)->ferrimagnet,2.043,-0.409
73977a9c47,DyLuScFe9,Dy1Fe9Lu1Sc1,Sc Fe Dy Lu,4,0.75,12,174.2344,R3m,trigonal,-0.1413,-0.006,1.93,0.6,,,,,,
4ade3b4529,DyYFe11NiP7,Dy1Fe11Ni1P7Y1,P Fe Ni Y Dy,5,0.524,21,255.4576,Pm,monoclinic,-0.7272,-0.0356,1.51,0.6,,,,,,
d6b8935184,TmLu2(Fe3P2)3,Fe18Lu4P12Tm2,P Fe Tm Lu,4,0.5,36,465.4055,Pmmn,orthorhombic,-0.8383,-0.0079,1.3,0.6,,,,,,
702918c754,TbTm2Fe7B2,B4Fe14Tb2Tm4,B Fe Tb Tm,4,0.583,24,329.0393,P6_3/mmc,hexagonal,-0.2631,-0.0062,2.67,0.59,,,,,,
3012232b4b,Ho2AlFe16C3,Al1C3Fe16Ho2,C Al Fe Ho,4,0.727,22,267.9125,C2/m,monoclinic,-0.1286,-0.007,2.33,0.59,,,,,,
0ca7649c59,Er2Al2(Fe5C)3,Al2C3Er2Fe15,C Al Fe Er,4,0.682,22,268.5383,C2/m,monoclinic,-0.1758,-0.0152,2.15,0.59,agm009170945,28.940376,0.020783342,AFM(5d antiparallel)->ferrimagnet,2.024,-0.273
b0db507257,ErLu(Fe4B)2,B2Er1Fe8Lu1,B Fe Er Lu,4,0.667,12,153.7283,P6/mmm,hexagonal,-0.2606,-0.0026,1.96,0.59,,,,,,
5aa7890fa6,TbLu(Fe4B)2,B2Fe8Lu1Tb1,B Fe Tb Lu,4,0.667,12,155.1307,P6/mmm,hexagonal,-0.25,-0.0127,1.94,0.59,,,,,,
9cac9ac575,DyLuZrFe9,Dy1Fe9Lu1Zr1,Fe Zr Dy Lu,4,0.75,12,174.4049,R3m,trigonal,-0.155,-0.018,1.93,0.59,,,,,,
f099760085,HoLuZrFe9,Fe9Ho1Lu1Zr1,Fe Zr Ho Lu,4,0.75,12,175.1277,R3m,trigonal,-0.161,-0.019,1.92,0.59,,,,,,
1e2c66fefb,Y2Tm2Fe13Co,Co1Fe13Tm2Y2,Fe Co Y Tm,4,0.722,18,264.6636,R-3m,trigonal,-0.1023,-0.0132,1.82,0.59,,,,,,
2330272d5c,Tm2Al4Fe13C,Al4C1Fe13Tm2,C Al Fe Tm,4,0.65,20,264.0971,C2/m,monoclinic,-0.2355,-0.0117,1.82,0.59,,,,,,
7c0d8e9209,TbDyErFe9,Dy1Er1Fe9Tb1,Fe Tb Dy Er,4,0.75,12,181.4325,R3m,trigonal,-0.0767,-0.0023,3.01,0.58,,,,,,
348a40011d,Tb2HoFe9,Fe9Ho1Tb2,Fe Tb Ho,3,0.75,12,182.7433,R3m,trigonal,-0.0653,-0.0009,2.99,0.58,agm053578755,17.336395,0.0,AFM(5d antiparallel)->ferrimagnet,2.125,-0.507
596fd0983a,DyTmBe3Fe14C3,Be3C3Dy1Fe14Tm1,Be C Fe Dy Tm,5,0.636,22,249.2475,R3m,trigonal,-0.16,-0.0161,2.17,0.58,,,,,,
38ad31abd1,HoTmBe3Fe14C3,Be3C3Fe14Ho1Tm1,Be C Fe Ho Tm,5,0.636,22,250.1657,R3m,trigonal,-0.1626,-0.0175,2.16,0.58,,,,,,
51c18edd95,TmHfFe6,Fe18Hf3Tm3,Fe Tm Hf,3,0.75,24,339.466,R3m,trigonal,-0.194,-0.0073,2.02,0.58,,,,,,
78360553c5,TbTmAl3Fe14C3,Al3C3Fe14Tb1Tm1,C Al Fe Tb Tm,5,0.636,22,268.7037,R3m,trigonal,-0.2124,-0.0189,1.97,0.58,,,,,,
994983fe1a,TbY(Fe4B)2,B2Fe8Tb1Y1,B Fe Y Tb,4,0.667,12,157.1698,P6/mmm,hexagonal,-0.228,-0.0163,1.91,0.58,,,,,,
71954e4811,DyYLuFe9,Dy2Fe18Lu2Y2,Fe Y Dy Lu,4,0.75,24,359.6559,P-3m1,trigonal,-0.0927,-0.005,1.87,0.58,,,,,,
1a7ce621ef,HoLu(Fe5P3)2,Fe20Ho2Lu2P12,P Fe Ho Lu,4,0.556,36,440.1363,Pmc2_1,orthorhombic,-0.749,-0.0002,1.64,0.58,,,,,,
2166331bec,DyLu(Fe5P3)2,Dy2Fe20Lu2P12,P Fe Dy Lu,4,0.556,36,440.6994,Pmc2_1,orthorhombic,-0.7469,-0.0008,1.64,0.58,,,,,,
809aaa95cb,DyFe3SiB,B2Dy2Fe6Si2,B Si Fe Dy,4,0.5,12,151.6699,P6/mmm,hexagonal,-0.4768,-0.0161,2.5,0.57,,,,,,
5ab696d9f3,TbSm(Fe4B)2,B2Fe8Sm1Tb1,B Fe Sm Tb,4,0.667,12,158.43,P6/mmm,hexagonal,-0.2022,-0.0087,1.9,0.57,,,,,,
43c6534fdc,Ho4Fe13Co,Co1Fe13Ho4,Fe Co Ho,3,0.722,18,266.492,R-3m,trigonal,-0.0947,-0.008,2.94,0.56,,,,,,
525e651f27,DyTm5(Fe7B2)2,B4Dy1Fe14Tm5,B Fe Dy Tm,4,0.583,24,323.8938,P-6m2,hexagonal,-0.2762,-0.0102,2.68,0.56,,,,,,
975a584fcd,Tb4Fe11Co3,Co3Fe11Tb4,Fe Co Tb,3,0.611,18,270.2345,P1,triclinic,-0.0953,-0.0162,2.55,0.56,,,,,,
6b59c7556b,HoGaFe3C,C2Fe6Ga2Ho2,C Fe Ga Ho,4,0.5,12,153.6998,P6/mmm,hexagonal,-0.2677,-0.0173,2.47,0.56,,,,,,
85a31685c9,HoFe3SiB,B2Fe6Ho2Si2,B Si Fe Ho,4,0.5,12,154.0643,P6/mmm,hexagonal,-0.4832,-0.0198,2.47,0.56,,,,,,
6a2a07e840,HoAlFe3C,Al2C2Fe6Ho2,C Al Fe Ho,4,0.5,12,154.1398,P6/mmm,hexagonal,-0.2742,-0.0208,2.46,0.56,,,,,,
187620271c,Tm3Sc(Fe5P3)4,Fe20P12Sc1Tm3,P Sc Fe Tm,4,0.556,36,436.8306,Pm,monoclinic,-0.7519,-0.0137,1.68,0.56,,,,,,
c1f6b20dbe,YTm3(Fe5P3)4,Fe20P12Tm3Y1,P Fe Y Tm,4,0.556,36,440.6732,Pm,monoclinic,-0.7481,-0.0096,1.67,0.56,,,,,,
e1236cf021,Dy4Fe13Co,Co1Dy4Fe13,Fe Co Dy,3,0.722,18,267.6482,R-3m,trigonal,-0.0823,-0.0094,2.93,0.55,,,,,,
137ac64171,Ho4Fe13Os,Fe13Ho4Os1,Fe Ho Os,3,0.722,18,269.0367,R-3m,trigonal,-0.1067,-0.0138,2.92,0.55,,,,,,
78dc7c712a,Ho4Fe13Ru,Fe13Ho4Ru1,Fe Ru Ho,3,0.722,18,269.5782,R-3m,trigonal,-0.1032,-0.0023,2.91,0.55,,,,,,
cee79ef037,Tb5Lu(Fe7B2)2,B4Fe14Lu1Tb5,B Fe Tb Lu,4,0.583,24,331.2826,P3m1,trigonal,-0.2327,-0.0055,2.62,0.55,,,,,,
021533ef2b,Y2Tm3LuFe18,Fe18Lu1Tm3Y2,Fe Y Tm Lu,4,0.75,24,356.0414,P3m1,trigonal,-0.106,-0.0064,1.92,0.55,,,,,,
ac4c0a3f6e,Dy4Fe13Os,Dy4Fe13Os1,Fe Dy Os,3,0.722,18,273.5355,R-3m,trigonal,-0.0901,-0.0105,2.87,0.54,,,,,,
74ee06cbd2,HoAlFe3B,Al2B2Fe6Ho2,B Al Fe Ho,4,0.5,12,159.0199,P6/mmm,hexagonal,-0.3739,-0.0291,2.39,0.54,,,,,,
431e2053d1,DyAlFe3B,Al2B2Dy2Fe6,B Al Fe Dy,4,0.5,12,159.4755,P6/mmm,hexagonal,-0.3674,-0.0293,2.38,0.54,,,,,,
85387b0735,DyTmAl3Fe14C3,Al3C3Dy1Fe14Tm1,C Al Fe Dy Tm,5,0.636,22,268.2382,R3m,trigonal,-0.2141,-0.0191,2.02,0.54,,,,,,
f06be616d7,HoTmAl3Fe14C3,Al3C3Fe14Ho1Tm1,C Al Fe Ho Tm,5,0.636,22,269.3381,R3m,trigonal,-0.2158,-0.0195,2.01,0.54,,,,,,
d9747f7f34,YTmFe6,Fe18Tm3Y3,Fe Y Tm,3,0.75,24,360.6209,P3m1,trigonal,-0.0909,-0.0033,1.9,0.54,,,,,,
4d22330b64,YTm9Fe20,Fe20Tm9Y1,Fe Y Tm,3,0.667,30,465.0952,I-4,tetragonal,-0.1341,0.0009,2.63,0.53,,,,,,
8c06e4f5da,Er2Be3Fe14C3,Be3C3Er2Fe14,Be C Fe Er,4,0.636,22,249.5978,R-3m,trigonal,-0.1624,-0.0173,2.21,0.53,,,,,,
2cc41d7a24,ErZr2Fe8Si,Er1Fe8Si1Zr2,Si Fe Zr Er,4,0.667,12,170.7256,Cm,monoclinic,-0.3118,-0.017,1.76,0.53,,,,,,
cad5a1e1b5,ErZr2Fe8Co,Co1Er1Fe8Zr2,Fe Co Zr Er,4,0.667,12,170.4881,Cm,monoclinic,-0.2059,-0.0176,1.76,0.53,,,,,,
fa6bb2e7e2,TbSc2Fe8Co,Co1Fe8Sc2Tb1,Sc Fe Co Tb,4,0.667,12,172.1154,R-3m,trigonal,-0.1792,-0.0085,1.75,0.53,,,,,,
b172db92ec,TbZr2Fe8Co,Co1Fe8Tb1Zr2,Fe Co Zr Tb,4,0.667,12,172.9449,R3m,trigonal,-0.1963,-0.0223,1.74,0.53,,,,,,
328798065c,ErScMn(Fe3P2)3,Er2Fe18Mn2P12Sc2,P Sc Mn Fe Er,5,0.5,36,438.1371,Pmc2_1,orthorhombic,-0.7627,-0.0335,1.48,0.53,,,,,,
2e82a68368,TbEr2Fe9,Er2Fe9Tb1,Fe Tb Er,3,0.75,12,180.5424,R-3m,trigonal,-0.0884,-0.004,2.96,0.52,agm055363230,33.242146,0.0007951496,AFM(5d antiparallel)->ferrimagnet,2.042,-0.529
3820306ccc,Tb2ErFe9,Er1Fe9Tb2,Fe Tb Er,3,0.75,12,182.4793,R3m,trigonal,-0.0706,-0.0012,2.93,0.52,agm046199095,17.232409,0.0,AFM(5d antiparallel)->ferrimagnet,2.112,-0.512
e9198fc857,Er2TmFe8Os,Er2Fe8Os1Tm1,Fe Er Tm Os,4,0.667,12,182.8127,R3m,trigonal,-0.1455,-0.0143,2.66,0.52,,,,,,
e4de54c19d,Tb2TmFe8Os,Fe8Os1Tb2Tm1,Fe Tb Tm Os,4,0.667,12,184.5958,R3m,trigonal,-0.1181,-0.017,2.64,0.52,,,,,,
cf99ecb67c,Ho2Be2(Fe5C)3,Be2C3Fe15Ho2,Be C Fe Ho,4,0.682,22,256.3498,C2/m,monoclinic,-0.1339,-0.0106,2.34,0.52,,,,,,
623291e2ca,Er2Be2AlFe14C3,Al1Be2C3Er2Fe14,Be C Al Fe Er,5,0.636,22,256.4606,C2/m,monoclinic,-0.1802,-0.0179,2.15,0.52,,,,,,
27f4233184,HoLu(Fe4B)2,B2Fe8Ho1Lu1,B Fe Ho Lu,4,0.667,12,153.7606,P6/mmm,hexagonal,-0.2574,-0.0132,2.03,0.52,,,,,,
b13f76b1fa,ErAl2(Fe4Re)2,Al2Er1Fe8Re2,Al Fe Er Re,4,0.615,13,174.5067,Immm,orthorhombic,-0.1984,-0.0132,1.72,0.52,,,,,,
0742c27108,ErZr2Fe8Os,Er1Fe8Os1Zr2,Fe Zr Er Os,4,0.667,12,175.7878,R-3m,trigonal,-0.2147,-0.0145,1.71,0.52,,,,,,
abd4bcf8de,TbSc2Fe8Os,Fe8Os1Sc2Tb1,Sc Fe Tb Os,4,0.667,12,176.2398,R-3m,trigonal,-0.1917,-0.0102,1.71,0.52,,,,,,
7492091624,TbAl2(Fe4Re)2,Al2Fe8Re2Tb1,Al Fe Tb Re,4,0.615,13,175.8634,Immm,orthorhombic,-0.1883,-0.0207,1.71,0.52,,,,,,
1d125e91ba,Dy2Y2CrFe19P12,Cr1Dy2Fe19P12Y2,P Cr Fe Y Dy,5,0.528,36,446.9213,Pm,monoclinic,-0.7438,-0.0254,1.56,0.52,,,,,,
0307364c7c,TmZr2Fe7Co2,Co2Fe7Tm1Zr2,Fe Co Zr Tm,4,0.583,12,171.0832,Cm,monoclinic,-0.22,-0.0125,1.48,0.52,,,,,,
8b4c67ad89,ErLuMn(Fe3P2)3,Er2Fe18Lu2Mn2P12,P Mn Fe Er Lu,5,0.5,36,442.0725,Pmc2_1,orthorhombic,-0.7621,-0.0126,1.47,0.52,,,,,,
7a5f2167a2,Er2Fe14(SiC)3,C3Er2Fe14Si3,C Si Fe Er,4,0.636,22,260.9426,R-3m,trigonal,-0.3034,-0.0429,2.12,0.51,,,,,,
a1cb8ee5f8,TbErFe14(SiC)3,C3Er1Fe14Si3Tb1,C Si Fe Tb Er,5,0.636,22,262.0952,R3m,trigonal,-0.2987,-0.0408,2.11,0.51,,,,,,
a9bcae8ea1,Er2BeAl2Fe14C3,Al2Be1C3Er2Fe14,Be C Al Fe Er,5,0.636,22,262.0204,C2/m,monoclinic,-0.1977,-0.0182,2.11,0.51,,,,,,
f303704009,DyLu(Fe4B)2,B2Dy1Fe8Lu1,B Fe Dy Lu,4,0.667,12,154.7209,P6/mmm,hexagonal,-0.254,-0.0131,2.02,0.51,,,,,,
53cc5826ff,TbZr2Fe8Os,Fe8Os1Tb1Zr2,Fe Zr Tb Os,4,0.667,12,176.7391,R-3m,trigonal,-0.2024,-0.0176,1.7,0.51,,,,,,
96d887c098,ErHf(ZrFe4)2,Er1Fe8Hf1Zr2,Fe Zr Er Hf,4,0.667,12,178.3801,R3m,trigonal,-0.2584,-0.0005,1.69,0.51,,,,,,
5b755cd15d,TbLu2Fe8Co,Co1Fe8Lu2Tb1,Fe Co Tb Lu,4,0.667,12,179.7912,R-3m,trigonal,-0.1431,-0.0218,1.67,0.51,,,,,,
105c8bc9e1,Ho2Al2(Fe5C)3,Al2C3Fe15Ho2,C Al Fe Ho,4,0.682,22,267.493,C2/m,monoclinic,-0.1733,-0.0155,2.24,0.5,agm009169709,29.021797,0.019151136,AFM(5d antiparallel)->ferrimagnet,2.031,-0.267
6475e0d8ce,Tb2Fe14(SiC)3,C3Fe14Si3Tb2,C Si Fe Tb,4,0.636,22,264.4578,R-3m,trigonal,-0.2938,-0.0399,2.09,0.5,,,,,,
af9a421c7d,YErFe7,Er2Fe14Y2,Fe Y Er,3,0.778,18,265.0957,R-3m,trigonal,-0.0776,-0.0058,2.08,0.5,,,,,,
3e22562acc,TbErAl3(Fe7C)2,Al3C2Er1Fe14Tb1,C Al Fe Tb Er,5,0.667,21,264.9789,Cm,monoclinic,-0.2147,-0.0291,2.08,0.5,,,,,,
70710c6267,Er2Al3(Fe7C)2,Al3C2Er2Fe14,C Al Fe Er,4,0.667,21,265.7401,C2/m,monoclinic,-0.2033,-0.0132,2.08,0.5,agm009134495,24.460537,0.025963627,AFM(5d antiparallel)->ferrimagnet,1.878,-0.307
314ca9dcb7,Tb2AlFe14Si2C3,Al1C3Fe14Si2Tb2,C Al Si Fe Tb,5,0.636,22,266.0289,C2/m,monoclinic,-0.2653,-0.0304,2.08,0.5,,,,,,
69accb0bf6,Er2Al2Fe14SiC3,Al2C3Er2Fe14Si1,C Al Si Fe Er,5,0.636,22,265.5573,C2/m,monoclinic,-0.2449,-0.0226,2.08,0.5,,,,,,
37f5012d29,Tm2ZnGaFe4,Fe4Ga1Tm2Zn1,Fe Zn Ga Tm,4,0.5,8,130.9344,Pmm2,orthorhombic,-0.2764,-0.0122,1.99,0.5,,,,,,
a49fab0739,TmLuFe6Co,Co2Fe12Lu2Tm2,Fe Co Tm Lu,4,0.667,18,261.6266,Cm,monoclinic,-0.1441,-0.0148,1.75,0.5,,,,,,
6e7711a32d,ErLu2Fe8Os,Er1Fe8Lu2Os1,Fe Er Lu Os,4,0.667,12,181.5064,R-3m,trigonal,-0.1691,-0.0216,1.66,0.5,,,,,,
e6664c20d4,TbLu2Fe8Ru,Fe8Lu2Ru1Tb1,Fe Ru Tb Lu,4,0.667,12,182.1783,R-3m,trigonal,-0.1554,-0.0077,1.65,0.5,,,,,,
dd64ccb48a,Tm3ScCrFe19P12,Cr1Fe19P12Sc1Tm3,P Sc Cr Fe Tm,5,0.528,36,438.79,Pm,monoclinic,-0.7573,-0.0159,1.62,0.5,,,,,,
5d5656937e,YTm3CrFe19P12,Cr1Fe19P12Tm3Y1,P Cr Fe Y Tm,5,0.528,36,441.2054,Pm,monoclinic,-0.7533,-0.0098,1.61,0.5,,,,,,
199a31b241,TbYFe7,Fe14Tb2Y2,Fe Y Tb,3,0.778,18,268.6929,R-3m,trigonal,-0.0535,-0.0016,2.06,0.49,,,,,,
939eb85108,Er2Al3Fe14C3,Al3C3Er2Fe14,C Al Fe Er,4,0.636,22,268.5773,R-3m,trigonal,-0.2158,-0.0195,2.06,0.49,,,,,,
11955fa14d,TbErAl3Fe14C3,Al3C3Er1Fe14Tb1,C Al Fe Tb Er,5,0.636,22,270.4841,R3m,trigonal,-0.2116,-0.0192,2.04,0.49,,,,,,
dda4464d71,Er2Ga3Fe14C3,C3Er2Fe14Ga3,C Fe Ga Er,4,0.636,22,271.1088,R-3m,trigonal,-0.1762,-0.0046,2.04,0.49,,,,,,
79fbbb60fd,Tb2Al3Fe14C3,Al3C3Fe14Tb2,C Al Fe Tb,4,0.636,22,272.3769,R-3m,trigonal,-0.2074,-0.0204,2.03,0.49,,,,,,
b8e269bb99,ErTm2(LuFe6)3,Er1Fe18Lu3Tm2,Fe Er Tm Lu,4,0.75,24,351.3901,R3m,trigonal,-0.1227,-0.0024,2.02,0.49,,,,,,
b5b0da2b88,TbY2Fe8Co,Co2Fe16Tb2Y4,Fe Co Y Tb,4,0.667,24,368.2117,P3m1,trigonal,-0.0884,-0.0134,1.63,0.49,,,,,,
49bc0b34fc,Y2ErFe8Os,Er1Fe8Os1Y2,Fe Y Er Os,4,0.667,12,186.3186,R3m,trigonal,-0.1167,-0.0158,1.61,0.49,,,,,,
cad2c34fdf,HoErBe3Fe14C3,Be3C3Er1Fe14Ho1,Be C Fe Ho Er,5,0.636,22,250.0009,R3m,trigonal,-0.1605,-0.0166,2.26,0.48,,,,,,
926f7e187c,DyErBe3Fe14C3,Be3C3Dy1Er1Fe14,Be C Fe Dy Er,5,0.636,22,251.0132,R3m,trigonal,-0.1582,-0.0155,2.25,0.48,,,,,,
04ed04e785,Y3Er(TmFe9)2,Er1Fe18Tm2Y3,Fe Y Er Tm,4,0.75,24,359.9034,P3m1,trigonal,-0.0879,-0.0028,1.97,0.48,,,,,,
3f258ae0f2,DyErAl2(Fe3B)2,Al2B2Dy1Er1Fe6,B Al Fe Dy Er,5,0.5,12,158.9865,P6/mmm,hexagonal,-0.3759,-0.0259,2.32,0.47,,,,,,
472f77adea,HoHf2Fe8Co,Co1Fe8Hf2Ho1,Fe Co Ho Hf,4,0.667,12,169.7991,R3m,trigonal,-0.2351,-0.0165,1.84,0.47,,,,,,
4c3f5d97ce,HoLuV(Fe3P2)3,Fe18Ho2Lu2P12V2,P V Fe Ho Lu,5,0.5,36,444.973,Pmc2_1,orthorhombic,-0.7936,-0.006,1.51,0.47,,,,,,
88116302f7,DyErTmFe9,Dy1Er1Fe9Tm1,Fe Dy Er Tm,4,0.75,12,179.6344,R3m,trigonal,-0.0964,-0.0021,2.91,0.46,,,,,,
85e6fc234b,HoTm2Fe8Os,Fe8Ho1Os1Tm2,Fe Ho Tm Os,4,0.667,12,182.1254,R-3m,trigonal,-0.1485,-0.0173,2.61,0.46,,,,,,
df3aa54043,DyTm2Fe8Ru,Dy1Fe8Ru1Tm2,Fe Ru Dy Tm,4,0.667,12,183.0405,R-3m,trigonal,-0.1432,-0.0083,2.6,0.46,,,,,,
12023accb7,DyTm2Fe8Os,Dy1Fe8Os1Tm2,Fe Dy Tm Os,4,0.667,12,183.2639,R-3m,trigonal,-0.1456,-0.0193,2.59,0.46,,,,,,
f3b69604fa,DyErFe14(SiC)3,C3Dy1Er1Fe14Si3,C Si Fe Dy Er,5,0.636,22,262.2109,R3m,trigonal,-0.3006,-0.0416,2.15,0.46,,,,,,
b60076c6ff,TbDyFe14(SiC)3,C3Dy1Fe14Si3Tb1,C Si Fe Tb Dy,5,0.636,22,263.2992,R3m,trigonal,-0.2959,-0.0404,2.14,0.46,,,,,,
17496725d0,HoLuFe3Co,Co1Fe3Ho1Lu1,Fe Co Ho Lu,4,0.5,6,93.3692,R3m,trigonal,-0.1864,-0.0074,2.03,0.46,,,,,,
72a9b0d7cf,DyZr2Fe8Si,Dy1Fe8Si1Zr2,Si Fe Zr Dy,4,0.667,12,170.5502,Cm,monoclinic,-0.3034,-0.0097,1.83,0.46,,,,,,
057a142b7b,HoSc2Fe8Co,Co1Fe8Ho1Sc2,Sc Fe Co Ho,4,0.667,12,171.423,R-3m,trigonal,-0.1881,-0.0054,1.82,0.46,,,,,,
bb0d7181b7,HoZr2Fe8Co,Co1Fe8Ho1Zr2,Fe Co Zr Ho,4,0.667,12,172.875,R3m,trigonal,-0.2055,-0.0196,1.81,0.46,,,,,,
2c8e7185cb,Gd2Ga5(Fe6C)2,C2Fe12Ga5Gd2,C Fe Ga Gd,4,0.571,21,281.7566,C2/m,monoclinic,-0.2213,-0.0068,1.62,0.46,,,,,,
4f9da08048,DyYCr(Fe3P2)3,Cr2Dy2Fe18P12Y2,P Cr Fe Y Dy,5,0.5,36,449.0885,Pmc2_1,orthorhombic,-0.7496,-0.0241,1.5,0.46,,,,,,
ad1e49d32e,Ho2Lu3Fe18CoP12,Co1Fe18Ho2Lu3P12,P Fe Co Ho Lu,5,0.5,36,450.6053,P-62m,hexagonal,-0.8124,-0.0144,1.49,0.46,,,,,,
833d70d89e,Tm3Fe7B2,B4Fe14Tm6,B Fe Tm,3,0.583,24,323.903,P6_3/mmc,hexagonal,-0.2837,-0.0149,2.57,0.45,agm002361428,11.074899,0.0,AFM(5d antiparallel)->ferrimagnet,1.816,-0.471
d1a4c704aa,DyErGa3(Fe7C)2,C2Dy1Er1Fe14Ga3,C Fe Ga Dy Er,5,0.667,21,267.5421,Cm,monoclinic,-0.1902,-0.0187,2.11,0.45,,,,,,
77ba7aaf4a,TbDyAl3Fe14C3,Al3C3Dy1Fe14Tb1,C Al Fe Tb Dy,5,0.636,22,270.1995,R3m,trigonal,-0.2089,-0.0198,2.09,0.45,,,,,,
b99e697555,YHoFe3Co,Co1Fe3Ho1Y1,Fe Co Y Ho,4,0.5,6,95.9541,R3m,trigonal,-0.1323,-0.0085,1.98,0.45,,,,,,
fa36486994,DyYFe3Co,Co1Dy1Fe3Y1,Fe Co Y Dy,4,0.5,6,96.6923,R3m,trigonal,-0.1219,-0.0099,1.96,0.45,,,,,,
272fea4f68,DyAl2(Fe4Re)2,Al2Dy1Fe8Re2,Al Fe Dy Re,4,0.615,13,174.9597,Immm,orthorhombic,-0.1921,-0.0183,1.79,0.45,,,,,,
388490fe02,HoAl2(Fe4Re)2,Al2Fe8Ho1Re2,Al Fe Ho Re,4,0.615,13,174.4,Immm,orthorhombic,-0.1953,-0.0159,1.79,0.45,,,,,,
4c205eeea3,HoSc2Fe8Os,Fe8Ho1Os1Sc2,Sc Fe Ho Os,4,0.667,12,175.124,R-3m,trigonal,-0.2002,-0.0082,1.78,0.45,,,,,,
b2b3a4bee6,DySc2Fe8Os,Dy1Fe8Os1Sc2,Sc Fe Dy Os,4,0.667,12,175.248,R-3m,trigonal,-0.1961,-0.009,1.78,0.45,,,,,,
f254608089,Er2TmSc(Fe5P3)4,Er2Fe20P12Sc1Tm1,P Sc Fe Er Tm,5,0.556,36,438.1181,Pm,monoclinic,-0.7504,-0.0144,1.78,0.45,,,,,,
c08a00c8c3,HoZr2Fe8Os,Fe8Ho1Os1Zr2,Fe Zr Ho Os,4,0.667,12,176.1945,R-3m,trigonal,-0.211,-0.0157,1.77,0.45,,,,,,
0f364a1f80,DyGa2(Fe4Re)2,Dy1Fe8Ga2Re2,Fe Ga Dy Re,4,0.615,13,176.1068,Immm,orthorhombic,-0.1582,-0.0067,1.77,0.45,,,,,,
da129c5c99,DyZr2Fe8Os,Dy1Fe8Os1Zr2,Fe Zr Dy Os,4,0.667,12,177.1667,R-3m,trigonal,-0.2053,-0.0149,1.76,0.45,,,,,,
a7a80daa57,Ho2Be3Fe14C3,Be3C3Fe14Ho2,Be C Fe Ho,4,0.636,22,250.7207,R-3m,trigonal,-0.1582,-0.016,2.3,0.44,,,,,,
ded825694b,DyHoBe3Fe14C3,Be3C3Dy1Fe14Ho1,Be C Fe Dy Ho,5,0.636,22,251.1765,R3m,trigonal,-0.156,-0.0149,2.29,0.44,,,,,,
3aa6a6184d,DyY3(TmFe9)2,Dy1Fe18Tm2Y3,Fe Y Dy Tm,4,0.75,24,363.0006,P3m1,trigonal,-0.0819,-0.0018,1.98,0.44,,,,,,
41f1bfc45f,DyLuFe3Os,Dy1Fe3Lu1Os1,Fe Dy Lu Os,4,0.5,6,97.3241,R3m,trigonal,-0.2094,-0.0231,1.95,0.44,,,,,,
96cc20cff2,YHoFe3Os,Fe3Ho1Os1Y1,Fe Y Ho Os,4,0.5,6,98.9825,R3m,trigonal,-0.1691,-0.0218,1.92,0.44,,,,,,
666361f684,HoZr3Fe8,Fe8Ho1Zr3,Fe Zr Ho,3,0.667,12,179.3369,R3m,trigonal,-0.2354,-0.0002,1.74,0.44,agm005993765,12.739675,0.0,AFM(5d antiparallel)->ferrimagnet,1.961,-0.551
2c50a2b086,HoLu2Fe8Os,Fe8Ho1Lu2Os1,Fe Ho Lu Os,4,0.667,12,181.0528,R-3m,trigonal,-0.1664,-0.0238,1.73,0.44,,,,,,
775f6aacfc,TmScFe6(SiB)2,B2Fe6Sc1Si2Tm1,B Si Sc Fe Tm,5,0.5,12,146.7899,P6/mmm,hexagonal,-0.5062,-0.0157,1.56,0.44,,,,,,
0f3dd0d658,TmLuFe6(SiB)2,B2Fe6Lu1Si2Tm1,B Si Fe Tm Lu,5,0.5,12,148.35,P6/mmm,hexagonal,-0.5044,-0.0292,1.54,0.44,,,,,,
b40c2a5e6f,Tm3Sc2Fe18CoP12,Co1Fe18P12Sc2Tm3,P Sc Fe Co Tm,5,0.5,36,444.0736,P-62m,hexagonal,-0.8163,-0.0257,1.54,0.44,,,,,,
ba351037fb,HoTmFe6,Fe18Ho3Tm3,Fe Ho Tm,3,0.75,24,357.4165,P3m1,trigonal,-0.1011,-0.0019,2.9,0.43,,,,,,
7a450eed4c,HoEr3Fe13Co,Co1Er3Fe13Ho1,Fe Co Ho Er,4,0.722,18,264.7196,R3m,trigonal,-0.1082,-0.0115,2.83,0.43,,,,,,
cd765565e0,Ho3TmFe13Co,Co1Fe13Ho3Tm1,Fe Co Ho Tm,4,0.722,18,265.7001,R3m,trigonal,-0.1021,-0.0087,2.82,0.43,,,,,,
0f8b082a5d,Er6Al5Fe18,Al5Er6Fe18,Al Fe Er,3,0.621,29,435.1877,R3m,trigonal,-0.2282,-0.0138,2.46,0.43,,,,,,
405ab9f2eb,Ho2Be2AlFe14C3,Al1Be2C3Fe14Ho2,Be C Al Fe Ho,5,0.636,22,257.352,C2/m,monoclinic,-0.1766,-0.0171,2.24,0.43,,,,,,
3e9d4fb7c9,DyYFe3Os,Dy1Fe3Os1Y1,Fe Y Dy Os,4,0.5,6,99.6577,R3m,trigonal,-0.1589,-0.0216,1.91,0.43,,,,,,
97a4b8233e,DyLu2Fe8Ru,Dy1Fe8Lu2Ru1,Fe Ru Dy Lu,4,0.667,12,182.4548,R-3m,trigonal,-0.1582,-0.0084,1.71,0.43,,,,,,
a5e3055cf8,YTmFe6(SiB)2,B2Fe6Si2Tm1Y1,B Si Fe Y Tm,5,0.5,12,151.2873,P6/mmm,hexagonal,-0.4906,-0.022,1.51,0.43,,,,,,
d36a9d8958,ErFe3SiB,B2Er2Fe6Si2,B Si Fe Er,4,0.5,12,150.776,P6/mmm,hexagonal,-0.4936,-0.0275,2.37,0.42,,,,,,
52acb1466e,Ho2Fe14(SiC)3,C3Fe14Ho2Si3,C Si Fe Ho,4,0.636,22,261.5673,R-3m,trigonal,-0.3009,-0.0423,2.2,0.42,,,,,,
f86f91cdf1,Dy2Fe14(SiC)3,C3Dy2Fe14Si3,C Si Fe Dy,4,0.636,22,261.9417,R-3m,trigonal,-0.2977,-0.0411,2.2,0.42,,,,,,
68be8d42ae,DyHoFe14(SiC)3,C3Dy1Fe14Ho1Si3,C Si Fe Dy Ho,5,0.636,22,262.4465,R3m,trigonal,-0.2993,-0.0416,2.19,0.42,,,,,,
ca7188fa41,Ho2BeAl2Fe14C3,Al2Be1C3Fe14Ho2,Be C Al Fe Ho,5,0.636,22,263.1917,C2/m,monoclinic,-0.1949,-0.0182,2.19,0.42,,,,,,
05e46d131d,Tm2Fe11NiP7,Fe11Ni1P7Tm2,P Fe Ni Tm,4,0.524,21,251.9941,Pm,monoclinic,-0.7379,-0.0154,1.72,0.42,,,,,,
eb98075fa7,Tm2MnFe11P7,Fe11Mn1P7Tm2,P Mn Fe Tm,4,0.524,21,251.2585,Pm,monoclinic,-0.7337,-0.0104,1.72,0.42,,,,,,
880cc6962a,Tm2Fe11ReP7,Fe11P7Re1Tm2,P Fe Tm Re,4,0.524,21,254.0938,Pm,monoclinic,-0.7134,-0.0116,1.7,0.42,,,,,,
529b00c139,DyY2Fe8Os,Dy1Fe8Os1Y2,Fe Y Dy Os,4,0.667,12,187.5579,R3m,trigonal,-0.1055,-0.0145,1.67,0.42,,,,,,
9a61fd256a,Y2HoFe8Os,Fe8Ho1Os1Y2,Fe Y Ho Os,4,0.667,12,186.7569,R3m,trigonal,-0.1112,-0.0152,1.67,0.42,,,,,,
da8a727f7f,TbErFe6(SiB)2,B2Er1Fe6Si2Tb1,B Si Fe Tb Er,5,0.5,12,151.7306,P6/mmm,hexagonal,-0.4815,-0.0175,2.35,0.41,,,,,,
d3a236c547,ErGaFe3C,C2Er2Fe6Ga2,C Fe Ga Er,4,0.5,12,152.8731,P6/mmm,hexagonal,-0.2731,-0.022,2.33,0.41,,,,,,
71d5faa4f9,ErAlFe3C,Al2C2Er2Fe6,C Al Fe Er,4,0.5,12,153.9058,P6/mmm,hexagonal,-0.2805,-0.0216,2.32,0.41,,,,,,
104a89eea4,Dy2AlFe14Si2C3,Al1C3Dy2Fe14Si2,C Al Si Fe Dy,5,0.636,22,265.0276,C2/m,monoclinic,-0.269,-0.0316,2.17,0.41,,,,,,
bcec3de363,YHoFe7,Fe14Ho2Y2,Fe Y Ho,3,0.778,18,266.5912,R-3m,trigonal,-0.07,-0.0048,2.16,0.41,,,,,,
c922b2b443,Ho2Al2Fe14SiC3,Al2C3Fe14Ho2Si1,C Al Si Fe Ho,5,0.636,22,266.4597,C2/m,monoclinic,-0.2428,-0.0224,2.16,0.41,,,,,,
8607f06849,Ho2Al3Fe14C3,Al3C3Fe14Ho2,C Al Fe Ho,4,0.636,22,268.9008,R-3m,trigonal,-0.2134,-0.0199,2.14,0.41,,,,,,
4a0b5127d5,Ho2Al2GaFe14C3,Al2C3Fe14Ga1Ho2,C Al Fe Ga Ho,5,0.636,22,270.2832,C2/m,monoclinic,-0.2006,-0.0106,2.13,0.41,,,,,,
c468d822a8,DyHoAl3Fe14C3,Al3C3Dy1Fe14Ho1,C Al Fe Dy Ho,5,0.636,22,269.7363,R3m,trigonal,-0.2122,-0.0199,2.13,0.41,,,,,,
ee0de6a908,Dy2Al3Fe14C3,Al3C3Dy2Fe14,C Al Fe Dy,4,0.636,22,270.4202,R-3m,trigonal,-0.2109,-0.0203,2.13,0.41,,,,,,
db9811d0e9,TbLu2Fe7B2,B4Fe14Lu4Tb2,B Fe Tb Lu,4,0.583,24,324.5816,P6_3/mmc,hexagonal,-0.2787,-0.0078,1.7,0.41,,,,,,
bc6cd6a209,DyY3Fe8,Dy1Fe8Y3,Fe Y Dy,3,0.667,12,192.1986,R3m,trigonal,-0.066,0.0006,1.63,0.41,agm005982441,13.178722,0.00048763,AFM(5d antiparallel)->ferrimagnet,1.985,-0.58
1cadc15805,SmTmAl2(Fe3B)2,Al2B2Fe6Sm1Tm1,B Al Fe Sm Tm,5,0.5,12,161.0006,P6/mmm,hexagonal,-0.3553,-0.0205,1.42,0.41,,,,,,
86beb361b4,TbTm2Fe8Co,Co1Fe8Tb1Tm2,Fe Co Tb Tm,4,0.667,12,180.4112,R-3m,trigonal,-0.126,-0.0165,2.57,0.4,,,,,,
0e9d4bffb4,ErTm2Fe8Os,Er1Fe8Os1Tm2,Fe Er Tm Os,4,0.667,12,182.0916,R-3m,trigonal,-0.1514,-0.0153,2.55,0.4,,,,,,
b8d4e54081,ErTm2Fe8Ru,Er1Fe8Ru1Tm2,Fe Ru Er Tm,4,0.667,12,182.4725,R-3m,trigonal,-0.1494,-0.0059,2.54,0.4,,,,,,
e5de6e5dd3,ErAlFe3B,Al2B2Er2Fe6,B Al Fe Er,4,0.5,12,157.9188,P6/mmm,hexagonal,-0.3794,-0.0246,2.26,0.4,,,,,,
20fff7c903,Ho2Ga3Fe14C3,C3Fe14Ga3Ho2,C Fe Ga Ho,4,0.636,22,271.8051,R-3m,trigonal,-0.1745,-0.0053,2.12,0.4,,,,,,
a1fe7fa04d,Tb2Y2Fe13Co,Co1Fe13Tb2Y2,Fe Co Y Tb,4,0.722,18,268.9615,R-3m,trigonal,-0.0749,-0.0124,1.96,0.4,,,,,,
c184cafe8b,Er3Sc(Fe5P3)4,Er3Fe20P12Sc1,P Sc Fe Er,4,0.556,36,438.2424,Pm,monoclinic,-0.7496,-0.0147,1.83,0.4,,,,,,
4c3f8ab113,Dy5YFe18,Dy5Fe18Y1,Fe Y Dy,3,0.75,24,363.9601,P-6m2,hexagonal,-0.0675,0.0005,2.81,0.39,,,,,,
5beb0bf182,Tb2TmFe9,Fe9Tb2Tm1,Fe Tb Tm,3,0.75,12,182.476,R3m,trigonal,-0.0758,-0.0014,2.8,0.39,agm044167911,17.130493,0.0,AFM(5d antiparallel)->ferrimagnet,2.098,-0.512
045a7f5c7f,TbTm2Fe8Ru,Fe8Ru1Tb1Tm2,Fe Ru Tb Tm,4,0.667,12,183.7784,R-3m,trigonal,-0.1393,-0.0065,2.52,0.39,,,,,,
2a117365e1,TbTm2Fe8Os,Fe8Os1Tb1Tm2,Fe Tb Tm Os,4,0.667,12,184.0314,R-3m,trigonal,-0.1419,-0.0209,2.52,0.39,,,,,,
80db801a74,TbAlFe3B,Al2B2Fe6Tb2,B Al Fe Tb,4,0.5,12,160.5381,P6/mmm,hexagonal,-0.3601,-0.0295,2.22,0.39,,,,,,
8110bad8a5,TbSc2Fe7Co2,Co2Fe7Sc2Tb1,Sc Fe Co Tb,4,0.583,12,171.4248,R3m,trigonal,-0.1943,-0.0083,1.61,0.39,,,,,,
8bf563226b,HoErFe7,Er2Fe14Ho2,Fe Ho Er,3,0.778,18,263.3634,R-3m,trigonal,-0.0881,-0.0065,2.98,0.38,,,,,,
848e1f2ae6,TbEr3Fe13Co,Co1Er3Fe13Tb1,Fe Co Tb Er,4,0.722,18,266.7131,R3m,trigonal,-0.1024,-0.0137,2.77,0.38,,,,,,
9823d2732a,Er4Fe13Co,Co1Er4Fe13,Fe Co Er,3,0.722,18,265.9389,R-3m,trigonal,-0.1104,-0.012,2.77,0.38,,,,,,
dfbc81dc59,Er4Fe13Os,Er4Fe13Os1,Fe Er Os,3,0.722,18,266.1313,R-3m,trigonal,-0.1183,-0.0121,2.77,0.38,,,,,,
5c067a0e66,Tb4Fe13Co,Co1Fe13Tb4,Fe Co Tb,3,0.722,18,268.9024,R-3m,trigonal,-0.0688,-0.0101,2.74,0.38,,,,,,
78629c44ed,YHo2Fe7B2,B2Fe7Ho2Y1,B Fe Y Ho,4,0.583,12,164.1042,R3m,trigonal,-0.2447,-0.0097,2.46,0.38,,,,,,
c8ae182b0b,DyTmFe12P7,Dy1Fe12P7Tm1,P Fe Dy Tm,4,0.571,21,251.2931,P-6,hexagonal,-0.7155,-0.0029,1.96,0.38,,,,,,
84e5951576,TbFe7Re5,Fe7Re5Tb1,Fe Tb Re,3,0.538,13,178.3027,Imm2,orthorhombic,-0.059,-0.0094,1.55,0.37,,,,,,
63f4b12d36,TbLu2Fe7Co2,Co2Fe7Lu2Tb1,Fe Co Tb Lu,4,0.583,12,179.7064,R3m,trigonal,-0.1594,-0.0228,1.54,0.37,,,,,,
552894a2f9,Tb5Y(Fe8Co)2,Co2Fe16Tb5Y1,Fe Co Y Tb,4,0.667,24,368.3008,P3m1,trigonal,-0.0852,-0.0141,2.49,0.36,,,,,,
874d30f4f2,TmLu(Fe3Ge2)2,Fe6Ge4Lu1Tm1,Fe Ge Tm Lu,4,0.5,12,182.4322,P-6m2,hexagonal,-0.3879,-0.0314,1.25,0.36,,,,,,
cc5422ffe6,Y2Er3LuFe18,Er3Fe18Lu1Y2,Fe Y Er Lu,4,0.75,24,357.6033,P3m1,trigonal,-0.0969,-0.0048,2.11,0.35,,,,,,
adc71063e6,Y3Ho2TmFe18,Fe18Ho2Tm1Y3,Fe Y Ho Tm,4,0.75,24,363.609,P3m1,trigonal,-0.0797,-0.0021,2.08,0.35,,,,,,
91c3a76aea,HoTmFe6(SiB)2,B2Fe6Ho1Si2Tm1,B Si Fe Ho Tm,5,0.5,12,150.7593,P6/mmm,hexagonal,-0.4953,-0.0258,2.29,0.34,,,,,,
239fb1da1c,DyTmFe6(SiB)2,B2Dy1Fe6Si2Tm1,B Si Fe Dy Tm,5,0.5,12,150.9804,P6/mmm,hexagonal,-0.4917,-0.0228,2.28,0.34,,,,,,
575e6678c2,Ho2MnBe3Fe13C3,Be3C3Fe13Ho2Mn1,Be C Mn Fe Ho,5,0.591,22,249.9769,C2,monoclinic,-0.1626,-0.0091,2.21,0.34,,,,,,
896bace22c,Er2Mn2Be3(Fe4C)3,Be3C3Er2Fe12Mn2,Be C Mn Fe Er,5,0.545,22,248.6835,C2,monoclinic,-0.1705,-0.0033,2.02,0.34,,,,,,
fbc752073c,ErLuFe3Co,Co1Er1Fe3Lu1,Fe Co Er Lu,4,0.5,6,93.0867,R3m,trigonal,-0.1971,-0.0185,1.92,0.34,,,,,,
7f63ad381e,HoLu2Fe7B2,B2Fe7Ho1Lu2,B Fe Ho Lu,4,0.583,12,160.4073,R-3m,trigonal,-0.2934,-0.0161,1.79,0.34,,,,,,
7d56aa4904,DyLu2Fe7B2,B4Dy2Fe14Lu4,B Fe Dy Lu,4,0.583,24,323.3922,P6_3/mmc,hexagonal,-0.2847,-0.0105,1.78,0.34,,,,,,
2b77d6bcf3,Tb3DyFe14,Dy1Fe14Tb3,Fe Tb Dy,3,0.778,18,267.5611,R3m,trigonal,-0.0531,-0.0014,2.89,0.33,,,,,,
26e0bff15f,TbTmFe6,Fe18Tb3Tm3,Fe Tb Tm,3,0.75,24,359.2334,P3m1,trigonal,-0.0868,-0.0025,2.78,0.33,,,,,,
c01426fb43,Tb2Dy3YFe18,Dy3Fe18Tb2Y1,Fe Y Tb Dy,4,0.75,24,364.5088,P3m1,trigonal,-0.0632,-0.0003,2.74,0.33,,,,,,
194e5a0600,Tm2ZrFe9,Fe9Tm2Zr1,Fe Zr Tm,3,0.75,12,174.3735,R3m,trigonal,-0.1549,-0.0087,2.2,0.33,agm053908579,16.453075,0.0,AFM(5d antiparallel)->ferrimagnet,2.046,-0.5
4f7eaca8fb,DyTmAl2(Fe3B)2,Al2B2Dy1Fe6Tm1,B Al Fe Dy Tm,5,0.5,12,157.6694,P6/mmm,hexagonal,-0.3793,-0.0249,2.19,0.33,,,,,,
b136a2a8a6,DyY2Fe7B2,B4Dy2Fe14Y4,B Fe Y Dy,4,0.583,24,331.5918,P6_3/mmc,hexagonal,-0.228,-0.006,1.74,0.33,,,,,,
1825072d7d,HoTmAl2(Fe3B)2,Al2B2Fe6Ho1Tm1,B Al Fe Ho Tm,5,0.5,12,158.1562,P6/mmm,hexagonal,-0.3821,-0.0252,2.18,0.32,,,,,,
54da818ba7,ErTm3(Fe5P3)4,Er1Fe20P12Tm3,P Fe Er Tm,4,0.556,36,439.7747,Pm,monoclinic,-0.7513,-0.0009,1.91,0.32,,,,,,
80aaa66dc1,Dy3Sc(Fe5P3)4,Dy3Fe20P12Sc1,P Sc Fe Dy,4,0.556,36,440.8302,Pm,monoclinic,-0.7434,-0.0148,1.9,0.32,,,,,,
33eb3f8948,YErFe3Os,Er1Fe3Os1Y1,Fe Y Er Os,4,0.5,6,98.76,R3m,trigonal,-0.1792,-0.022,1.81,0.32,,,,,,
4b405194f8,Ho5Fe18CoP12,Co1Fe18Ho5P12,P Fe Co Ho,4,0.5,36,456.6475,P-62m,hexagonal,-0.807,-0.0142,2.24,0.31,,,,,,
8d7bdcc681,Ho5Fe18P12Pt,Fe18Ho5P12Pt1,P Fe Ho Pt,4,0.5,36,465.3058,P-62m,hexagonal,-0.8242,-0.0142,2.2,0.31,,,,,,
e7e8df7bf9,Dy3Y(Fe5P3)4,Dy3Fe20P12Y1,P Fe Y Dy,4,0.556,36,444.6827,Pm,monoclinic,-0.7393,-0.0106,1.89,0.31,,,,,,
329adb3328,ErLuFe6Co,Co2Er2Fe12Lu2,Fe Co Er Lu,4,0.667,18,267.5988,Cm,monoclinic,-0.1388,-0.0163,1.88,0.31,,,,,,
169b658068,TbYFe6Co,Co2Fe12Tb2Y2,Fe Co Y Tb,4,0.667,18,269.7859,Cm,monoclinic,-0.0886,-0.0159,1.87,0.31,,,,,,
c041785bf6,Tm4CrFe19P12,Cr1Fe19P12Tm4,P Cr Fe Tm,4,0.528,36,440.7871,Pm,monoclinic,-0.7572,-0.0079,1.8,0.31,,,,,,
0554ddb11e,HoHf2Ga2Fe7,Fe7Ga2Hf2Ho1,Fe Ga Ho Hf,4,0.583,12,176.0381,R-3m,trigonal,-0.3416,-0.0091,1.64,0.31,,,,,,
65fc334626,Ho2Tm2Fe13Co,Co1Fe13Ho2Tm2,Fe Co Ho Tm,4,0.722,18,261.9017,R-3m,trigonal,-0.1092,-0.0093,2.73,0.3,,,,,,
726ec31c08,Er3TmFe13Co,Co1Er3Fe13Tm1,Fe Co Er Tm,4,0.722,18,264.0572,R3m,trigonal,-0.1127,-0.0109,2.71,0.3,,,,,,
0b091ec550,DyTm3(Fe5P3)4,Dy1Fe20P12Tm3,P Fe Dy Tm,4,0.556,36,439.5756,Pm,monoclinic,-0.7493,-0.001,1.94,0.29,,,,,,
0d22a40dac,HoTm3(Fe5P3)4,Fe20Ho1P12Tm3,P Fe Ho Tm,4,0.556,36,441.2299,Pm,monoclinic,-0.7505,-0.0008,1.93,0.29,,,,,,
a59977f1b0,ErScFe6(SiB)2,B2Er1Fe6Sc1Si2,B Si Sc Fe Er,5,0.5,12,147.6925,P6/mmm,hexagonal,-0.5031,-0.0131,1.7,0.28,,,,,,
e436793186,TbBe3(NbFe3)2,Be3Fe6Nb2Tb1,Be Fe Nb Tb,4,0.5,12,151.1765,R-3m,trigonal,-0.1883,-0.0133,1.67,0.28,,,,,,
b2e0eebdc7,YErFe6(SiB)2,B2Er1Fe6Si2Y1,B Si Fe Y Er,5,0.5,12,151.4398,P6/mmm,hexagonal,-0.4859,-0.021,1.66,0.28,,,,,,
197528bf3d,Tm3Fe8Os,Fe8Os1Tm3,Fe Tm Os,3,0.667,12,182.3106,R-3m,trigonal,-0.1539,-0.0129,2.42,0.27,agm005991976,15.630351,0.0949067,AFM(5d antiparallel)->ferrimagnet,2.045,-0.479
7d90ee2237,ErTmFe6(SiB)2,B2Er1Fe6Si2Tm1,B Si Fe Er Tm,5,0.5,12,148.9606,P6/mmm,hexagonal,-0.4968,-0.0271,2.24,0.27,,,,,,
0be2f965b2,TbTmFe6(SiB)2,B2Fe6Si2Tb1Tm1,B Si Fe Tb Tm,5,0.5,12,151.3841,P6/mmm,hexagonal,-0.4874,-0.0197,2.2,0.26,,,,,,
28ecce3e03,ErTm(Fe5P3)2,Er2Fe20P12Tm2,P Fe Er Tm,4,0.556,36,440.8706,Pmc2_1,orthorhombic,-0.7507,-0.001,1.96,0.26,,,,,,
dc623cc3fc,Tm2Mn(Fe3P2)3,Fe18Mn2P12Tm4,P Mn Fe Tm,4,0.5,36,441.2035,Pmc2_1,orthorhombic,-0.7632,-0.0131,1.74,0.26,,,,,,
d708be1024,Dy3Y2LuFe18,Dy3Fe18Lu1Y2,Fe Y Dy Lu,4,0.75,24,362.4637,P3m1,trigonal,-0.0791,-0.002,2.18,0.25,,,,,,
f513b018be,Dy2Y3HoFe18,Dy2Fe18Ho1Y3,Fe Y Dy Ho,4,0.75,24,364.0279,P3m1,trigonal,-0.0684,-0.0008,2.17,0.25,,,,,,
47d4df2590,DyYFe6,Dy3Fe18Y3,Fe Y Dy,3,0.75,24,366.3653,P3m1,trigonal,-0.0659,-0.0007,2.16,0.25,,,,,,
3cc39ebb4b,TbTmAl2(Fe3B)2,Al2B2Fe6Tb1Tm1,B Al Fe Tb Tm,5,0.5,12,157.994,P6/mmm,hexagonal,-0.3765,-0.0246,2.11,0.25,,,,,,
096dd261a4,YTm4Fe18CoP12,Co1Fe18P12Tm4Y1,P Fe Co Y Tm,5,0.5,36,452.3446,Amm2,orthorhombic,-0.8117,-0.0129,1.7,0.25,,,,,,
1916e52e62,YEr2Fe7B2,B2Er2Fe7Y1,B Fe Y Er,4,0.583,12,163.4521,R3m,trigonal,-0.2551,-0.0067,2.33,0.24,,,,,,
63c789b63c,Tb2LuFe7B2,B4Fe14Lu2Tb4,B Fe Tb Lu,4,0.583,24,326.988,P-3m1,trigonal,-0.2483,-0.0064,2.33,0.24,,,,,,
502c6cbddf,HoErTm2(Fe5P3)4,Er1Fe20Ho1P12Tm2,P Fe Ho Er Tm,5,0.556,36,440.5786,Pm,monoclinic,-0.7496,-0.0006,1.98,0.24,,,,,,
d589a1c7df,Er2CrFe11P7,Cr1Er2Fe11P7,P Cr Fe Er,4,0.524,21,252.5124,Pm,monoclinic,-0.7304,-0.0092,1.9,0.24,,,,,,
ce9eac34e7,Tm2Lu(Fe3P2)3,Fe18Lu2P12Tm4,P Fe Tm Lu,4,0.5,36,466.8096,Pmm2,orthorhombic,-0.8374,-0.0064,1.64,0.24,,,,,,
88c116403b,YEr5Fe18,Er5Fe18Y1,Fe Y Er,3,0.75,24,359.4966,P-6m2,hexagonal,-0.0943,-0.0013,2.68,0.23,,,,,,
6f80e153ab,Tm6Fe16Co7,Co7Fe16Tm6,Fe Co Tm,3,0.552,29,419.3422,Fm-3m,cubic,-0.1532,-0.0166,2.1,0.23,,,,,,
20243c1709,Er2MnFe11P7,Er2Fe11Mn1P7,P Mn Fe Er,4,0.524,21,252.9659,Pm,monoclinic,-0.7311,-0.01,1.89,0.23,,,,,,
84066e3db3,Tb2VFe11P7,Fe11P7Tb2V1,P V Fe Tb,4,0.524,21,257.2331,Pm,monoclinic,-0.7503,-0.0041,1.86,0.23,,,,,,
2c7e03b439,Tb2TiFe11P7,Fe11P7Tb2Ti1,P Ti Fe Tb,4,0.524,21,261.2623,Pm,monoclinic,-0.785,-0.0033,1.83,0.23,,,,,,
bdb13c5880,TbZr2(AlFe2)3,Al3Fe6Tb1Zr2,Al Fe Zr Tb,4,0.5,12,181.593,R-3m,trigonal,-0.3591,-0.0092,1.39,0.23,,,,,,
3bf92eea85,TbLu(Fe3Ge2)2,Fe6Ge4Lu1Tb1,Fe Ge Tb Lu,4,0.5,12,185.4237,P-6m2,hexagonal,-0.3948,-0.0334,1.36,0.23,,,,,,
5a6b93738c,HoFe4Si,Fe4Ho1Si1,Si Fe Ho,3,0.667,6,84.0564,Cmmm,orthorhombic,-0.3308,-0.0212,2.55,0.22,agm088754393,7.3652444,0.049248114,AFM(5d antiparallel)->ferrimagnet,1.968,-0.364
eff9589013,DyFe4Si,Dy1Fe4Si1,Si Fe Dy,3,0.667,6,84.8239,Cmmm,orthorhombic,-0.3241,-0.0171,2.53,0.22,,,,,,
33446d7e99,Y2Ho(TmFe6)3,Fe18Ho1Tm3Y2,Fe Y Ho Tm,4,0.75,24,359.4315,P3m1,trigonal,-0.0959,-0.0044,2.23,0.22,,,,,,
69634ff2f1,DyY2(TmFe6)3,Dy1Fe18Tm3Y2,Fe Y Dy Tm,4,0.75,24,359.4382,P3m1,trigonal,-0.0929,-0.0039,2.23,0.22,,,,,,
6d1180698e,Er2ScFe7Co2,Co2Er2Fe7Sc1,Sc Fe Co Er,4,0.583,12,174.6371,Cm,monoclinic,-0.1761,-0.0127,2.18,0.22,,,,,,
9f00fe368c,Tb2Y2Fe11Co3,Co3Fe11Tb2Y2,Fe Co Y Tb,4,0.611,18,270.4566,P1,triclinic,-0.0982,-0.0153,1.77,0.22,,,,,,
e8ff5b59d8,Tb2Tm2Fe13Co,Co1Fe13Tb2Tm2,Fe Co Tb Tm,4,0.722,18,265.4114,R-3m,trigonal,-0.0986,-0.0133,2.6,0.21,,,,,,
5a0a9002d2,HoAlFe4,Al1Fe4Ho1,Al Fe Ho,3,0.667,6,88.287,Cmmm,orthorhombic,-0.236,-0.0482,2.43,0.21,agm002367715,7.298335,0.05522716,AFM(5d antiparallel)->ferrimagnet,1.953,-0.391
ebc4ef448a,HoGaFe4,Fe4Ga1Ho1,Fe Ga Ho,3,0.667,6,88.3363,Cmmm,orthorhombic,-0.2294,-0.0199,2.43,0.21,agm001174806,7.5463753,0.11558952,AFM(5d antiparallel)->ferrimagnet,2.009,-0.403
ea6fe0e101,DyAlFe4,Al1Dy1Fe4,Al Fe Dy,3,0.667,6,88.8385,Cmmm,orthorhombic,-0.2295,-0.0511,2.41,0.21,agm077625729,7.3937407,0.0,AFM(5d antiparallel)->ferrimagnet,1.99,-0.317
15ad9f8792,HoTm(Fe5P3)2,Fe20Ho2P12Tm2,P Fe Ho Tm,4,0.556,36,440.8473,Pmc2_1,orthorhombic,-0.7488,-0.0005,2.01,0.21,,,,,,
30869c61ed,ErTm3Mn2(Fe3P2)6,Er1Fe18Mn2P12Tm3,P Mn Fe Er Tm,5,0.5,36,441.8361,Pm,monoclinic,-0.7624,-0.0128,1.79,0.21,,,,,,
008cc75c5f,Ho2LuFe8Os,Fe8Ho2Lu1Os1,Fe Ho Lu Os,4,0.667,12,182.8358,R3m,trigonal,-0.1454,-0.0185,2.35,0.2,,,,,,
02a6435975,Tm5Lu(Fe7B2)2,B4Fe14Lu1Tm5,B Fe Tm Lu,4,0.583,24,323.9844,P3m1,trigonal,-0.2877,-0.0138,2.32,0.2,,,,,,
96fb5030c8,Dy2YFe8Os,Dy2Fe8Os1Y1,Fe Y Dy Os,4,0.667,12,185.7132,R-3m,trigonal,-0.1092,-0.0154,2.31,0.2,,,,,,
ba37bd7ede,YHo2Fe8Os,Fe8Ho2Os1Y1,Fe Y Ho Os,4,0.667,12,185.8757,R-3m,trigonal,-0.122,-0.0182,2.31,0.2,,,,,,
33c5a0779b,TmFe4Si,Fe4Si1Tm1,Si Fe Tm,3,0.667,6,83.4664,Cmmm,orthorhombic,-0.343,-0.0341,2.15,0.2,agm003752443,12.670155,0.20100464,AFM(5d antiparallel)->ferrimagnet,1.704,-0.326
775b749060,Dy3YCr2(Fe3P2)6,Cr2Dy3Fe18P12Y1,P Cr Fe Y Dy,5,0.5,36,447.25,Pm,monoclinic,-0.7508,-0.0126,1.77,0.2,,,,,,
1a91f98861,HoTa2(BeFe2)3,Be3Fe6Ho1Ta2,Be Fe Ho Ta,4,0.5,12,149.957,R-3m,trigonal,-0.2344,-0.0261,1.76,0.2,,,,,,
aefb894080,ErTmScFe9,Er1Fe9Sc1Tm1,Sc Fe Er Tm,4,0.75,12,174.0803,R3m,trigonal,-0.1403,-0.0007,2.34,0.19,,,,,,
e39b837602,TbTmZrFe9,Fe9Tb1Tm1Zr1,Fe Zr Tb Tm,4,0.75,12,176.472,R3m,trigonal,-0.1395,-0.0132,2.3,0.19,,,,,,
753fc31f27,TbTmLuFe9,Fe9Lu1Tb1Tm1,Fe Tb Tm Lu,4,0.75,12,179.4153,R3m,trigonal,-0.1083,-0.0084,2.27,0.19,,,,,,
c3b0ebc45d,YErTmFe9,Er1Fe9Tm1Y1,Fe Y Er Tm,4,0.75,12,179.4937,R3m,trigonal,-0.0949,-0.0034,2.27,0.19,,,,,,
2c72c0527c,Tm3Lu(Fe6Co)2,Co2Fe12Lu1Tm3,Fe Co Tm Lu,4,0.667,18,261.8605,Cm,monoclinic,-0.1385,-0.0134,2.06,0.19,,,,,,
d827f5719b,TmGaFe4,Fe4Ga1Tm1,Fe Ga Tm,3,0.667,6,87.1014,Cmmm,orthorhombic,-0.2368,-0.0295,2.06,0.19,agm001174823,7.484782,0.09645251,AFM(5d antiparallel)->ferrimagnet,1.988,-0.422
0c680d0d4c,TbDyFe11NiP7,Dy1Fe11Ni1P7Tb1,P Fe Ni Tb Dy,5,0.524,21,254.2596,Pm,monoclinic,-0.7272,-0.0169,1.93,0.19,,,,,,
7a125e2496,Er5Fe18CoP12,Co1Er5Fe18P12,P Fe Co Er,4,0.5,36,455.2905,P-62m,hexagonal,-0.8118,-0.0163,2.12,0.18,,,,,,
b3f45e7b51,GdGaFe4,Fe4Ga1Gd1,Fe Ga Gd,3,0.667,6,88.287,Cmmm,orthorhombic,-0.2189,-0.0092,2.03,0.18,agm001174805,14.665491,0.17329712,FM(5d parallel),2.02,6.753
ff39b00188,GdAlFe4,Al1Fe4Gd1,Al Fe Gd,3,0.667,6,90.1028,Cmmm,orthorhombic,-0.1925,-0.0511,1.99,0.18,agm001170630,14.537143,0.11892628,FM(5d parallel),1.987,6.77
a4d52ea86a,YTm2Fe8Os,Fe8Os1Tm2Y1,Fe Y Tm Os,4,0.667,12,183.6819,R-3m,trigonal,-0.1442,-0.0206,1.95,0.18,,,,,,
cd949914ba,YTm2Fe8Ru,Fe8Ru1Tm2Y1,Fe Y Ru Tm,4,0.667,12,183.8116,R-3m,trigonal,-0.1416,-0.0094,1.95,0.18,,,,,,
fa11f36d1c,TmLuFe4,Fe4Lu1Tm1,Fe Tm Lu,3,0.667,6,92.3979,F-43m,cubic,-0.1586,0.0005,1.94,0.18,agm001175195,6.24097,0.0,AFM(5d antiparallel)->ferrimagnet,1.843,-0.596
89edbdf14a,DyTm3Fe18(P6Ru)2,Dy1Fe18P12Ru2Tm3,P Fe Ru Dy Tm,5,0.5,36,445.9641,Pm,monoclinic,-0.7649,-0.0093,1.8,0.18,,,,,,
82eae46ef6,HoHf2(Fe2Si)3,Fe6Hf2Ho1Si3,Si Fe Ho Hf,4,0.5,12,167.5232,R-3m,trigonal,-0.5626,-0.0075,1.57,0.18,,,,,,
28e3ec6bab,HoSc2(Fe2Si)3,Fe6Ho1Sc2Si3,Si Sc Fe Ho,4,0.5,12,169.9375,R-3m,trigonal,-0.5217,-0.0023,1.55,0.18,,,,,,
4d6dbea893,HoZr2(Fe2Si)3,Fe6Ho1Si3Zr2,Si Fe Zr Ho,4,0.5,12,169.7177,R-3m,trigonal,-0.5394,-0.0015,1.55,0.18,,,,,,
8c68a929a3,Tb3YFe11Co3,Co3Fe11Tb3Y1,Fe Co Y Tb,4,0.611,18,271.6598,P1,triclinic,-0.0968,-0.0157,2.15,0.17,,,,,,
60f3f09411,Tm6Al6Fe17,Al6Fe17Tm6,Al Fe Tm,3,0.586,29,432.2802,Imm2,orthorhombic,-0.2644,-0.0129,2.09,0.17,,,,,,
bde0023a89,HoZr2(AlFe2)3,Al3Fe6Ho1Zr2,Al Fe Zr Ho,4,0.5,12,181.3804,R-3m,trigonal,-0.3666,-0.0172,1.45,0.17,,,,,,
e40a92f8cd,DyZr2(AlFe2)3,Al3Dy1Fe6Zr2,Al Fe Zr Dy,4,0.5,12,181.3804,R-3m,trigonal,-0.3632,-0.0136,1.45,0.17,,,,,,
4f9a395771,TbHo(Fe4B)2,B2Fe8Ho1Tb1,B Fe Tb Ho,4,0.667,12,156.3466,P6/mmm,hexagonal,-0.2367,-0.0197,2.67,0.16,,,,,,
e1ed214437,TbDy(Fe4B)2,B2Dy1Fe8Tb1,B Fe Tb Dy,4,0.667,12,156.7167,P6/mmm,hexagonal,-0.2317,-0.0188,2.66,0.16,,,,,,
6e63a6a131,Ho2Fe11NiP7,Fe11Ho2Ni1P7,P Fe Ni Ho,4,0.524,21,254.1476,Pm,monoclinic,-0.7325,-0.0174,1.98,0.14,,,,,,
afca34e75c,Dy2Fe11CoP7,Co1Dy2Fe11P7,P Fe Co Dy,4,0.524,21,253.4289,Pm,monoclinic,-0.7275,-0.0119,1.98,0.14,,,,,,
b09b04f5a8,Dy2Fe11NiP7,Dy2Fe11Ni1P7,P Fe Ni Dy,4,0.524,21,253.9866,Pm,monoclinic,-0.7294,-0.0169,1.98,0.14,,,,,,
7950a597ef,Ho2Fe11P7Os,Fe11Ho2Os1P7,P Fe Ho Os,4,0.524,21,255.0787,Pm,monoclinic,-0.705,-0.0091,1.97,0.14,,,,,,
1c990bf386,Dy2Fe11P7W,Dy2Fe11P7W1,P Fe Dy W,4,0.524,21,257.877,Pm,monoclinic,-0.7091,-0.0179,1.95,0.14,,,,,,
aa635d4fd5,Dy2Mn3Fe11(SiC)3,C3Dy2Fe11Mn3Si3,C Si Mn Fe Dy,5,0.5,22,260.6513,R32,trigonal,-0.3099,-0.0294,1.93,0.14,,,,,,
efc80d4ddd,DyTmScFe9,Dy1Fe9Sc1Tm1,Sc Fe Dy Tm,4,0.75,12,174.4846,R3m,trigonal,-0.1317,-0.002,2.4,0.13,,,,,,
3af5a41d20,HoTmScFe9,Fe9Ho1Sc1Tm1,Sc Fe Ho Tm,4,0.75,12,174.7023,R3m,trigonal,-0.1366,-0.0019,2.39,0.13,,,,,,
8f870269d2,Ho3Tm(Fe5P3)4,Fe20Ho3P12Tm1,P Fe Ho Tm,4,0.556,36,442.7616,Pm,monoclinic,-0.7464,0.0004,2.08,0.13,,,,,,
9d695eda6e,Dy3Tm(Fe5P3)4,Dy3Fe20P12Tm1,P Fe Dy Tm,4,0.556,36,443.4465,Pm,monoclinic,-0.7429,-0.0002,2.08,0.13,,,,,,
d90b154432,Er4TmFe18CoP12,Co1Er4Fe18P12Tm1,P Fe Co Er Tm,5,0.5,36,454.3601,P-6,hexagonal,-0.8127,-0.0165,2.07,0.13,,,,,,
f844335cce,DyTmLuFe9,Dy1Fe9Lu1Tm1,Fe Dy Tm Lu,4,0.75,12,178.135,R3m,trigonal,-0.111,-0.006,2.35,0.12,,,,,,
4278eef4a9,HoTmLuFe9,Fe9Ho1Lu1Tm1,Fe Ho Tm Lu,4,0.75,12,179.1115,R3m,trigonal,-0.1158,-0.0059,2.34,0.12,,,,,,
9d96234b91,YHoTmFe9,Fe9Ho1Tm1Y1,Fe Y Ho Tm,4,0.75,12,181.0021,R3m,trigonal,-0.0906,-0.0041,2.31,0.12,,,,,,
0ad66247ee,Tm6Al5Fe18,Al5Fe18Tm6,Al Fe Tm,3,0.621,29,432.9443,R3m,trigonal,-0.2395,-0.0134,2.15,0.11,,,,,,
c6dd1c78ca,HoEr(Fe5P3)2,Er2Fe20Ho2P12,P Fe Ho Er,4,0.556,36,441.7975,Pmc2_1,orthorhombic,-0.7473,-0.0004,2.11,0.11,,,,,,
083db865ed,TmFe3SiB,B2Fe6Si2Tm2,B Si Fe Tm,4,0.5,12,149.2395,P6/mmm,hexagonal,-0.5012,-0.0318,2.08,0.11,,,,,,
76b8314609,Y3Ho3(Fe8Co)2,Co2Fe16Ho3Y3,Fe Co Y Ho,4,0.667,24,365.757,P3m1,trigonal,-0.1035,-0.0128,2.03,0.11,,,,,,
42e5df5150,Dy2Y(TmFe6)3,Dy2Fe18Tm3Y1,Fe Y Dy Tm,4,0.75,24,361.4028,P3m1,trigonal,-0.0935,-0.0031,2.54,0.1,,,,,,
24e3dd9374,TmAlFe3B,Al2B2Fe6Tm2,B Al Fe Tm,4,0.5,12,157.182,P6/mmm,hexagonal,-0.3849,-0.0244,1.97,0.1,,,,,,
b7f20c41ad,HoTmCr(Fe3P2)3,Cr2Fe18Ho2P12Tm2,P Cr Fe Ho Tm,5,0.5,36,444.5817,Pmc2_1,orthorhombic,-0.7596,-0.0139,1.88,0.1,,,,,,
bf57fe15dd,DyTmCr(Fe3P2)3,Cr2Dy2Fe18P12Tm2,P Cr Fe Dy Tm,5,0.5,36,445.2981,Pmc2_1,orthorhombic,-0.7567,-0.0128,1.88,0.1,,,,,,
b89bc6b098,TbEr(Fe4B)2,B2Er1Fe8Tb1,B Fe Tb Er,4,0.667,12,156.3716,P6/mmm,hexagonal,-0.2412,-0.0117,2.59,0.09,,,,,,
dc0c172d92,Tb3Al(Fe6B)2,Al1B2Fe12Tb3,B Al Fe Tb,4,0.667,18,243.6487,Cmmm,orthorhombic,-0.2175,-0.021,2.5,0.09,,,,,,
8f56fecccb,YTm5Fe18,Fe18Tm5Y1,Fe Y Tm,3,0.75,24,356.8536,P-6m2,hexagonal,-0.1074,-0.0021,2.38,0.09,,,,,,
a6611a534a,TmLuFe3Co,Co1Fe3Lu1Tm1,Fe Co Tm Lu,4,0.5,6,92.9637,R3m,trigonal,-0.2079,-0.0187,1.67,0.09,,,,,,
de0662848d,TbFe4Si,Fe4Si1Tb1,Si Fe Tb,3,0.667,6,85.1957,Cmmm,orthorhombic,-0.3168,-0.013,2.38,0.08,,,,,,
28210daaeb,TbAlFe4,Al1Fe4Tb1,Al Fe Tb,3,0.667,6,89.039,Cmmm,orthorhombic,-0.2232,-0.0544,2.28,0.08,agm088888227,7.4017086,0.0,AFM(5d antiparallel)->ferrimagnet,1.994,-0.306
1ab6d8d457,Er2LuFe8Ru,Er2Fe8Lu1Ru1,Fe Ru Er Lu,4,0.667,12,182.5416,R3m,trigonal,-0.1529,-0.0085,2.22,0.08,,,,,,
ff5c556ede,Tb2LuFe8Os,Fe8Lu1Os1Tb2,Fe Tb Lu Os,4,0.667,12,184.4123,R3m,trigonal,-0.1255,-0.0187,2.2,0.08,,,,,,
5b4695f3e7,YEr2Fe8Ru,Er2Fe8Ru1Y1,Fe Y Ru Er,4,0.667,12,185.0839,R-3m,trigonal,-0.1325,-0.0068,2.19,0.08,,,,,,
a8c89b0f37,ErLuFe4,Er1Fe4Lu1,Fe Er Lu,3,0.667,6,92.9554,F-43m,cubic,-0.1472,0.0007,2.18,0.08,agm001174781,6.364506,0.00043251,AFM(5d antiparallel)->ferrimagnet,1.875,-0.583
d8d74fd71d,Ho3Er(Fe5P3)4,Er1Fe20Ho3P12,P Fe Ho Er,4,0.556,36,442.8213,Pm,monoclinic,-0.7457,0.0004,2.13,0.08,,,,,,
5d228cc367,TbDy3(Fe5P3)4,Dy3Fe20P12Tb1,P Fe Tb Dy,4,0.556,36,445.3903,Pm,monoclinic,-0.7394,-0.0007,2.12,0.08,,,,,,
9af882f309,Ho2Tm3Fe18CoP12,Co1Fe18Ho2P12Tm3,P Fe Co Ho Tm,5,0.5,36,454.4685,P-62m,hexagonal,-0.8121,-0.0149,2.02,0.08,,,,,,
5040a969b2,Dy2ZrFe9,Dy2Fe9Zr1,Fe Zr Dy,3,0.75,12,178.1508,R3m,trigonal,-0.1213,-0.0049,2.54,0.07,agm005931426,33.55193,0.05332521,AFM(5d antiparallel)->ferrimagnet,2.079,-0.522
3bbf2fa004,Tb2YFe8Os,Fe8Os1Tb2Y1,Fe Y Tb Os,4,0.667,12,188.1846,R-3m,trigonal,-0.0972,-0.0134,2.16,0.07,,,,,,
0ea0b45a0d,Tm5Fe18CoP12,Co1Fe18P12Tm5,P Fe Co Tm,4,0.5,36,451.8035,P-62m,hexagonal,-0.816,-0.0185,1.88,0.07,,,,,,
d400c0be36,Tm5Fe18P12Pt,Fe18P12Pt1Tm5,P Fe Tm Pt,4,0.5,36,459.2674,P-62m,hexagonal,-0.8306,-0.0156,1.85,0.07,,,,,,
0543a62791,TbTm(Fe4B)2,B2Fe8Tb1Tm1,B Fe Tb Tm,4,0.667,12,155.5,P6/mmm,hexagonal,-0.2457,-0.012,2.46,0.06,,,,,,
22bf868db7,Tb2YFe9,Fe9Tb2Y1,Fe Y Tb,3,0.75,12,183.916,R-3m,trigonal,-0.0572,-0.0006,2.34,0.06,agm055968704,17.473982,0.00040946915,AFM(5d antiparallel)->ferrimagnet,2.151,-0.486
082a5d8b38,Ho2Cr(Fe3P2)3,Cr2Fe18Ho4P12,P Cr Fe Ho,4,0.5,36,445.7481,Pmc2_1,orthorhombic,-0.7561,-0.0133,2.03,0.06,,,,,,
801945ed5f,Dy2Mn(Fe3P2)3,Dy4Fe18Mn2P12,P Mn Fe Dy,4,0.5,36,446.251,Pmc2_1,orthorhombic,-0.7521,-0.0128,2.03,0.06,,,,,,
d599ff8b4e,Dy2Cr(Fe3P2)3,Cr2Dy4Fe18P12,P Cr Fe Dy,4,0.5,36,446.2743,Pmc2_1,orthorhombic,-0.7519,-0.0136,2.03,0.06,,,,,,
640f6a8299,Dy2Fe9P6Ru,Dy4Fe18P12Ru2,P Fe Ru Dy,4,0.5,36,450.2897,Pmc2_1,orthorhombic,-0.7575,-0.0106,2.01,0.06,,,,,,
f443e83d17,Ho2V(Fe3P2)3,Fe18Ho4P12V2,P V Fe Ho,4,0.5,36,450.099,Pmc2_1,orthorhombic,-0.7903,-0.0061,2.01,0.06,,,,,,
64808d2050,Dy2Ti(Fe3P2)3,Dy4Fe18P12Ti2,P Ti Fe Dy,4,0.5,36,456.3578,Pmc2_1,orthorhombic,-0.8287,-0.007,1.99,0.06,,,,,,
212d6129fe,Dy3Ho(Fe5P3)4,Dy3Fe20Ho1P12,P Fe Dy Ho,4,0.556,36,445.39,Pm,monoclinic,-0.7417,-0.0004,2.15,0.05,,,,,,
3c08bf5d29,Er2Mn(Fe3P2)3,Er4Fe18Mn2P12,P Mn Fe Er,4,0.5,36,443.6478,Pmc2_1,orthorhombic,-0.7603,-0.0129,1.94,0.05,,,,,,
f1567b6c91,Er2Cr(Fe3P2)3,Cr2Er4Fe18P12,P Cr Fe Er,4,0.5,36,445.4595,Pmc2_1,orthorhombic,-0.7597,-0.0145,1.93,0.05,,,,,,
ae614e2b6a,TbY(GaFe2)2,Fe4Ga2Tb1Y1,Fe Ga Y Tb,4,0.5,8,135.56,Pmm2,orthorhombic,-0.3328,-0.0089,1.5,0.05,,,,,,
235ecf6db0,YEr2(TmFe6)3,Er2Fe18Tm3Y1,Fe Y Er Tm,4,0.75,24,359.1877,P3m1,trigonal,-0.1031,-0.0027,2.49,0.04,,,,,,
a027ed1511,Tb2Y(TmFe6)3,Fe18Tb2Tm3Y1,Fe Y Tb Tm,4,0.75,24,360.4542,P3m1,trigonal,-0.0883,-0.0029,2.48,0.04,,,,,,
48922e838f,Tm2Fe7Si4Ni,Fe7Ni1Si4Tm2,Si Fe Ni Tm,4,0.5,14,186.0259,Pm,monoclinic,-0.4987,0.0015,1.8,0.04,,,,,,
406826a65f,Tm2Fe7Si4Os,Fe7Os1Si4Tm2,Si Fe Tm Os,4,0.5,14,190.8293,Pm,monoclinic,-0.4819,-0.0063,1.75,0.04,,,,,,
923c03e89b,Dy3ScFe14,Dy3Fe14Sc1,Sc Fe Dy,3,0.778,18,260.3273,R3m,trigonal,-0.0934,-0.0015,2.66,0.03,,,,,,
b909378f4b,Dy3LuFe14,Dy3Fe14Lu1,Fe Dy Lu,3,0.778,18,264.9349,R3m,trigonal,-0.0811,-0.0057,2.61,0.03,,,,,,
389f97458e,TbDy3Cr2(Fe3P2)6,Cr2Dy3Fe18P12Tb1,P Cr Fe Tb Dy,5,0.5,36,449.7499,Pm,monoclinic,-0.7507,-0.013,1.99,0.03,,,,,,
27eb020986,Er2Tm3Fe18CoP12,Co1Er2Fe18P12Tm3,P Fe Co Er Tm,5,0.5,36,452.8742,P-62m,hexagonal,-0.8144,-0.0168,1.98,0.03,,,,,,
45f12f3011,TbDy3CrFe19P12,Cr1Dy3Fe19P12Tb1,P Cr Fe Tb Dy,5,0.528,36,445.7578,Pm,monoclinic,-0.7449,-0.0067,2.06,0.02,,,,,,
17c9c35ee2,Dy3TmCr2(Fe3P2)6,Cr2Dy3Fe18P12Tm1,P Cr Fe Dy Tm,5,0.5,36,446.5748,Pm,monoclinic,-0.7548,-0.0137,1.95,0.02,,,,,,
4926845d70,TbDyYFe9,Dy1Fe9Tb1Y1,Fe Y Tb Dy,4,0.75,12,183.2101,R3m,trigonal,-0.0625,-0.0009,2.41,0.01,,,,,,
4200cc1e0b,YEr3Fe13Co,Co1Er3Fe13Y1,Fe Co Y Er,4,0.722,18,266.4035,R3m,trigonal,-0.1043,-0.0137,2.38,0.01,,,,,,
3a011b8ff7,HoErV(Fe3P2)3,Er2Fe18Ho2P12V2,P V Fe Ho Er,5,0.5,36,447.2351,Pmc2_1,orthorhombic,-0.792,-0.0062,1.98,0.01,,,,,,
49c45097cb,DyErCr(Fe3P2)3,Cr2Dy2Er2Fe18P12,P Cr Fe Dy Er,5,0.5,36,445.8098,Pmc2_1,orthorhombic,-0.7561,-0.0136,1.98,0.01,,,,,,
ba391fa1a6,TbDyCr(Fe3P2)3,Cr2Dy2Fe18P12Tb2,P Cr Fe Tb Dy,5,0.5,36,449.3976,Pmc2_1,orthorhombic,-0.7495,-0.0131,1.97,0.01,,,,,,
4932e32eeb,HoTm4Fe18CoP12,Co1Fe18Ho1P12Tm4,P Fe Co Ho Tm,5,0.5,36,451.3113,P-6,hexagonal,-0.8142,-0.0163,1.96,0.01,,,,,,
42627c9bc5,Tm6Al3Fe20,Al3Fe20Tm6,Al Fe Tm,3,0.69,29,425.8271,R3m,trigonal,-0.1854,-0.0104,2.3,0.0,,,,,,
0a4800b38b,Dy4CrFe19P12,Cr1Dy4Fe19P12,P Cr Fe Dy,4,0.528,36,447.0916,Pm,monoclinic,-0.7463,-0.0072,2.08,0.0,,,,,,
0e78131841,Dy4TiFe19P12,Dy4Fe19P12Ti1,P Ti Fe Dy,4,0.528,36,450.8255,Pm,monoclinic,-0.7843,-0.0035,2.07,0.0,agm021086387,4.874129,0.0013581781,fe_moment_collapsed,0.267,-0.023
