class,compound,J_eff,N_TM_nn,TM_per_RE,constrained,credible,dE_per_RE_meV,d_RE_TM_min,d_RE_TM_nn_mean,d_count,f_Fe,gd5d_moment,gd5d_over_4f,m_Gd,m_TM_avg,path,polytype,sum_nn_mTM,vol_per_atom,x_dil
Co,Co17Gd2_sub,0.5487525392996109,19.0,8.5,True,True,228.28,2.9581769249367533,3.0593054939070052,7.0,0.0,0.208,0.030131826741996232,7.055,1.5633529411764706,binary/Dy/Th2Zn17/Co17Gd2_sub,Th2Zn17,29.4825,12.635770369711121,0.0
Co,Co23Gd6_sub,0.8636550435237695,12.0,3.8333333333333335,False,True,207.52,2.8037298453513473,2.9181389469350956,7.0,0.0,0.24133333333333332,0.03498260533436413,7.099666666666667,1.4171304347826088,binary/Er/new-Imm2/Co23Gd6_sub,new-Imm2,16.921999999999997,14.001676773126855,0.0
Fe,GdFe2_validation,0.9020525242006482,12.0,2.0,False,True,352.09,3.0594516173488002,3.0595097462509773,6.0,1.0,0.32,0.0463768115942029,7.193,2.261,binary/Gd/Laves-C15/GdFe2_validation,Laves-C15,27.131999999999994,16.746544738252975,0.0
Co,Co17Gd2_sub,0.5507009953451832,19.0,8.5,True,True,229.43,2.962399073469195,3.0667348070139124,7.0,0.0,0.2085,0.03020425901781834,7.056,1.5653529411764704,binary/Tb/Th2Zn17/Co17Gd2_sub,Th2Zn17,29.522,12.709810257200491,0.0
Fe+Co,CoFe3GdY_sub,0.9897481090345196,12.0,4.0,False,True,344.95,3.018653237100902,3.0201771643768907,6.25,0.75,0.291,0.042186140910408815,7.158,2.0287499999999996,quaternary/Dy/CaCu5-RT4X/CoFe3GdY_sub,CaCu5-RT4X,24.34499999999999,16.11538759596343,0.16666666666666663
Fe,C2Fe14Ga3Gd2_sub,0.4256950342322256,15.0,7.0,False,True,169.31,3.0615349130164153,3.1730410299581773,6.0,1.0,0.1795,0.02601260778204478,7.0095,1.9365000000000003,quaternary/Dy/new-Cm/C2Fe14Ga3Gd2_sub,new-Cm,28.370499999999996,12.7400989233881,0.23809523809523814
Fe,Fe18GdHf4Y_sub,0.46636188117074373,18.0,18.0,False,True,247.47,2.8804286674805457,3.100677050893064,6.0,1.0,0.202,0.029283850391417805,7.056,2.0202222222222224,quaternary/Dy/new-P-6m2/Fe18GdHf4Y_sub,new-P-6m2,37.60200000000001,14.250097056863753,0.20833333333333337
Fe,B2Fe7GdLu2_sub,0.6944995227909587,12.0,7.0,False,True,216.88,2.9623740792161133,2.9623764485791795,6.0,1.0,0.204,0.029603831084022637,7.041,1.8967142857142854,quaternary/Dy/new-P6_3_mmc/B2Fe7GdLu2_sub,new-P6_3_mmc,22.176,13.474673120293495,0.33333333333333337
Fe,B2Fe7GdY2_sub,0.7024575076302869,12.0,7.0,False,True,222.11,2.9698641629116884,2.9701593178671772,6.0,1.0,0.211,0.030610764543740027,7.049,1.9174285714285715,quaternary/Dy/new-P6_3_mmc/B2Fe7GdY2_sub,new-P6_3_mmc,22.428,13.816324057016418,0.33333333333333337
Fe,Fe8GdLu2Ru_sub,0.5103745561760828,18.0,8.0,False,True,283.56,2.9279639837065963,3.1269644637840646,6.0,1.0,0.217,0.03144471815678887,7.074,2.1552499999999997,quaternary/Dy/new-R-3m/Fe8GdLu2Ru_sub,new-R-3m,39.27,15.204568741550672,0.25
Fe,Al3C3Fe14Gd2_sub,0.3717440448154203,16.0,7.0,False,True,148.86,3.0990575877679873,3.1646534653731315,6.0,1.0,0.162,0.023481664009276707,6.9905,1.8077857142857146,quaternary/Dy/new-R3m/Al3C3Fe14Gd2_sub,new-R3m,28.6415,12.28179458955173,0.2727272727272727
Fe,C3Fe14Gd2Si3_sub,0.3327399878497262,16.0,7.0,False,True,127.68,3.078216082253184,3.141012222100308,6.0,1.0,0.1515,0.021967664757485683,6.9745,1.7522857142857144,quaternary/Dy/new-R3m/C3Fe14Gd2Si3_sub,new-R3m,27.509000000000007,11.91867923908108,0.2727272727272727
Fe,Fe9GdHfZr_sub,0.48586181041713633,18.0,9.0,True,True,245.99,2.880178069610031,3.098704616739677,6.0,1.0,0.203,0.029428819947810964,7.056,1.9354444444444445,quaternary/Dy/new-R3m/Fe9GdHfZr_sub,new-R3m,35.877,14.292271884570551,0.16666666666666663
Fe,Fe9GdLuSc_sub,0.5411875337673371,18.0,9.0,False,True,281.85,2.9016107461035454,3.108280718744662,6.0,1.0,0.217,0.03145383388896941,7.073,1.9754444444444443,quaternary/Dy/new-R3m/Fe9GdLuSc_sub,new-R3m,36.816,14.51953667688315,0.16666666666666663
Fe,Fe9GdLuTi_sub,0.49687812709321855,18.0,9.0,False,True,265.2,2.8727694639855836,3.0914834317786486,6.0,1.0,0.21,0.030443606842563063,7.065,2.0395555555555553,quaternary/Dy/new-R3m/Fe9GdLuTi_sub,new-R3m,37.772999999999996,14.187612336907813,0.16666666666666663
Fe,Fe9GdNbSc_sub,0.4467951251772843,18.0,9.0,False,True,235.58,2.8582150492836265,3.0831095500928236,6.0,1.0,0.195,0.02827316224445411,7.046,2.0153333333333334,quaternary/Dy/new-R3m/Fe9GdNbSc_sub,new-R3m,37.416,13.97248948955491,0.16666666666666663
Fe,Fe9GdNbTi_sub,0.41679084249527126,18.0,9.0,False,True,216.76,2.8357035787683205,3.073137815926617,6.0,1.0,0.183,0.026540971718636695,7.031,1.9891111111111113,quaternary/Dy/new-R3m/Fe9GdNbTi_sub,new-R3m,36.984,13.67392982612769,0.16666666666666663
Fe,Fe9GdNbZr_sub,0.42626714407236427,18.0,9.0,False,True,227.28,2.864815263416323,3.090670260017691,6.0,1.0,0.191,0.02769319994200377,7.041,2.0457777777777775,quaternary/Dy/new-R3m/Fe9GdNbZr_sub,new-R3m,37.863,14.075663187133683,0.16666666666666663
Fe,Fe9GdTiZr_sub,0.4612709817360395,18.0,9.0,False,True,247.53,2.863236026819053,3.087986807833476,6.0,1.0,0.201,0.02913888083502465,7.054,2.059333333333333,quaternary/Dy/new-R3m/Fe9GdTiZr_sub,new-R3m,38.037,14.048730068032716,0.16666666666666663
Fe,Al3C2Fe14Gd2_sub,0.22918721218620725,16.0,7.0,False,True,87.64,3.0696037770635596,3.171632621046947,6.0,1.0,0.119,0.017248876648789678,6.938,1.7531428571428571,quaternary/Er/new-C2_m/Al3C2Fe14Gd2_sub,new-C2_m,27.558000000000007,12.654293176467693,0.23809523809523814
Fe,Al3C2Fe14Gd2_sub,0.5643985701029136,15.0,7.0,True,True,163.64,3.0381732724562114,3.1646674415942355,6.0,1.0,0.175,0.025364156822958183,7.005,1.4320000000000002,quaternary/Er/new-Cm/Al3C2Fe14Gd2_sub,new-Cm,20.695,12.61804401708468,0.23809523809523814
Fe+Co,CoFe8GdZr2_sub,0.4771686837543805,18.0,9.0,True,True,240.51,2.865649461454751,3.086941902128482,6.111111111111111,0.8888888888888888,0.202,0.02928809627374221,7.053,1.9388888888888889,quaternary/Er/new-Cm/CoFe8GdZr2_sub,new-Cm,35.732000000000006,14.207345268413496,0.16666666666666663
Fe+Co,Co2Fe16GdY5_sub,1.0274474659760848,12.0,18.0,False,True,357.11,2.950674201086601,2.9916089332368725,6.111111111111111,0.8888888888888888,0.288,0.04176939811457578,7.149,2.174055555555556,quaternary/Er/new-P3m1/Co2Fe16GdY5_sub,new-P3m1,24.309,15.343658205367428,0.20833333333333337
Fe,AlCFe3Gd_sub,0.8704670045546123,12.0,3.0,False,True,197.17,2.8885401456760507,3.0889139290508716,6.0,1.0,0.2155,0.031263600754388506,7.048500000000001,1.3390000000000002,quaternary/Er/new-P6_mmm/AlCFe3Gd_sub,new-P6_mmm,16.068,12.825484776807562,0.33333333333333337
Fe,CFe3GaGd_sub,0.8623297548277871,12.0,3.0,False,True,195.82,2.880962168587228,3.0827298927822553,6.0,1.0,0.2175,0.03154917319408181,7.0504999999999995,1.3420000000000003,quaternary/Er/new-P6_mmm/CFe3GaGd_sub,new-P6_mmm,16.104000000000003,12.739422561528174,0.33333333333333337
Fe,C3Fe14Gd2Si3_sub,0.3371191451922642,16.0,7.0,False,True,127.79,3.071890829603752,3.1359805251258903,6.0,1.0,0.151,0.02189675174013921,6.974,1.731,quaternary/Er/new-R-3m/C3Fe14Gd2Si3_sub,new-R-3m,27.177,11.861025196481812,0.2727272727272727
Fe,Be3C3Fe14Gd2_sub,0.3967243458390083,16.0,7.0,True,True,151.68,2.993648462187459,3.0988880825853125,6.0,1.0,0.16,0.02321195415639054,6.984999999999999,1.7252857142857145,quaternary/Er/new-R3m/Be3C3Fe14Gd2_sub,new-R3m,27.367999999999995,11.338693484851767,0.2727272727272727
Fe+Co,CoFe13Gd3Y_sub,0.6364552839337955,14.0,4.666666666666667,True,True,285.22,2.9179500477644607,3.0289859328767443,6.071428571428571,0.9285714285714286,0.248,0.03597157085529179,7.099333333333334,2.337714285714285,quaternary/Er/new-R3m/CoFe13Gd3Y_sub,new-R3m,31.562,14.800195426317195,0.05555555555555558
Fe+Co,CoFe13GdY3_sub,1.0330941391977908,12.0,14.0,False,True,348.22,2.929454394695499,2.979648799903462,6.071428571428571,0.9285714285714286,0.281,0.040760081230055124,7.14,2.1055,quaternary/Er/new-R3m/CoFe13GdY3_sub,new-R3m,23.604,14.89482447507763,0.16666666666666663
Fe,Fe9GdLuNb_sub,0.45383504482735837,18.0,9.0,False,True,245.08,2.8768415154253497,3.096863326189301,6.0,1.0,0.201,0.02913888083502465,7.053,2.068111111111111,quaternary/Er/new-R3m/Fe9GdLuNb_sub,new-R3m,38.28300000000001,14.277052956388895,0.16666666666666663
Fe,Fe9GdTaTi_sub,0.4179864775043808,18.0,9.0,True,True,210.29,2.8217788463610036,3.0605896472541634,6.0,1.0,0.179,0.025964606904554682,7.025,1.9293333333333333,quaternary/Er/new-R3m/Fe9GdTaTi_sub,new-R3m,35.808,13.547420650159593,0.16666666666666663
Fe,C2Fe12Ga5Gd2_nat,0.29416826061384116,13.0,6.0,False,True,106.61,3.135004279669186,3.2402040534626058,6.0,1.0,0.154,0.022299449753837245,6.981,2.0336666666666665,quaternary/Gd/new-C2_m/C2Fe12Ga5Gd2_nat,new-C2_m,25.956999999999997,13.41698180511626,0.33333333333333337
Fe,Al2C3Fe15Gd2_sub,0.37397194971027903,17.0,7.5,True,True,165.62,3.084272016163369,3.165112126239944,6.0,1.0,0.166,0.024064946361264137,6.995,1.8839333333333335,quaternary/Ho/new-C2_m/Al2C3Fe15Gd2_sub,new-C2_m,31.656,12.158771551228467,0.2272727272727273
Fe,AlC3Fe16Gd2_sub,0.3651681380318332,18.0,8.0,True,True,183.12,3.091793158390575,3.1760354541815587,6.0,1.0,0.17,0.024644824586836766,7.001,2.011125,quaternary/Ho/new-C2_m/AlC3Fe16Gd2_sub,new-C2_m,35.81400000000001,12.177839662884441,0.18181818181818177
Fe,Be2C3Fe15Gd2_sub,0.3855489573966951,17.0,7.5,True,True,170.0,3.0397474321544133,3.132503266836117,6.0,1.0,0.165,0.02393038433647571,6.994,1.8783333333333334,quaternary/Ho/new-C2_m/Be2C3Fe15Gd2_sub,new-C2_m,31.522,11.652263847591815,0.2272727272727273
Fe,B4Fe14GdY5_sub,0.9246090650886416,12.0,14.0,False,True,310.42,3.0031281090630197,3.0242930408471853,6.0,1.0,0.26,0.03770848440899203,7.122,1.9202857142857144,quaternary/Ho/new-P3m1/B4Fe14GdY5_sub,new-P3m1,23.570000000000004,13.824771044985203,0.375
Fe,Fe18GdLu3Y2_sub,0.7751614827505812,12.0,18.0,False,True,266.09,2.9207872334394267,2.956330271630518,6.0,1.0,0.287,0.04164852706428675,7.147,1.771888888888889,quaternary/Ho/new-P3m1/Fe18GdLu3Y2_sub,new-P3m1,24.015000000000004,14.93025407380179,0.20833333333333337
Fe,B2Fe8GdLu_sub,0.46663206870396706,18.0,8.0,False,True,248.77,2.9047590084985644,3.1167487533488036,6.0,1.0,0.193,0.027975068850558053,7.044,2.0555,quaternary/Ho/new-P6_mmm/B2Fe8GdLu_sub,new-P6_mmm,37.84199999999999,12.813385520083147,0.25
Fe,Al3Fe6GdZr2_sub,0.7262225099641896,12.0,6.0,False,True,215.37,3.2657783437239507,3.265778800462249,6.0,1.0,0.214,0.03100999855093465,7.061,1.75,quaternary/Ho/new-R-3m/Al3Fe6GdZr2_sub,new-R-3m,21.0,15.115033511788269,0.41666666666666663
Fe,B2Fe7GdLu2_sub,0.6978990683354066,12.0,7.0,False,True,212.81,2.951200738364754,2.951209407834449,6.0,1.0,0.203,0.029462989840348335,7.039,1.8472857142857142,quaternary/Ho/new-R-3m/B2Fe7GdLu2_sub,new-R-3m,21.66,13.36727209573135,0.33333333333333337
Fe,Be3Fe6GdTa2_sub,0.6414839637739013,12.0,6.0,False,True,152.84,3.0561784267623486,3.056179028397096,6.0,1.0,0.164,0.023785351704133432,7.006,1.417,quaternary/Ho/new-R-3m/Be3Fe6GdTa2_sub,new-R-3m,17.004,12.496417988429087,0.41666666666666663
Fe,C3Fe14Ga3Gd2_sub,0.35580827874759346,16.0,7.0,False,True,148.72,3.0967653928418764,3.1691029572670937,6.0,1.0,0.164,0.023768115942028985,6.991,1.8915714285714285,quaternary/Ho/new-R-3m/C3Fe14Ga3Gd2_sub,new-R-3m,29.894000000000005,12.35477639092863,0.2727272727272727
Fe,Fe6GdHf2Si3_sub,0.6334751770341139,12.0,6.0,False,True,159.24,3.1567287663979293,3.15672906365106,6.0,1.0,0.174,0.025243000145074714,7.006,1.495,quaternary/Ho/new-R-3m/Fe6GdHf2Si3_sub,new-R-3m,17.940000000000005,13.960265221567191,0.41666666666666663
Fe,Fe6GdSc2Si3_sub,0.7225876393925335,12.0,6.0,False,True,199.66,3.1607741440710204,3.1607744305209393,6.0,1.0,0.195,0.02828136330674402,7.033,1.6370000000000002,quaternary/Ho/new-R-3m/Fe6GdSc2Si3_sub,new-R-3m,19.644000000000002,14.161454456998195,0.41666666666666663
Fe,Fe6GdSi3Zr2_sub,0.6513216321374796,12.0,6.0,False,True,166.74,3.1606816593200793,3.1606823432557274,6.0,1.0,0.179,0.025964606904554682,7.013,1.521,quaternary/Ho/new-R-3m/Fe6GdSi3Zr2_sub,new-R-3m,18.252000000000002,14.143145075498659,0.41666666666666663
Fe,Fe7Ga2GdHf2_sub,0.7639760451887811,12.0,7.0,False,True,246.05,3.259280863737017,3.2592813666003253,6.0,1.0,0.227,0.03289378350963629,7.074,1.8961428571428574,quaternary/Ho/new-R-3m/Fe7Ga2GdHf2_sub,new-R-3m,22.763999999999996,14.669840936741352,0.33333333333333337
Fe,Fe8GdLu2Os_sub,0.5130192342249478,18.0,8.0,False,True,279.21,2.917907711973451,3.117680630859187,6.0,1.0,0.213,0.0308695652173913,7.07,2.10575,quaternary/Ho/new-R-3m/Fe8GdLu2Os_sub,new-R-3m,38.49000000000001,15.087733069991083,0.25
Fe+Co,CoFe8GdHf2_sub,0.46247516850594295,18.0,9.0,False,True,237.15,2.8609728703872084,3.0895553863746485,6.111111111111111,0.8888888888888888,0.197,0.028559002609452017,7.048,2.0212222222222223,quaternary/Ho/new-R3m/CoFe8GdHf2_sub,new-R3m,36.378,14.149928940351032,0.16666666666666663
Fe,Fe9GdHfNb_sub,0.42332344356753704,18.0,9.0,False,True,221.73,2.852087286323431,3.0815975968129545,6.0,1.0,0.187,0.027117169373549885,7.035,2.0088888888888885,quaternary/Ho/new-R3m/Fe9GdHfNb_sub,new-R3m,37.227,13.922808900693306,0.16666666666666663
Fe,Fe9GdLuZr_sub,0.5097317540281903,18.0,9.0,False,True,273.26,2.901463028163014,3.11040641185461,6.0,1.0,0.216,0.031308885345702274,7.072,2.0477777777777777,quaternary/Ho/new-R3m/Fe9GdLuZr_sub,new-R3m,37.90200000000001,14.593973808788347,0.16666666666666663
Fe,Fe9GdNbTa_sub,0.4006707257366068,18.0,9.0,False,True,201.58,2.8346462175841562,3.0672164148017793,6.0,1.0,0.174,0.025239338555265445,7.018,1.9263333333333332,quaternary/Ho/new-R3m/Fe9GdNbTa_sub,new-R3m,35.84400000000001,13.63542279068128,0.16666666666666663
Fe,Fe9GdScTa_sub,0.4433011666093277,18.0,9.0,False,True,231.69,2.854784497530572,3.0803279252971785,6.0,1.0,0.193,0.02798723897911833,7.043,2.0001111111111114,quaternary/Ho/new-R3m/Fe9GdScTa_sub,new-R3m,37.104000000000006,13.926483100889604,0.16666666666666663
Fe,AlB2Fe12Gd3_sub,0.5668798519036675,14.666666666666666,4.0,True,True,237.39,2.891847397692996,3.066544829492253,6.0,1.0,0.20333333333333337,0.029484267001788394,7.048666666666667,2.0451666666666672,quaternary/Tb/CaCu5-RT4X/AlB2Fe12Gd3_sub,CaCu5-RT4X,29.705333333333332,13.536040331756242,0.16666666666666663
Fe,Ce2Fe29Gd2Si5_sub,0.45954821109264926,16.5,14.5,True,True,217.31,2.933606108288828,3.0667236554873347,6.0,1.0,0.187,0.02711323763955343,7.028499999999999,2.081793103448276,quaternary/Tb/new-Cm/Ce2Fe29Gd2Si5_sub,new-Cm,33.64,13.17479578621417,0.1842105263157895
Fe+Co,Co2Fe12GdY3_sub,1.0404883692271474,12.0,14.0,False,True,339.42,2.9246415785356534,2.98610674286028,6.142857142857143,0.8571428571428571,0.276,0.04002900652646846,7.135,2.1584285714285714,quaternary/Tb/new-Cm/Co2Fe12GdY3_sub,new-Cm,22.86,15.061068531217781,0.16666666666666663
Fe+Co,CoFe6GdY_sub,0.9697341821377667,12.0,7.0,False,True,321.81,2.9173131008322706,2.980316091163738,6.142857142857143,0.8571428571428571,0.2725,0.03952139231327049,7.1325,2.158214285714285,quaternary/Tb/new-Cm/CoFe6GdY_sub,new-Cm,23.263499999999997,14.988105914814485,0.11111111111111116
Fe,Al2Fe8GdRe2_sub,0.5396954191134502,14.0,8.0,False,True,197.2,3.0685628732446397,3.1914614036911826,6.0,1.0,0.194,0.028120017393825192,7.03,1.9322499999999998,quaternary/Tb/new-Immm/Al2Fe8GdRe2_sub,new-Immm,25.987999999999992,13.52795601493019,0.3076923076923077
Fe,B4Fe14GdY5_sub,0.6984428746077236,12.0,14.0,False,True,220.88,2.9699536267244246,2.9704560560736115,6.0,1.0,0.21,0.030465689830262585,7.049,1.9125714285714286,quaternary/Tb/new-P-6m2/B4Fe14GdY5_sub,new-P-6m2,22.432,13.813163441144626,0.375
Fe,Fe6GdGe4Lu_sub,0.502814147307802,8.0,6.0,True,True,96.7,3.36047753301,3.3797173554589506,6.0,1.0,0.142,0.020561830292499274,6.965,1.7969999999999997,quaternary/Tb/new-P-6m2/Fe6GdGe4Lu_sub,new-P-6m2,13.806,15.451971638064437,0.41666666666666663
Fe+Co,Co3Fe11Gd2Y2_sub,0.8309957295545187,12.0,7.0,True,True,291.04,2.912229163522147,2.981050606842544,6.214285714285714,0.7857142857142857,0.259,0.037568900493182476,7.112,2.257285714285714,quaternary/Tb/new-P1/Co3Fe11Gd2Y2_sub,new-P1,24.622499999999995,15.025366306479059,0.11111111111111116
Fe+Co,Co3Fe11Gd3Y_sub,0.653299640245805,14.0,4.666666666666667,True,True,281.34,2.9162071960382443,3.0484412332175514,6.214285714285714,0.7857142857142857,0.24333333333333332,0.03528104006572906,7.096666666666667,2.2727142857142852,quaternary/Tb/new-P1/Co3Fe11Gd3Y_sub,new-P1,30.341333333333328,15.092211085101857,0.05555555555555558
Fe,AlBFe3Gd_sub,0.7423945285390638,12.0,3.0,False,True,212.74,2.9538551909332855,3.1248201580840114,6.0,1.0,0.22,0.03189561435302646,7.0595,1.6913333333333336,quaternary/Tb/new-P6_mmm/AlBFe3Gd_sub,new-P6_mmm,20.296000000000003,13.378172060277356,0.33333333333333337
Fe,B2Fe8GdSm_sub,0.7956621716749445,12.0,8.0,False,True,262.01,2.952352630923949,2.9523527129858196,6.0,1.0,0.22,0.03192106790481718,7.058,2.08025,quaternary/Tb/new-P6_mmm/B2Fe8GdSm_sub,new-P6_mmm,23.327999999999992,13.202497675978874,0.25
Fe,B2Fe8GdY_sub,0.784636952059691,12.0,8.0,False,True,259.03,2.948490811862673,2.9484910384645473,6.0,1.0,0.217,0.03148578061520604,7.054,2.083,quaternary/Tb/new-P6_mmm/B2Fe8GdY_sub,new-P6_mmm,23.399999999999995,13.097483407527827,0.25
Fe,Fe4Ga2GdY_sub,0.6836533107050994,7.0,4.0,False,True,135.3,2.811378181376,3.05882073340983,6.0,1.0,0.183,0.026510212950890916,7.016,2.011,quaternary/Tb/new-Pmm2/Fe4Ga2GdY_sub,new-Pmm2,14.104000000000001,16.94499674368792,0.375
Fe,Al3C3Fe14Gd2_sub,0.370209484833493,16.0,7.0,False,True,150.33,3.1089083488347153,3.173747689788464,6.0,1.0,0.163,0.0236231884057971,6.992,1.8326428571428568,quaternary/Tb/new-R-3m/Al3C3Fe14Gd2_sub,new-R-3m,29.037999999999997,12.380766358799518,0.2727272727272727
Fe,Be3Fe6GdNb2_sub,0.6464850914523332,12.0,6.0,False,True,157.36,3.0624002731840907,3.0624007810338543,6.0,1.0,0.167,0.0242169373549884,7.009,1.447,quaternary/Tb/new-R-3m/Be3Fe6GdNb2_sub,new-R-3m,17.363999999999997,12.598039903001492,0.41666666666666663
Fe+Co,CoFe8GdLu2_sub,0.5300195126849864,18.0,9.0,False,True,304.43,2.930608428010047,3.132734756308597,6.111111111111111,0.8888888888888888,0.231,0.033473409650775256,7.09,2.1246666666666663,quaternary/Tb/new-R-3m/CoFe8GdLu2_sub,new-R-3m,40.50599999999999,14.982597373688096,0.16666666666666663
Fe+Co,CoFe8GdSc2_sub,0.5364513494044618,18.0,9.0,True,True,280.72,2.887195752001033,3.1026075382248433,6.111111111111111,0.8888888888888888,0.222,0.03217391304347826,7.078,1.932666666666667,quaternary/Tb/new-R-3m/CoFe8GdSc2_sub,new-R-3m,36.966,14.342952203737708,0.16666666666666663
Fe,Fe8GdOsSc2_sub,0.49539228008201774,18.0,8.0,False,True,267.75,2.885598090194702,3.104723692926538,6.0,1.0,0.209,0.030294245542832294,7.064,2.0895,quaternary/Tb/new-R-3m/Fe8GdOsSc2_sub,new-R-3m,38.25599999999999,14.686646638495047,0.25
Fe,Fe8GdOsZr2_sub,0.4756280599706782,18.0,8.0,True,True,246.02,2.8926444941291725,3.108026635623567,6.0,1.0,0.199,0.028840579710144927,7.053,1.998125,quaternary/Tb/new-R-3m/Fe8GdOsZr2_sub,new-R-3m,36.669,14.728256405817092,0.25
Fe+Co,Co2Fe7GdLu2_sub,0.5178972127276774,18.0,9.0,False,True,290.98,2.929407068393591,3.131322293646149,6.222222222222222,0.7777777777777778,0.227,0.032889017676035935,7.086,2.1255555555555556,quaternary/Tb/new-R3m/Co2Fe7GdLu2_sub,new-R3m,39.644999999999996,14.975533389045774,0.16666666666666663
Fe+Co,Co2Fe7GdSc2_sub,0.444625363788101,18.0,9.0,False,True,206.87,2.8775694680997854,3.0963827095499457,6.222222222222222,0.7777777777777778,0.188,0.02725032613422235,7.038,1.8369999999999997,quaternary/Tb/new-R3m/Co2Fe7GdSc2_sub,new-R3m,33.053999999999995,14.285403479968416,0.16666666666666663
Fe+Co,CoFe8GdZr2_sub,0.4717839028410281,18.0,9.0,False,True,248.6,2.881574029158541,3.1022723407241055,6.111111111111111,0.8888888888888888,0.204,0.029565217391304344,7.058,2.080111111111111,quaternary/Tb/new-R3m/CoFe8GdZr2_sub,new-R3m,37.32899999999999,14.412074494648023,0.16666666666666663
Fe,Fe9GdHfSc_sub,0.5116253360406657,18.0,9.0,True,True,260.13,2.881438910973079,3.099632104237399,6.0,1.0,0.21,0.030439194086099432,7.064,1.9301111111111113,quaternary/Tb/new-R3m/Fe9GdHfSc_sub,new-R3m,35.98800000000001,14.258290700108786,0.16666666666666663
Fe,Fe9GdHfTa_sub,0.44025465033382755,18.0,9.0,True,True,220.0,2.8595445032746016,3.09096893039961,6.0,1.0,0.187,0.02711323763955343,7.036,1.9089999999999998,quaternary/Tb/new-R3m/Fe9GdHfTa_sub,new-R3m,35.510999999999996,13.985427353794622,0.16666666666666663
Fe,Fe9GdScTi_sub,0.4905133291803734,18.0,9.0,False,True,259.26,2.860779529698192,3.086778013394849,6.0,1.0,0.208,0.030153667729776748,7.062,2.014111111111111,quaternary/Tb/new-R3m/Fe9GdScTi_sub,new-R3m,37.422000000000004,13.972444739017421,0.16666666666666663
Fe,Fe9GdScZr_sub,0.5050428421013394,18.0,9.0,False,True,269.62,2.88965815049654,3.1061332245735285,6.0,1.0,0.214,0.031018988259167993,7.07,2.035888888888889,quaternary/Tb/new-R3m/Fe9GdScZr_sub,new-R3m,37.754999999999995,14.410577238688967,0.16666666666666663
Fe+Co,CoFe3GdLu_sub,0.9592116180064635,12.0,4.0,False,True,325.65,2.9755732954284047,2.9816306471206064,6.25,0.75,0.275,0.03989554620629625,7.138,1.98175,quaternary/Tm/CaCu5-RT4X/CoFe3GdLu_sub,CaCu5-RT4X,23.781000000000002,15.493952590850524,0.16666666666666663
Fe,Al4CFe13Gd2_sub,0.5177219087189318,13.0,6.5,False,True,179.54,2.9953286850092566,3.149533839630799,6.0,1.0,0.188,0.0272463768115942,7.022,1.9585384615384613,quaternary/Tm/new-C2_m/Al4CFe13Gd2_sub,new-C2_m,24.692999999999998,13.204854944497791,0.25
Fe+Co,Co2Fe7GdZr2_sub,0.4905037561538572,18.0,9.0,True,True,232.53,2.8619552983310066,3.092697879692705,6.222222222222222,0.7777777777777778,0.201,0.02913888083502465,7.052,1.8233333333333333,quaternary/Tm/new-Cm/Co2Fe7GdZr2_sub,new-Cm,33.612,14.256935342492305,0.16666666666666663
Fe,Al2Fe8GdMo2_sub,0.5576277705720142,14.0,8.0,False,True,203.22,3.081622242010133,3.1849564259254666,6.0,1.0,0.195,0.028269063496665702,7.036,1.91625,quaternary/Tm/new-Immm/Al2Fe8GdMo2_sub,new-Immm,25.897999999999996,13.56431369687801,0.3076923076923077
Fe,Fe8Ga2GdRe2_sub,0.5082623916747255,14.0,8.0,False,True,188.66,3.0803002134261774,3.1815967613926186,6.0,1.0,0.189,0.02739924615830676,7.021,1.966,quaternary/Tm/new-Immm/Fe8Ga2GdRe2_sub,new-Immm,26.434000000000005,13.424647856288924,0.3076923076923077
Fe,Fe9GdLuY_sub,0.9899541082307405,12.0,9.0,False,True,339.16,2.91600614781787,2.952547363195007,6.0,1.0,0.281,0.04078374455732947,7.142,2.044166666666667,quaternary/Tm/new-P-3m1/Fe9GdLuY_sub,new-P-3m1,23.985,14.886929283995842,0.16666666666666663
Fe,Fe18GdHf4Lu_sub,0.4671285927560933,18.0,18.0,False,True,245.34,2.8726934388872736,3.0907847525537857,6.0,1.0,0.201,0.029143105698129623,7.053,2.007222222222223,quaternary/Tm/new-P-6m2/Fe18GdHf4Lu_sub,new-P-6m2,37.233000000000004,14.163195487612327,0.20833333333333337
Fe,Fe18Gd2LuY3_sub,1.0475734773057006,12.0,9.0,False,True,363.31,2.928571765506599,2.9697558858300623,6.0,1.0,0.2865,0.04156692056583242,7.1475,2.0962777777777775,quaternary/Tm/new-P3m1/Fe18Gd2LuY3_sub,new-P3m1,24.261000000000003,15.091862456415198,0.16666666666666663
Fe,BFe3GdSi_sub,0.7749214495693799,12.0,3.0,False,True,178.96,2.929483194238334,3.0457874398780533,6.0,1.0,0.1905,0.027640742890307605,7.022,1.3703333333333336,quaternary/Tm/new-P6_mmm/BFe3GdSi_sub,new-P6_mmm,16.444,12.436627187106074,0.33333333333333337
Fe,Fe7Gd2NiSi4_sub,0.6554947009604106,12.0,4.0,False,True,125.15,3.0757254783431835,3.1394772977375265,6.25,0.875,0.158,0.02292180472943566,6.979,1.139875,quaternary/Tm/new-Pm/Fe7Gd2NiSi4_sub,new-Pm,13.6785,13.287564214722442,0.2857142857142857
Fe,Fe7Gd2OsSi4_sub,0.49166408884277224,10.5,3.5,False,True,96.89,3.06047022484685,3.1558032911802463,6.0,1.0,0.1395,0.020234986945169713,6.96,1.348285714285714,quaternary/Tm/new-Pm/Fe7Gd2OsSi4_sub,new-Pm,14.157,13.630666548962767,0.3571428571428571
Fe,Be3C3Fe14Gd2_sub,0.40765448906550117,16.0,7.0,False,True,150.5,2.9913553187990343,3.0921727394894094,6.0,1.0,0.16,0.023215322112594312,6.985,1.667571428571429,quaternary/Tm/new-R-3m/Be3C3Fe14Gd2_sub,new-R-3m,26.427000000000007,11.258729493810423,0.2727272727272727
Fe+Co,CoFe13Gd2Y2_sub,0.9856704145318377,12.0,7.0,False,True,327.48,2.9069737986169324,2.954642091685796,6.071428571428571,0.9285714285714286,0.274,0.039762008416775504,7.133,2.085,quaternary/Tm/new-R-3m/CoFe13Gd2Y2_sub,new-R-3m,23.288999999999998,14.703532046099301,0.11111111111111116
Fe,Fe8GdScZr2_sub,0.9893599791565442,12.0,8.0,False,True,334.39,2.931588488824438,2.944955185967133,6.0,1.0,0.259,0.0375961678037451,7.126,1.96525,quaternary/Tm/new-R3m/Fe8GdScZr2_sub,new-R3m,23.715,14.761229811990674,0.25
Fe,Al5C2Fe12GdSm_sub,0.32886425410681186,13.0,12.0,False,True,111.81,3.0998265196604606,3.2219666122921877,6.0,1.0,0.155,0.022454005504852964,6.983,1.9195000000000002,quinary/Dy/ThMn12-stabilized/Al5C2Fe12GdSm_sub,ThMn12-stabilized,24.344,13.309393273449771,0.38095238095238093
Fe,AlC3Fe14Gd2Si2_sub,0.35219117841875863,16.0,7.0,False,True,137.34,3.0858001514583155,3.1518696135569826,6.0,1.0,0.156,0.022618529795563287,6.981,1.7721428571428568,quinary/Dy/new-C2_m/AlC3Fe14Gd2Si2_sub,new-C2_m,27.929999999999993,12.046711312342778,0.2727272727272727
Fe,C3Fe11Gd2Mn3Si3_sub,0.3927924644664635,16.0,7.0,False,True,121.73,3.087882250888497,3.1387857973022895,5.785714285714286,0.7857142857142857,0.143,0.020739666424945614,6.963,1.3810714285714283,quinary/Dy/new-R32/C3Fe11Gd2Mn3Si3_sub,new-R32,22.254000000000005,11.847786321327822,0.2727272727272727
Fe,Be3C3Fe12Gd2Mn2_sub,0.4191982728362194,16.0,7.0,False,True,145.38,2.996013498687891,3.098519120101349,5.857142857142857,0.8571428571428571,0.153,0.02219965177016831,6.976,1.5501428571428573,quinary/Er/new-C2/Be3C3Fe12Gd2Mn2_sub,new-C2,24.857000000000006,11.30379658112735,0.2727272727272727
Fe,Al2BeC3Fe14Gd2_sub,0.3849312335046112,16.0,7.0,False,True,150.36,3.075495956888757,3.138614368927773,6.0,1.0,0.161,0.023343482673626213,6.988,1.766,quinary/Er/new-C2_m/Al2BeC3Fe14Gd2_sub,new-C2_m,27.948999999999998,11.910016185879401,0.2727272727272727
Fe,Al2C3Fe14Gd2Si_sub,0.36849398993084526,16.0,7.0,False,True,143.44,3.088917626747704,3.1477083789320135,6.0,1.0,0.159,0.023053501522401043,6.985,1.7618571428571426,quinary/Er/new-C2_m/Al2C3Fe14Gd2Si_sub,new-C2_m,27.863999999999997,12.070787166541832,0.2727272727272727
Fe,AlBe2C3Fe14Gd2_sub,0.3908371168207964,16.0,7.0,False,True,151.52,3.0447506128404767,3.122306739923275,6.0,1.0,0.161,0.0233502538071066,6.987,1.7531428571428571,quinary/Er/new-C2_m/AlBe2C3Fe14Gd2_sub,new-C2_m,27.742999999999995,11.657300907881826,0.2727272727272727
Fe,C3CeFe14GdSi3_sub,0.3331475563701578,16.0,14.0,False,True,126.87,3.091563828677496,3.1437902859121034,6.0,1.0,0.151,0.02189992748368383,6.974,1.7467857142857142,quinary/Er/new-R3m/C3CeFe14GdSi3_sub,new-R3m,27.303000000000004,11.986405202052133,0.31818181818181823
Fe,C3Fe14GdSi3Y_sub,0.33176384253371516,16.0,14.0,False,True,126.82,3.073297602434478,3.1403696750293255,6.0,1.0,0.151,0.02189675174013921,6.973,1.750071428571428,quinary/Er/new-R3m/C3Fe14GdSi3Y_sub,new-R3m,27.409999999999997,11.912541399809705,0.31818181818181823
Fe,Be3C3Fe14GdLu_sub,0.40152564418374986,16.0,14.0,False,True,151.95,2.9987756147016733,3.098597878214851,6.0,1.0,0.161,0.023353640847113433,6.986,1.7070714285714286,quinary/Ho/new-R3m/Be3C3Fe14GdLu_sub,new-R3m,27.084999999999994,11.319100510636831,0.31818181818181823
Fe,C3Fe14GdNdSi3_sub,0.3178536247263221,16.0,14.0,False,True,123.79,3.0707314913033854,3.153615747337955,6.0,1.0,0.15,0.021751740139211138,6.973,1.7850714285714286,quinary/Ho/new-R3m/C3Fe14GdNdSi3_sub,new-R3m,27.926000000000002,12.072847878733855,0.31818181818181823
Fe,C3Fe14GdScSi3_sub,0.34845567157454915,16.0,14.0,False,True,131.1,3.0762520510398006,3.125927321038316,6.0,1.0,0.152,0.022038567493112945,6.975,1.7153571428571428,quinary/Ho/new-R3m/C3Fe14GdScSi3_sub,new-R3m,26.970000000000002,11.72343659273082,0.31818181818181823
Fe,C3Fe14GdSi3Sm_sub,0.3238514458885999,16.0,14.0,False,True,124.92,3.0766732419426583,3.1470794408413587,6.0,1.0,0.15,0.021751740139211138,6.973,1.7662142857142857,quinary/Ho/new-R3m/C3Fe14GdSi3Sm_sub,new-R3m,27.659,11.99012250790135,0.31818181818181823
Fe,Al3C2Fe14GdSm_sub,0.44414186897694585,15.0,14.0,False,True,172.82,3.0500621507445707,3.1847320477845735,6.0,1.0,0.18,0.026083176351253443,7.012,1.8972142857142857,quinary/Tb/new-Cm/Al3C2Fe14GdSm_sub,new-Cm,27.746000000000002,12.866655464217242,0.2857142857142857
Fe,Be3C3Fe13Gd2Mn_sub,0.4201235770339138,16.0,7.0,False,True,147.28,2.9949353786358994,3.095021646870069,5.928571428571429,0.9285714285714286,0.157,0.02278003482298317,6.98,1.572714285714286,quinary/Tm/new-C2/Be3C3Fe13Gd2Mn_sub,new-C2,25.112000000000002,11.278013210821085,0.2727272727272727
Fe,Al2B2Fe6GdSm_sub,0.6226761333760213,12.0,6.0,False,True,172.41,2.951433868134538,2.9519405310341083,6.0,1.0,0.193,0.02799941970114609,7.019,1.643666666666667,quinary/Tm/new-P6_mmm/Al2B2Fe6GdSm_sub,new-P6_mmm,19.724000000000004,13.416717498948104,0.41666666666666663
Fe,B2Fe6GdLuSi2_sub,0.8896657214402083,12.0,6.0,False,True,192.31,3.157334266270825,3.1577513223542266,6.0,1.0,0.187,0.027121102248005804,7.02,1.2830000000000001,quinary/Tm/new-P6_mmm/B2Fe6GdLuSi2_sub,new-P6_mmm,15.396,12.362503266578587,0.41666666666666663
Fe,B2Fe6GdScSi2_sub,0.8970281723183363,12.0,6.0,False,True,201.26,3.1546728884068793,3.1550456117494075,6.0,1.0,0.188,0.027270089933275312,7.021,1.3315,quinary/Tm/new-P6_mmm/B2Fe6GdScSi2_sub,new-P6_mmm,15.978000000000002,12.232487618965026,0.41666666666666663
Fe,B2Fe6GdSi2Y_sub,0.740659070056366,12.0,6.0,False,True,170.36,2.9398222675598564,2.9404804956982034,6.0,1.0,0.177,0.025689404934687955,7.004,1.3683333333333334,quinary/Tm/new-P6_mmm/B2Fe6GdSi2Y_sub,new-P6_mmm,16.42,12.60727222652386,0.41666666666666663
Fe,Be3C3Fe14GdY_sub,0.39333583931022714,16.0,14.0,False,True,150.89,3.0043242913986123,3.1045064374290274,6.0,1.0,0.16,0.023211954156390543,6.985,1.734,quinary/Tm/new-R3m/Be3C3Fe14GdY_sub,new-R3m,27.46,11.407707071148131,0.31818181818181823
Fe+Co,Co19Fe4Gd6_sub,0.8271808369785251,12.0,3.8333333333333335,False,True,220.87,2.812316876203933,2.9436643431222382,6.826086956521739,0.17391304347826086,0.242,0.035067381538907406,7.105,1.5747391304347824,ternary/Dy/new-C2_m/Co19Fe4Gd6_sub,new-C2_m,18.790666666666667,14.379639769153842,0.0
Fe,AlFe2Gd_sub,0.6717094933169134,7.0,2.0,False,True,132.63,2.7902652480540007,3.0457061719405125,6.0,1.0,0.182,0.02636916835699797,7.018,2.00375,ternary/Dy/new-Pmm2/AlFe2Gd_sub,new-Pmm2,14.067499999999999,17.08252285835646,0.25
Fe,Fe2GaGd_sub,0.6779140964374765,7.0,2.0,False,True,134.65,2.800719786579,3.0565605901677033,6.0,1.0,0.1855,0.02687237433000145,7.0205,2.0165,ternary/Dy/new-Pmm2/Fe2GaGd_sub,new-Pmm2,14.146000000000003,16.92006423588719,0.25
Co,Co9GdZr2_sub,0.43535108470173406,18.0,9.0,True,True,144.96,2.820400050386823,3.0459868479832877,7.0,0.0,0.172,0.02494199535962877,7.007,1.281777777777778,ternary/Dy/new-R-3m/Co9GdZr2_sub,new-R-3m,23.76,13.686806656924132,0.16666666666666663
Co,CeCo17Gd_sub,0.5496226572472932,19.0,17.0,False,True,227.86,2.978560016654894,3.0657927836919057,7.0,0.0,0.206,0.029842097638707807,7.053,1.5608823529411764,ternary/Dy/new-R3m/CeCo17Gd_sub,new-R3m,29.39,12.754763898112314,0.052631578947368474
Fe,Fe8GdY3_sub,0.9362672600075748,12.0,8.0,True,True,340.94,3.0121328660607634,3.0130905369041803,6.0,1.0,0.297,0.043074691805656276,7.157,2.112625,ternary/Dy/new-R3m/Fe8GdY3_sub,new-R3m,25.440000000000005,16.01654765236903,0.25
Fe,Fe9Gd2Sc_sub,0.7634666405335759,15.0,4.5,True,True,315.19,2.895876893295169,3.03138813860159,6.0,1.0,0.2435,0.03532056861038584,7.103,1.9407777777777777,ternary/Dy/new-R3m/Fe9Gd2Sc_sub,new-R3m,29.061,14.540387787400165,0.08333333333333337
Fe+Co,Co2Fe7Gd3_sub,0.7527270933971775,14.0,3.0,False,True,314.06,2.9256806914185587,3.0530164559652944,6.222222222222222,0.7777777777777778,0.267,0.03870500120802126,7.1306666666666665,2.1388888888888884,ternary/Er/RT3-PuNi3/Co2Fe7Gd3_sub,RT3-PuNi3,29.256,15.285766449885813,0.0
Fe+Co,Co16Fe7Gd6_sub,0.204153313620485,12.0,3.8333333333333335,False,True,57.05,2.8206244153815376,2.9298912419967107,6.695652173913044,0.30434782608695654,0.23,0.03333816495144224,7.094,1.6075217391304348,ternary/Er/new-Fm-3m/Co16Fe7Gd6_sub,new-Fm-3m,19.695999999999998,14.240767670341496,0.0
Co,Co22Gd6Hf_sub,0.8200337773200984,12.0,3.6666666666666665,False,True,186.53,2.8588045235418975,2.950475978824835,7.0,0.0,0.222,0.032169250833212586,7.079999999999999,1.3192727272727272,ternary/Er/new-Fm-3m/Co22Gd6Hf_sub,new-Fm-3m,16.063999999999997,14.37703825502864,0.03448275862068961
Co,Co23Gd6N_sub,0.7582776774930814,12.0,3.8333333333333335,False,True,184.35,2.8830930373349797,2.944573816346637,7.0,0.0,0.19300000000000003,0.027995358282564557,7.033,1.4475652173913045,ternary/Er/new-Fm-3m/Co23Gd6N_sub,new-Fm-3m,17.283999999999995,13.469016110118487,0.033333333333333326
Co,Co23GdLu5_sub,0.8217237268414327,12.0,23.0,False,True,195.34,2.802828674387655,2.902322918279719,7.0,0.0,0.207,0.03001304915180513,7.054,1.4149999999999998,ternary/Er/new-I4mm/Co23GdLu5_sub,new-I4mm,16.849999999999998,13.688397132172494,0.1724137931034483
Fe,Al2Fe10Gd_sub,0.5429800398808794,16.0,10.0,False,True,251.3,3.0037229832929304,3.1153902732426397,6.0,1.0,0.217,0.03146295490793098,7.059,2.1178,ternary/Er/new-Immm/Al2Fe10Gd_sub,new-Immm,32.78199999999999,13.01778178183518,0.15384615384615385
Fe+Co,Co21Fe2Gd6_sub,0.15057290173113835,12.0,3.8333333333333335,False,True,36.36,2.8045016559143954,2.9186236269468746,6.913043478260869,0.08695652173913043,0.22866666666666668,0.03314970522856867,7.087,1.431478260869565,ternary/Er/new-Immm/Co21Fe2Gd6_sub,new-Immm,17.03666666666667,14.009145235222057,0.0
Fe+Co,Co9Fe5Gd4_sub,0.6852203371040669,15.0,3.5,False,True,244.37,2.8614661869458895,3.031963154317275,6.642857142857143,0.35714285714285715,0.23,0.033347832390894595,7.084,1.758214285714286,ternary/Er/new-R-3m/Co9Fe5Gd4_sub,new-R-3m,25.171499999999998,14.424038231477015,0.0
Co,Co9GdSc2_sub,0.5886051109949975,18.0,9.0,True,True,198.24,2.810408623566727,3.03698308847223,7.0,0.0,0.201,0.029143105698129623,7.043,1.3098888888888887,ternary/Er/new-R-3m/Co9GdSc2_sub,new-R-3m,23.909999999999997,13.587273540903224,0.16666666666666663
Fe,Fe7GdY_sub,0.9892956437603599,12.0,7.0,False,True,341.34,2.9065864325996817,2.9571854468783116,6.0,1.0,0.28,0.04063270933101147,7.14,2.073214285714286,ternary/Er/new-R-3m/Fe7GdY_sub,new-R-3m,24.162,14.727537092635897,0.11111111111111116
Fe,Fe9GdNb2_sub,0.4010360036458673,18.0,9.0,False,True,201.73,2.8358565640249185,3.0646513222836096,6.0,1.0,0.173,0.0250942848854076,7.018,1.9247777777777775,ternary/Er/new-R-3m/Fe9GdNb2_sub,new-R-3m,35.83799999999999,13.634712413496752,0.16666666666666663
Fe,Fe9GdTa2_sub,0.4038707844865683,18.0,9.0,True,True,198.57,2.8294597984787546,3.0656251656353075,6.0,1.0,0.173,0.0250942848854076,7.017,1.8835555555555556,ternary/Er/new-R-3m/Fe9GdTa2_sub,new-R-3m,35.034,13.59328684171498,0.16666666666666663
Fe,Fe9GdTi2_sub,0.4450946971190703,18.0,9.0,False,True,226.19,2.81670890874824,3.052897579205189,6.0,1.0,0.188,0.027270089933275312,7.037,1.946,ternary/Er/new-R-3m/Fe9GdTi2_sub,new-R-3m,36.108,13.42965325253298,0.16666666666666663
Fe,Al5Fe18Gd6_sub,0.9106272361199326,9.5,3.0,False,True,256.21,2.9403472205613155,3.020071366268485,6.0,1.0,0.26,0.03768935275784592,7.1194999999999995,2.049055555555556,ternary/Er/new-R3m/Al5Fe18Gd6_sub,new-R3m,19.7595,15.006472187153213,0.1724137931034483
Fe,Fe14GdY3_sub,1.055421440755809,12.0,14.0,False,True,361.6,2.916447347495198,2.9687194919817745,6.0,1.0,0.284,0.0412071967498549,7.144,2.059,ternary/Er/new-R3m/Fe14GdY3_sub,new-R3m,23.979,14.799480838599825,0.16666666666666663
Fe,AlFe4Gd_nat,0.8354228415311478,12.0,4.0,False,True,276.69,2.916518447137555,2.9165216322667646,6.0,1.0,0.225,0.032674992738890504,7.066,1.953,ternary/Gd/CaCu5-RT4X/AlFe4Gd_nat,CaCu5-RT4X,23.435999999999996,14.477440035926385,0.16666666666666663
Co,BCo4Gd_nat,0.6208619680638052,15.0,4.0,False,True,131.71,2.9115890468689685,3.018526785933348,7.0,0.0,0.1695,0.02457412105835448,7.0055,1.04825,ternary/Gd/CaCu5-RT4X/BCo4Gd_nat,CaCu5-RT4X,15.140999999999996,12.439464531012518,0.16666666666666663
Fe,BFe4Gd_nat,0.5895868845113863,15.0,4.0,False,True,260.65,2.9437589228015053,3.072339991460192,6.0,1.0,0.213,0.030882992605480643,7.061,2.1130000000000004,ternary/Gd/CaCu5-RT4X/BFe4Gd_nat,CaCu5-RT4X,31.305,13.206809509223502,0.16666666666666663
Co,Co4GdSi_nat,0.6804289994897352,15.0,4.0,False,True,155.34,2.9302559723784816,3.1014842347580838,7.0,0.0,0.175,0.02536599507174953,7.009,1.1115,ternary/Gd/CaCu5-RT4X/Co4GdSi_nat,CaCu5-RT4X,16.285999999999998,13.804568367679584,0.16666666666666663
Fe,Fe4GaGd_nat,0.8355964462054943,12.0,4.0,False,True,284.48,2.9202637796836837,2.9202664282463324,6.0,1.0,0.228,0.03311065930874238,7.068,2.007,ternary/Gd/CaCu5-RT4X/Fe4GaGd_nat,CaCu5-RT4X,24.084000000000007,14.538036569875556,0.16666666666666663
Fe+Co,CoFe3Gd2_nat,0.9235919027004477,12.0,2.0,False,True,329.15,3.0271543985575122,3.027891831802973,6.25,0.75,0.293,0.042469923177272065,7.164,2.07275,ternary/Gd/Laves-C14/CoFe3Gd2_nat,Laves-C14,24.872999999999998,16.23269877132171,0.0
Fe,BFe14Gd2_nat,0.5674239843432296,16.0,7.0,False,True,304.34,3.0073172409633204,3.1269801235666828,6.0,1.0,0.23,0.03331402085747393,7.0905000000000005,2.3648571428571428,ternary/Gd/Nd2Fe14B/BFe14Gd2_nat,Nd2Fe14B,37.822,13.412083445700187,0.05882352941176472
Fe,CFe14Gd2_nat,0.579250404417663,16.0,7.0,False,True,290.14,2.9195849762529087,3.081710536236883,6.0,1.0,0.2245,0.03253623188405797,7.080500000000001,2.2084285714285716,ternary/Gd/Nd2Fe14B/CFe14Gd2_nat,Nd2Fe14B,35.370999999999995,12.732493870718347,0.05882352941176472
Fe,C3Fe17Gd2_nat,0.3491341557686809,19.0,8.5,False,True,197.74,3.0462927370492663,3.1895344163963077,6.0,1.0,0.175,0.02536599507174953,7.008,2.150529411764706,ternary/Gd/Th2Zn17-interstitial/C3Fe17Gd2_nat,Th2Zn17-interstitial,40.40899999999999,12.288164826979056,0.13636363636363635
Fe,C3Fe34Gd4_nat,0.43747611813408754,19.0,8.5,False,True,264.7,3.0297188985299757,3.1703238764556256,6.0,1.0,0.20450000000000002,0.02963338646572961,7.052,2.2735,ternary/Gd/Th2Zn17-interstitial/C3Fe34Gd4_nat,Th2Zn17-interstitial,42.89999999999999,12.89877158424274,0.07317073170731703
Fe,CFe17Gd2_nat,0.7531804095461002,19.0,8.5,False,True,378.14,2.9842494871872436,3.1186128579243375,6.0,1.0,0.18,0.02609830361026533,7.021,1.8938823529411768,ternary/Gd/Th2Zn17-interstitial/CFe17Gd2_nat,Th2Zn17-interstitial,35.754,12.592782498554389,0.050000000000000044
Fe,Fe17Gd2H3_nat,0.052857123802664205,19.0,8.5,False,True,27.74,2.97760320137471,3.1490902650153028,6.0,1.0,0.188,0.027242428633531372,7.035,1.834,ternary/Gd/Th2Zn17-interstitial/Fe17Gd2H3_nat,Th2Zn17-interstitial,37.3,11.780742445570086,0.13636363636363635
Fe,Fe17Gd2N2_nat,0.37992683126955223,19.0,8.5,False,True,232.48,3.0569057516008096,3.1558853612158337,6.0,1.0,0.173,0.025090645395213922,7.007,2.306352941176471,ternary/Gd/Th2Zn17-interstitial/Fe17Gd2N2_nat,Th2Zn17-interstitial,43.66400000000001,12.423515573699866,0.09523809523809523
Co,Co9GdSi4_nat,0.27327542549820383,16.0,9.0,False,True,36.91,3.1312816377432315,3.21237401783148,7.0,0.0,0.106,0.015348971908485375,6.925,0.5820000000000001,ternary/Gd/new-I4_mcm/Co9GdSi4_nat,new-I4_mcm,9.751999999999999,12.153217662866677,0.2857142857142857
Fe,Fe11GdW_nat,0.4800544981157551,19.0,11.0,False,True,263.16,3.007886723938434,3.1219443866330936,6.0,1.0,0.204,0.02956093319808723,7.057,2.0805454545454545,ternary/Gd/new-Imm2/Fe11GdW_nat,new-Imm2,38.839999999999996,13.163456908916391,0.07692307692307687
Co,Co5GdMo_nat,0.49825290031406005,18.0,10.0,False,True,169.26,2.962770985394509,3.097453169014718,7.0,0.0,0.177,0.025652173913043474,7.017,1.3763999999999998,ternary/Gd/new-Immm/Co5GdMo_nat,new-Immm,24.206,13.030964943213093,0.15384615384615385
Fe,Fe5GdSi_nat,0.5014701981416546,16.0,10.0,False,True,235.4,2.9468634351594276,3.0745977770131327,6.0,1.0,0.207,0.03002610966057441,7.042,2.1404000000000005,ternary/Gd/new-Immm/Fe5GdSi_nat,new-Immm,33.33,12.6897955576434,0.15384615384615385
Fe,Fe5GdV_nat,0.48204633819134635,18.0,10.0,False,True,241.09,3.027432325692287,3.1176063895280732,6.0,1.0,0.192,0.027826086956521737,7.045,2.0164,ternary/Gd/new-Immm/Fe5GdV_nat,new-Immm,35.495999999999995,12.992879674609497,0.15384615384615385
Co,Co17GdSm_nat,0.5405731855790911,19.0,17.0,False,True,225.58,2.97082975440465,3.0642716948972386,7.0,0.0,0.206,0.029842097638707807,7.053,1.5674117647058825,ternary/Gd/new-R3m/Co17GdSm_nat,new-R3m,29.582999999999995,12.647551789384286,0.052631578947368474
Co,Co23Gd3Y3_nat,0.8350118009725972,12.0,7.666666666666667,False,True,202.61,2.8243307000959716,2.9405815137802334,7.0,0.0,0.225,0.03260397043906681,7.078,1.4345217391304346,ternary/Gd/new-R3m/Co23Gd3Y3_nat,new-R3m,17.140666666666664,14.279774313377958,0.10344827586206895
Co,CeCo22Gd_sub,0.37834113983370415,22.0,22.0,False,True,184.5,3.0244429914664224,3.146766386945897,7.0,0.0,0.186,0.02692530399536769,7.032,1.5756363636363637,ternary/Ho/new-I-4m2/CeCo22Gd_sub,new-I-4m2,34.674,12.502796869388213,0.04166666666666663
Fe,Fe18GdY5_sub,1.0319757046186504,12.0,18.0,False,True,368.51,2.947528066616006,2.9879889032350846,6.0,1.0,0.293,0.04250072526834928,7.155,2.116722222222222,ternary/Ho/new-P3m1/Fe18GdY5_sub,new-P3m1,24.954000000000004,15.230528557545766,0.20833333333333337
Fe,Fe2GdZn_sub,0.8756932201181675,7.0,2.0,False,True,166.1,2.7626058244799996,3.0354265399249587,6.0,1.0,0.2065,0.02990369994931576,7.0515,1.93325,ternary/Ho/new-Pmm2/Fe2GdZn_sub,new-Pmm2,13.4495,16.67617653311094,0.25
Fe,Fe9Gd2Y_sub,1.0956103709681386,12.0,4.5,True,True,351.66,2.930426112945633,2.972662633310805,6.0,1.0,0.281,0.04077190946024376,7.147,1.9453333333333331,ternary/Ho/new-R-3m/Fe9Gd2Y_sub,new-R-3m,22.455,15.083508768503144,0.08333333333333337
Fe,Fe9GdZr2_sub,0.4746864714870131,18.0,9.0,False,True,254.64,2.8830963080042036,3.099211870115801,6.0,1.0,0.207,0.03000869817338359,7.061,2.0584444444444445,ternary/Ho/new-R-3m/Fe9GdZr2_sub,new-R-3m,37.986,14.337871239199083,0.16666666666666663
Fe+Co,Co15Fe8Gd6_sub,1.295830428798955,12.0,3.8333333333333335,False,True,385.8,2.81818885340125,2.9375701110758277,6.6521739130434785,0.34782608695652173,0.24450000000000002,0.03543478260869566,7.109999999999999,1.7223043478260869,ternary/Ho/new-R3m/Co15Fe8Gd6_sub,new-R3m,20.936999999999998,14.329624937768365,0.0
Fe+Co,Co16FeGd2_sub,0.5328951283694232,19.0,8.5,False,True,226.47,2.9592350987964022,3.067442297878317,6.9411764705882355,0.058823529411764705,0.2065,0.029914529914529916,7.0535,1.6300000000000001,ternary/Tb/Th2Zn17/Co16FeGd2_sub,Th2Zn17,30.125500000000002,12.74851399149293,0.0
Co,Co6GdY3_sub,0.3060964633308262,10.0,6.0,True,True,56.95,2.882555493547959,3.0227015493247285,7.0,0.0,0.15,0.021732831063459867,6.985,1.3020000000000003,ternary/Tb/new-Cm/Co6GdY3_sub,new-Cm,13.318,17.778015988530626,0.30000000000000004
Fe,Fe10GdY_sub,0.5239525421303244,18.0,10.0,False,True,278.37,2.8896221107499995,3.0902884425526205,6.0,1.0,0.203,0.029428819947810964,7.056,2.0928999999999998,ternary/Tb/new-Pmmm/Fe10GdY_sub,new-Pmmm,37.647999999999996,14.30095897398695,0.08333333333333337
Fe,Fe9GdHf2_sub,0.4607617995906065,18.0,9.0,False,True,245.79,2.8777209135276762,3.1021276831428466,6.0,1.0,0.202,0.029283850391417805,7.055,2.0394444444444444,ternary/Tb/new-R-3m/Fe9GdHf2_sub,new-R-3m,37.806,14.237532548873252,0.16666666666666663
Fe,Fe9GdLu2_sub,0.5477807836747826,18.0,9.0,False,True,288.69,2.924123743248107,3.1246689157701373,6.0,1.0,0.222,0.03217391304347826,7.079,2.001888888888889,ternary/Tb/new-R-3m/Fe9GdLu2_sub,new-R-3m,37.22399999999999,14.863680312799827,0.16666666666666663
Fe,Fe9GdSc2_sub,0.5342932731887823,18.0,9.0,False,True,277.54,2.8859849814147096,3.1002220189415532,6.0,1.0,0.216,0.031308885345702274,7.072,1.9677777777777778,ternary/Tb/new-R-3m/Fe9GdSc2_sub,new-R-3m,36.726000000000006,14.305430247072378,0.16666666666666663
Co,Co16Gd2Ti_sub,0.5738071897650887,18.5,8.0,False,True,219.23,2.9387091108106156,3.0759793358445884,7.0,0.0,0.206,0.029842097638707807,7.0525,1.4660625,ternary/Tb/new-R3m/Co16Gd2Ti_sub,new-R3m,27.087000000000003,12.884524530603837,0.052631578947368474
Co,Co17GdY_sub,0.5373748531557921,19.0,17.0,False,True,225.71,2.964491548079296,3.0709202803804434,7.0,0.0,0.207,0.02998696219035202,7.054,1.578529411764706,ternary/Tb/new-R3m/Co17GdY_sub,new-R3m,29.77199999999999,12.754557832270525,0.052631578947368474
Fe,Fe9Gd2Zr_sub,0.7337273679520959,15.0,4.5,True,True,307.55,2.88328575022457,3.042369175500764,6.0,1.0,0.2405,0.034885407600812296,7.1025,1.972111111111111,ternary/Tb/new-R3m/Fe9Gd2Zr_sub,new-R3m,29.508000000000003,14.705995977113412,0.08333333333333337
Fe,Fe4GdLu_sub,0.9680164122534202,12.0,4.0,False,True,318.82,2.9753761010120705,2.9753778906044714,6.0,1.0,0.278,0.04034247569293281,7.14,1.922,ternary/Tm/CaCu5-RT4X/Fe4GdLu_sub,CaCu5-RT4X,23.064000000000004,15.399653792672952,0.16666666666666663
Fe,Fe4GdSi_sub,0.49078247984470713,14.0,4.0,False,True,186.05,2.841331437406425,3.0287368880482424,6.0,1.0,0.182,0.026399767914128226,7.016,1.93,ternary/Tm/CaCu5-RT4X/Fe4GdSi_sub,CaCu5-RT4X,27.016,13.911064916367643,0.16666666666666663
Co,BeCo16Gd2_sub,0.5644261688467578,18.0,8.0,False,True,213.15,2.933173761704249,3.0199940272350463,7.0,0.0,0.2,0.028985507246376812,7.045,1.5025,ternary/Tm/new-C2_m/BeCo16Gd2_sub,new-C2_m,26.802000000000003,12.306717288140804,0.052631578947368474
Fe+Co,Co18Fe5Gd6_sub,0.8071976089639726,12.0,3.8333333333333335,False,True,218.97,2.800897412430543,2.9198653769790144,6.782608695652174,0.21739130434782608,0.24066666666666667,0.03488933990528656,7.104333333333334,1.5882173913043476,ternary/Tm/new-C2_m/Co18Fe5Gd6_sub,new-C2_m,19.092000000000002,14.0464905130804,0.0
Fe+Co,Co22FeGd6_sub,0.8879051822899117,12.0,3.8333333333333335,False,True,210.81,2.8019719571055455,2.909488657465811,6.956521739130435,0.043478260869565216,0.24100000000000002,0.03493766309075095,7.1000000000000005,1.435782608695652,ternary/Tm/new-Fm-3m/Co22FeGd6_sub,new-Fm-3m,16.72,13.917484544124614,0.0
Fe+Co,Co7Fe16Gd6_sub,0.7390609183529236,12.0,3.8333333333333335,False,True,268.46,2.8846976820474013,2.952235461396054,6.304347826086956,0.6956521739130435,0.2730000000000001,0.03958242714223577,7.137,2.159739130434782,ternary/Tm/new-Fm-3m/Co7Fe16Gd6_sub,new-Fm-3m,25.447999999999997,14.460075072038943,0.0
Co,Co23GdY5_sub,0.8374362090888083,12.0,23.0,False,True,203.27,2.807756578492862,2.9252365919878898,7.0,0.0,0.212,0.030729091172633713,7.061,1.438826086956522,ternary/Tm/new-I4mm/Co23GdY5_sub,new-I4mm,17.188000000000002,14.306388179698253,0.1724137931034483
Fe+Co,Co17Fe6Gd6_sub,0.7921620636525608,12.0,3.8333333333333335,False,True,222.33,2.813300933384521,2.9266245214433115,6.739130434782608,0.2608695652173913,0.24133333333333332,0.034980915108469825,7.1063333333333345,1.6322608695652174,ternary/Tm/new-Immm/Co17Fe6Gd6_sub,new-Immm,19.747333333333334,14.134384930243701,0.0
Co,Co16Gd2Hf_sub,0.8167195259250195,12.5,8.0,False,True,214.79,2.674554309561729,2.963773310440879,7.0,0.0,0.20450000000000002,0.029639828973113996,7.0489999999999995,1.44121875,ternary/Tm/new-P-3m1/Co16Gd2Hf_sub,new-P-3m1,18.654500000000002,12.931939962224066,0.052631578947368474
Co,Co8GdLu3_sub,0.8790567465222635,12.0,8.0,False,True,172.11,2.9193118511396396,2.938718447402186,7.0,0.0,0.209,0.030320615116785143,7.057,1.1571250000000002,ternary/Tm/new-P3m1/Co8GdLu3_sub,new-P3m1,13.871999999999998,14.796981096968294,0.25
Fe+Co,Co19Fe4Gd6_sub,1.407392076190254,12.0,3.8333333333333335,False,True,370.95,2.807086454710889,2.9199128205650577,6.826086956521739,0.17391304347826086,0.24100000000000002,0.03493766309075095,7.104,1.5539999999999998,ternary/Tm/new-R-3m/Co19Fe4Gd6_sub,new-R-3m,18.551,14.030887004919778,0.0
Fe,Al3Fe20Gd6_sub,0.8311962412831574,10.5,3.3333333333333335,False,True,265.62,2.893725499186506,2.9888891027158424,6.0,1.0,0.2695000000000001,0.03907496012759172,7.131999999999999,2.12975,ternary/Tm/new-R3m/Al3Fe20Gd6_sub,new-R3m,22.403499999999998,14.683694465903615,0.10344827586206895
Co,Co14Ga3Gd2_sub,0.585151020771124,14.5,7.0,False,True,159.65,2.900868417057547,3.074563257803291,7.0,0.0,0.182,0.0263672582397682,7.019,1.368642857142857,ternary/Tm/new-R3m/Co14Ga3Gd2_sub,new-R3m,19.435499999999998,13.000606094374975,0.1578947368421053
Co,Co17GdLu_sub,0.5397597914244417,19.0,17.0,False,True,224.72,2.9355828689078662,3.044392978091057,7.0,0.0,0.206,0.029850746268656716,7.051,1.5668235294117647,ternary/Tm/new-R3m/Co17GdLu_sub,new-R3m,29.523000000000007,12.516481519166724,0.052631578947368474
Co,Co23Gd3Lu3_sub,0.8314664342231582,12.0,7.666666666666667,False,True,199.32,2.8025034255226466,2.9106835050442776,7.0,0.0,0.22,0.031893302406494635,7.071000000000001,1.4215652173913043,ternary/Tm/new-R3m/Co23Gd3Lu3_sub,new-R3m,16.951,13.871200465592608,0.10344827586206895
Fe,Fe8GdZr3_sub,0.9682425575487753,12.0,8.0,False,True,330.72,2.9403994836940264,2.9561508676238084,6.0,1.0,0.256,0.03715529753265603,7.124,1.9935,ternary/Tm/new-R3m/Fe8GdZr3_sub,new-R3m,23.973,14.905846628767511,0.25
